Sequen,Urutan Pengerjaan,Waktu Mulai Pengerjaan,Waktu Selesai Pengerjaan,Qty Produk,Qty Defect
30,4,25/02/10 07:47:41,25/02/10 07:53:04,40,1
30,5,25/02/10 07:53:10,25/02/10 07:54:23,40,0
10,6,25/02/10 07:56:13,25/02/10 07:57:40,40,1
50,7,25/02/10 08:02:08,25/02/10 08:17:59,40,2
50,8,25/02/10 08:18:03,25/02/10 08:19:11,40,0
50,9,25/02/10 08:19:14,25/02/10 08:20:23,40,0
70,10,25/02/10 08:21:34,25/02/10 08:22:57,40,0
70,11,25/02/10 08:23:20,25/02/10 08:24:29,40,0
70,12,25/02/10 08:24:44,25/02/10 08:25:52,40,0
90,13,25/02/10 08:26:38,25/02/10 08:30:13,40,1
90,14,25/02/10 08:30:30,25/02/10 08:31:39,40,0
90,15,25/02/10 08:31:44,25/02/10 08:32:53,40,0
150,16,25/02/10 08:34:57,25/02/10 08:39:55,40,1
150,17,25/02/10 08:39:57,25/02/10 08:41:10,40,0
150,18,25/02/10 08:41:14,25/02/10 08:42:42,40,0
150,19,25/02/10 08:42:44,25/02/10 08:43:58,40,0
150,20,25/02/10 10:10:37,25/02/10 10:12:54,40,1
150,21,25/02/10 10:12:56,25/02/10 10:14:10,40,0
150,22,25/02/10 10:14:19,25/02/10 10:29:26,40,0
110,23,25/02/10 10:29:56,25/02/10 10:31:36,40,0
110,24,25/02/10 10:32:03,25/02/10 10:33:17,40,0
110,25,25/02/10 10:33:21,25/02/10 10:34:34,40,0
110,26,25/02/10 10:34:36,25/02/10 10:35:48,40,0
110,27,25/02/10 10:35:50,25/02/10 10:37:02,40,0
110,28,25/02/10 10:37:05,25/02/10 10:38:18,40,0
130,29,25/02/10 10:38:50,25/02/10 10:40:17,40,0
130,30,25/02/10 10:40:18,25/02/10 10:41:31,40,0
130,31,25/02/10 10:41:33,25/02/10 10:42:45,40,0
130,32,25/02/10 10:42:47,25/02/10 10:45:08,40,1
90,33,25/02/10 10:46:50,25/02/10 10:50:16,40,1
90,34,25/02/10 10:50:38,25/02/10 10:51:59,40,0
90,38,25/02/10 10:53:33,25/02/10 10:54:43,40,0
70,35,25/02/10 10:55:19,25/02/10 10:57:53,40,2
70,36,25/02/10 10:57:58,25/02/10 10:59:06,40,0
70,37,25/02/10 10:59:09,25/02/10 11:00:17,40,0
70,39,25/02/10 11:00:19,25/02/10 11:01:28,40,0
50,40,25/02/10 11:02:00,25/02/10 11:04:16,40,1
50,41,25/02/10 11:04:18,25/02/10 11:05:26,40,0
50,42,25/02/10 11:05:30,25/02/10 11:06:39,40,0
50,43,25/02/10 11:38:04,25/02/10 11:39:50,40,1
70,44,25/02/10 11:40:16,25/02/10 11:41:38,40,0
70,45,25/02/10 11:41:40,25/02/10 11:42:49,40,0
90,46,25/02/10 11:44:04,25/02/10 11:45:28,40,0
90,47,25/02/10 11:45:33,25/02/10 11:46:41,40,0
10,48,25/02/10 11:49:22,25/02/10 11:55:04,40,1
10,49,25/02/10 11:55:07,25/02/10 11:56:20,40,0
10,50,25/02/10 11:56:22,25/02/10 12:00:29,40,0
10,51,25/02/10 12:00:32,25/02/10 12:01:44,40,0
10,52,25/02/10 12:01:58,25/02/10 12:03:10,40,0
10,53,25/02/10 12:03:30,25/02/10 12:04:42,40,0
10,54,25/02/10 12:05:18,25/02/10 12:06:30,40,0
10,55,25/02/10 12:06:39,25/02/10 12:07:51,40,0
30,56,25/02/10 12:12:23,25/02/10 12:59:59,40,3
30,57,25/02/10 13:00:06,25/02/10 13:18:51,40,3
30,58,25/02/10 13:19:19,25/02/10 13:20:32,40,0
30,59,25/02/10 13:21:50,25/02/10 13:23:02,40,0
30,60,25/02/10 13:24:04,25/02/10 13:25:16,40,0
30,61,25/02/10 13:25:19,25/02/10 13:26:31,40,0
30,62,25/02/10 14:13:53,25/02/10 14:16:27,40,1
30,63,25/02/10 14:16:31,25/02/10 14:18:03,40,1
30,64,25/02/10 14:18:05,25/02/10 14:19:17,40,0
10,65,25/02/10 14:20:45,25/02/10 14:25:00,40,2
130,66,25/02/10 14:27:04,25/02/10 14:31:37,40,2
130,67,25/02/10 15:04:57,25/02/10 15:06:26,40,1
130,68,25/02/10 15:06:27,25/02/10 15:07:54,40,0
130,69,25/02/10 15:07:58,25/02/10 15:09:12,40,0
130,70,25/02/10 15:09:22,25/02/10 15:10:35,40,0
130,71,25/02/10 15:10:50,25/02/10 15:12:03,40,0
130,72,25/02/10 15:12:21,25/02/10 15:13:34,40,0
150,73,25/02/10 15:14:32,25/02/10 15:15:55,40,0
150,74,25/02/10 15:16:33,25/02/10 15:17:46,40,0
150,75,25/02/10 15:17:59,25/02/10 15:19:11,40,0
150,76,25/02/10 15:19:19,25/02/10 15:20:32,40,0
150,77,25/02/10 15:20:34,25/02/10 15:21:47,40,0
110,78,25/02/10 15:22:52,25/02/10 15:24:18,40,0
110,79,25/02/10 15:24:22,25/02/10 15:25:35,40,0
110,80,25/02/10 15:25:36,25/02/10 15:26:49,40,0
110,81,25/02/10 15:26:51,25/02/10 15:28:03,40,0
110,82,25/02/10 15:28:05,25/02/10 15:29:17,40,0
110,83,25/02/10 15:29:22,25/02/10 15:42:50,40,0
90,84,25/02/10 15:43:46,25/02/10 15:46:16,40,1
90,85,25/02/10 15:46:19,25/02/10 15:47:28,40,0
90,86,25/02/10 15:47:32,25/02/10 15:48:41,40,0
90,87,25/02/10 15:48:43,25/02/10 15:49:52,40,0
70,88,25/02/10 15:51:40,25/02/10 15:53:18,40,2
70,89,25/02/10 15:53:22,25/02/10 15:54:30,40,0
70,90,25/02/10 15:54:32,25/02/10 15:56:03,40,1
50,91,25/02/10 15:56:34,25/02/10 15:58:09,40,1
50,92,25/02/10 15:58:10,25/02/10 16:02:02,40,2
50,93,25/02/10 16:02:15,25/02/10 16:03:24,40,0
50,94,25/02/10 16:03:25,25/02/10 16:04:33,40,0
50,95,25/02/10 16:04:35,25/02/10 16:05:44,40,0
9010,2,25/02/10 19:15:20,25/02/10 19:15:30,1,0
9000,3,25/02/10 19:16:38,25/02/10 19:16:46,3,0
150,4,25/02/10 19:18:18,25/02/10 20:28:11,40,1
150,5,25/02/10 20:28:19,25/02/10 20:29:33,40,0
130,6,25/02/10 20:33:17,25/02/10 20:34:54,40,1
110,7,25/02/10 20:35:21,25/02/10 20:40:02,40,2
90,8,25/02/10 20:42:35,25/02/10 20:48:29,40,2
50,9,25/02/10 20:50:15,25/02/10 20:51:50,40,0
70,10,25/02/10 20:52:40,25/02/10 20:55:45,40,1
70,11,25/02/10 20:55:54,25/02/10 20:57:02,40,0
10,12,25/02/10 20:59:48,25/02/10 21:03:47,40,1
10,13,25/02/10 21:04:27,25/02/10 21:06:25,40,1
10,14,25/02/10 21:14:14,25/02/10 21:15:27,40,0
10,15,25/02/10 21:15:29,25/02/10 21:16:41,40,0
30,16,25/02/10 21:18:49,25/02/10 21:20:22,40,1
30,17,25/02/10 21:20:25,25/02/10 21:21:37,40,0
30,18,25/02/10 21:21:38,25/02/10 21:22:50,40,0
30,19,25/02/10 21:22:51,25/02/10 21:24:04,40,0
70,20,25/02/10 21:42:15,25/02/10 21:45:56,40,1
70,21,25/02/10 21:46:12,25/02/10 21:47:20,40,0
50,22,25/02/10 21:48:02,25/02/10 21:49:36,40,0
50,23,25/02/10 21:50:01,25/02/10 21:51:11,40,0
90,24,25/02/10 21:51:43,25/02/10 21:55:02,40,4
90,25,25/02/10 21:55:04,25/02/10 21:56:14,40,0
110,26,25/02/10 21:57:40,25/02/10 22:00:09,40,1
110,27,25/02/10 22:00:50,25/02/10 22:02:03,40,0
110,28,25/02/10 22:02:05,25/02/10 22:03:18,40,0
130,29,25/02/10 22:03:43,25/02/10 22:07:31,40,1
130,30,25/02/10 22:08:12,25/02/10 22:11:16,40,1
130,31,25/02/11 00:16:54,25/02/11 00:19:58,40,0
130,32,25/02/11 00:20:01,25/02/11 00:21:15,40,0
150,33,25/02/11 00:22:59,25/02/11 00:24:32,40,1
150,34,25/02/11 00:24:48,25/02/11 00:26:01,40,0
150,35,25/02/11 00:26:04,25/02/11 00:27:17,40,0
150,36,25/02/11 00:27:19,25/02/11 00:28:32,40,0
110,37,25/02/11 00:29:29,25/02/11 00:31:04,40,0
90,38,25/02/11 00:33:39,25/02/11 00:35:58,40,1
90,39,25/02/11 00:36:00,25/02/11 00:37:10,40,0
50,40,25/02/11 00:37:49,25/02/11 00:39:17,40,0
50,41,25/02/11 00:39:55,25/02/11 00:41:04,40,0
70,42,25/02/11 00:41:31,25/02/11 00:43:40,40,0
70,43,25/02/11 00:43:51,25/02/11 00:45:02,40,0
10,44,25/02/11 00:48:26,25/02/11 00:52:34,40,2
10,45,25/02/11 00:52:51,25/02/11 00:54:04,40,0
10,46,25/02/11 02:06:28,25/02/11 02:08:05,40,1
10,47,25/02/11 02:08:16,25/02/11 02:11:09,40,1
30,48,25/02/11 02:12:28,25/02/11 02:15:35,40,2
30,49,25/02/11 02:15:42,25/02/11 02:16:54,40,0
30,50,25/02/11 02:16:57,25/02/11 02:18:09,40,0
30,51,25/02/11 02:18:11,25/02/11 02:19:23,40,0
70,52,25/02/11 02:22:08,25/02/11 02:24:34,40,1
50,53,25/02/11 02:24:56,25/02/11 02:26:50,40,1
50,54,25/02/11 02:27:28,25/02/11 02:28:37,40,0
90,55,25/02/11 02:29:09,25/02/11 02:30:31,40,0
90,56,25/02/11 02:31:11,25/02/11 02:32:32,40,1
110,57,25/02/11 02:34:37,25/02/11 02:37:45,40,1
110,58,25/02/11 02:37:46,25/02/11 02:39:00,40,0
150,59,25/02/11 02:39:37,25/02/11 02:45:35,40,2
150,60,25/02/11 02:45:41,25/02/11 02:46:54,40,0
150,61,25/02/11 02:46:55,25/02/11 02:48:08,40,0
9000,2,25/02/11 07:40:16,25/02/11 07:40:26,3,0
9010,3,25/02/11 07:40:32,25/02/11 07:40:39,1,0
130,4,25/02/11 08:15:34,25/02/11 08:19:32,40,1
130,5,25/02/11 08:19:34,25/02/11 08:20:48,40,0
130,6,25/02/11 08:21:03,25/02/11 08:22:15,40,0
130,7,25/02/11 08:22:37,25/02/11 08:23:50,40,0
130,8,25/02/11 08:24:31,25/02/11 08:25:43,40,0
130,9,25/02/11 08:26:46,25/02/11 08:27:58,40,0
150,10,25/02/11 08:28:39,25/02/11 08:30:03,40,0
150,11,25/02/11 08:30:07,25/02/11 08:31:20,40,0
150,12,25/02/11 08:31:28,25/02/11 08:32:41,40,0
110,13,25/02/11 08:33:30,25/02/11 08:36:49,40,1
110,14,25/02/11 08:36:54,25/02/11 08:38:06,40,0
110,15,25/02/11 08:38:32,25/02/11 08:39:45,40,0
110,16,25/02/11 08:39:49,25/02/11 08:41:01,40,0
90,17,25/02/11 08:44:24,25/02/11 08:50:01,120,1
90,18,25/02/11 08:50:20,25/02/11 08:51:29,40,0
180,19,25/02/11 08:51:37,25/02/11 08:52:51,40,0
180,20,25/02/11 08:52:55,25/02/11 08:54:45,40,1
70,21,25/02/11 08:55:30,25/02/11 08:56:53,40,0
70,22,25/02/11 08:56:54,25/02/11 08:58:03,40,0
70,23,25/02/11 08:58:05,25/02/11 08:59:13,40,0
70,24,25/02/11 08:59:16,25/02/11 09:00:25,40,0
70,25,25/02/11 09:00:44,25/02/11 09:01:53,40,0
50,26,25/02/11 09:02:25,25/02/11 09:04:43,40,1
50,27,25/02/11 09:04:50,25/02/11 09:05:59,40,0
50,28,25/02/11 09:06:01,25/02/11 09:07:10,40,0
50,29,25/02/11 09:07:12,25/02/11 09:08:21,40,0
50,30,25/02/11 09:08:24,25/02/11 09:09:33,40,0
170,31,25/02/11 09:10:02,25/02/11 09:11:29,40,0
170,32,25/02/11 09:11:42,25/02/11 09:14:46,40,1
190,33,25/02/11 09:15:28,25/02/11 09:16:55,40,0
190,34,25/02/11 09:17:03,25/02/11 09:18:17,40,0
230,35,25/02/11 09:19:15,25/02/11 09:20:35,40,0
240,36,25/02/11 09:20:58,25/02/11 09:22:05,40,0
240,37,25/02/11 09:22:08,25/02/11 09:23:15,40,0
10,38,25/02/11 09:24:43,25/02/11 09:28:09,40,1
10,39,25/02/11 09:28:11,25/02/11 09:33:28,160,0
10,40,25/02/11 09:33:50,25/02/11 09:35:02,40,0
10,41,25/02/11 09:35:04,25/02/11 09:36:16,40,0
10,42,25/02/11 09:36:18,25/02/11 09:37:30,40,0
30,43,25/02/11 09:38:03,25/02/11 09:39:29,40,0
30,44,25/02/11 09:40:21,25/02/11 09:41:33,40,0
30,45,25/02/11 09:41:35,25/02/11 09:42:47,40,0
30,46,25/02/11 09:42:51,25/02/11 09:44:03,40,0
30,47,25/02/11 09:44:40,25/02/11 09:45:52,40,0
30,48,25/02/11 09:45:54,25/02/11 09:47:07,40,0
30,49,25/02/11 09:47:10,25/02/11 09:48:22,40,0
50,50,25/02/11 09:49:23,25/02/11 09:50:58,40,1
50,51,25/02/11 09:51:46,25/02/11 09:53:54,40,1
60,52,25/02/11 09:57:55,25/02/11 09:59:06,40,0
70,53,25/02/11 09:59:58,25/02/11 10:01:22,40,0
70,54,25/02/11 10:01:28,25/02/11 10:02:33,40,0
80,55,25/02/11 10:02:46,25/02/11 10:03:55,40,0
90,56,25/02/11 10:03:58,25/02/11 10:05:04,40,0
100,57,25/02/11 10:05:07,25/02/11 10:06:43,40,1
100,58,25/02/11 10:06:47,25/02/11 10:07:56,40,0
110,59,25/02/11 10:10:20,25/02/11 10:11:52,40,2
110,60,25/02/11 10:11:54,25/02/11 10:13:00,40,0
120,61,25/02/11 10:13:04,25/02/11 10:14:15,40,0
130,62,25/02/11 10:14:19,25/02/11 10:30:45,40,0
130,63,25/02/11 10:30:55,25/02/11 10:32:00,40,0
130,64,25/02/11 10:32:12,25/02/11 10:33:17,40,0
120,65,25/02/11 10:33:31,25/02/11 10:34:42,40,0
110,66,25/02/11 10:34:52,25/02/11 10:35:58,40,0
110,67,25/02/11 10:36:06,25/02/11 10:37:11,40,0
80,68,25/02/11 10:38:10,25/02/11 10:39:39,40,0
80,69,25/02/11 10:39:48,25/02/11 10:40:57,40,0
90,70,25/02/11 10:40:59,25/02/11 10:42:04,40,0
150,71,25/02/11 10:43:13,25/02/11 10:47:11,40,5
150,72,25/02/11 10:47:13,25/02/11 10:48:19,40,0
150,73,25/02/11 10:48:23,25/02/11 10:54:03,40,2
150,74,25/02/11 10:54:14,25/02/11 10:55:20,40,0
160,75,25/02/11 10:55:28,25/02/11 10:57:23,40,4
160,76,25/02/11 10:57:33,25/02/11 10:58:38,40,0
160,77,25/02/11 10:58:45,25/02/11 10:59:50,40,0
130,79,25/02/11 11:02:16,25/02/11 11:06:52,40,1
130,80,25/02/11 11:07:23,25/02/11 11:08:37,40,0
130,81,25/02/11 11:08:38,25/02/11 11:09:51,40,0
130,82,25/02/11 11:09:55,25/02/11 11:11:08,40,0
130,83,25/02/11 11:11:13,25/02/11 11:12:26,40,0
150,84,25/02/11 11:14:10,25/02/11 11:15:36,40,0
150,85,25/02/11 11:19:50,25/02/11 11:21:02,40,0
150,86,25/02/11 11:21:04,25/02/11 11:24:19,80,0
150,87,25/02/11 11:24:35,25/02/11 11:25:48,40,0
110,88,25/02/11 11:27:28,25/02/11 11:28:59,40,1
110,89,25/02/11 11:29:12,25/02/11 11:30:24,40,0
110,90,25/02/11 11:30:29,25/02/11 11:31:41,40,0
110,91,25/02/11 11:31:43,25/02/11 11:32:55,40,0
110,92,25/02/11 11:33:14,25/02/11 11:34:26,40,0
90,93,25/02/11 11:36:28,25/02/11 11:43:47,40,1
90,94,25/02/11 11:43:53,25/02/11 11:45:03,40,0
90,95,25/02/11 11:45:08,25/02/11 11:46:16,40,0
90,96,25/02/11 11:46:26,25/02/11 11:47:34,40,0
90,97,25/02/11 11:47:36,25/02/11 11:48:59,40,1
180,98,25/02/11 11:50:48,25/02/11 11:52:01,40,0
180,99,25/02/11 11:52:13,25/02/11 11:53:27,40,0
170,100,25/02/11 11:53:55,25/02/11 11:55:24,40,0
70,101,25/02/11 11:57:21,25/02/11 11:59:26,40,2
70,102,25/02/11 12:00:01,25/02/11 12:01:10,40,0
70,103,25/02/11 12:01:15,25/02/11 12:02:23,40,0
70,104,25/02/11 12:02:27,25/02/11 12:03:35,40,0
70,105,25/02/11 12:03:41,25/02/11 12:04:49,40,0
50,106,25/02/11 12:05:32,25/02/11 12:06:58,40,0
50,107,25/02/11 12:07:24,25/02/11 12:08:32,40,0
50,108,25/02/11 12:08:34,25/02/11 12:09:42,40,0
50,109,25/02/11 12:09:47,25/02/11 12:10:55,40,0
190,110,25/02/11 12:12:27,25/02/11 12:13:51,40,0
190,110,25/02/11 13:00:49,25/02/11 13:05:08,40,3
230,111,25/02/11 13:05:58,25/02/11 13:08:30,40,1
230,112,25/02/11 13:08:43,25/02/11 13:09:48,40,0
240,113,25/02/11 13:10:01,25/02/11 13:11:08,40,0
240,114,25/02/11 13:11:10,25/02/11 13:12:16,40,0
240,115,25/02/11 13:12:21,25/02/11 13:13:27,40,0
240,116,25/02/11 13:24:17,25/02/11 13:25:24,40,0
10,117,25/02/11 13:26:40,25/02/11 13:30:21,40,1
50,118,25/02/11 13:30:49,25/02/11 13:32:14,40,0
50,119,25/02/11 13:32:55,25/02/11 13:34:14,40,0
60,120,25/02/11 13:34:25,25/02/11 13:35:34,40,0
60,121,25/02/11 13:35:44,25/02/11 13:36:53,40,0
60,122,25/02/11 13:36:58,25/02/11 13:38:07,40,0
30,123,25/02/11 13:38:34,25/02/11 13:40:03,40,0
30,124,25/02/11 13:41:05,25/02/11 13:42:17,40,0
30,125,25/02/11 13:42:23,25/02/11 13:43:34,40,0
70,126,25/02/11 13:44:22,25/02/11 13:45:42,40,0
70,127,25/02/11 13:46:02,25/02/11 13:47:07,40,0
90,128,25/02/11 13:47:09,25/02/11 13:49:27,40,2
90,129,25/02/11 13:49:33,25/02/11 13:52:55,40,3
90,130,25/02/11 13:53:12,25/02/11 13:54:17,40,0
100,131,25/02/11 13:54:51,25/02/11 13:56:00,40,0
100,132,25/02/11 13:57:39,25/02/11 13:58:48,40,0
70,133,25/02/11 13:58:51,25/02/11 13:59:56,40,0
70,134,25/02/11 14:00:39,25/02/11 14:01:44,40,0
80,135,25/02/11 14:01:46,25/02/11 14:02:55,40,0
80,136,25/02/11 14:02:59,25/02/11 14:04:09,40,0
110,137,25/02/11 14:04:37,25/02/11 14:07:03,40,2
110,138,25/02/11 14:07:28,25/02/11 14:08:34,40,0
120,139,25/02/11 14:08:47,25/02/11 14:09:58,40,0
120,140,25/02/11 14:10:00,25/02/11 14:11:11,40,0
130,141,25/02/11 14:11:13,25/02/11 14:12:18,40,0
130,142,25/02/11 14:12:23,25/02/11 14:13:28,40,0
130,143,25/02/11 14:13:45,25/02/11 14:14:51,40,0
130,144,25/02/11 14:14:54,25/02/11 14:15:59,40,0
150,145,25/02/11 14:16:36,25/02/11 14:18:06,40,1
150,146,25/02/11 14:18:09,25/02/11 14:19:47,40,2
160,147,25/02/11 14:19:54,25/02/11 14:20:59,40,0
160,148,25/02/11 14:21:02,25/02/11 14:22:07,40,0
160,149,25/02/11 14:22:14,25/02/11 14:23:19,40,0
10,150,25/02/11 15:07:41,25/02/11 15:10:38,40,2
10,151,25/02/11 15:11:31,25/02/11 15:12:42,40,0
10,152,25/02/11 15:12:44,25/02/11 15:13:55,40,0
10,153,25/02/11 15:13:57,25/02/11 15:15:09,40,0
30,154,25/02/11 15:18:44,25/02/11 15:20:10,40,0
30,155,25/02/11 15:20:12,25/02/11 15:21:24,40,0
50,156,25/02/11 15:26:01,25/02/11 15:47:18,80,1
50,157,25/02/11 15:47:24,25/02/11 15:48:32,40,0
50,158,25/02/11 15:48:36,25/02/11 15:49:44,40,0
70,159,25/02/11 15:50:12,25/02/11 15:52:38,40,1
70,160,25/02/11 15:52:41,25/02/11 15:53:50,40,0
70,161,25/02/11 15:53:54,25/02/11 15:55:02,40,0
90,162,25/02/11 15:55:43,25/02/11 15:58:05,40,2
90,163,25/02/11 15:58:07,25/02/11 15:59:16,40,0
90,164,25/02/11 15:59:18,25/02/11 16:00:27,40,0
90,165,25/02/11 16:00:39,25/02/11 16:01:48,40,0
110,166,25/02/11 16:03:05,25/02/11 16:08:19,40,1
110,167,25/02/11 16:08:28,25/02/11 16:09:42,40,0
110,168,25/02/11 16:09:46,25/02/11 16:10:59,40,0
110,169,25/02/11 16:11:13,25/02/11 16:12:26,40,0
130,170,25/02/11 16:12:45,25/02/11 16:16:29,40,2
130,171,25/02/11 16:16:31,25/02/11 16:17:43,40,0
130,172,25/02/11 16:17:46,25/02/11 16:18:58,40,0
130,173,25/02/11 16:19:01,25/02/11 16:20:13,40,0
130,174,25/02/11 16:20:16,25/02/11 16:21:29,40,0
130,175,25/02/11 16:21:31,25/02/11 16:22:44,40,0
150,176,25/02/11 16:24:11,25/02/11 16:25:42,40,1
150,177,25/02/11 16:25:44,25/02/11 16:26:56,40,0
150,178,25/02/11 16:27:02,25/02/11 16:28:14,40,0
150,179,25/02/11 16:28:39,25/02/11 16:29:52,40,0
150,180,25/02/11 16:29:57,25/02/11 16:31:09,40,0
9010,2,25/02/11 19:09:13,25/02/11 19:09:23,1,0
9000,3,25/02/11 19:09:36,25/02/11 19:09:43,3,0
150,4,25/02/11 20:16:31,25/02/11 20:17:57,40,0
110,5,25/02/11 20:20:54,25/02/11 20:24:11,40,2
90,6,25/02/11 20:26:47,25/02/11 20:29:03,40,1
90,7,25/02/11 20:29:13,25/02/11 20:30:23,40,0
50,8,25/02/11 20:30:46,25/02/11 20:32:29,40,2
50,9,25/02/11 20:32:35,25/02/11 20:33:44,40,0
70,10,25/02/11 20:34:22,25/02/11 20:35:47,40,0
70,11,25/02/11 20:37:26,25/02/11 20:38:35,40,0
70,12,25/02/11 20:38:37,25/02/11 20:39:46,40,0
10,13,25/02/11 20:42:19,25/02/11 20:44:43,40,1
10,14,25/02/11 20:45:21,25/02/11 20:46:34,40,0
30,15,25/02/11 20:48:09,25/02/11 20:49:35,40,1
30,16,25/02/11 20:49:38,25/02/11 20:50:50,40,0
30,17,25/02/11 20:50:51,25/02/11 20:52:03,40,0
30,18,25/02/11 21:14:18,25/02/11 21:15:48,40,0
30,19,25/02/11 21:15:49,25/02/11 21:17:03,40,0
10,20,25/02/11 21:18:16,25/02/11 21:19:43,40,1
10,21,25/02/11 21:19:44,25/02/11 21:20:56,40,0
70,22,25/02/11 21:22:58,25/02/11 21:41:31,40,1
70,23,25/02/11 21:41:32,25/02/11 21:42:42,40,0
50,24,25/02/11 21:43:49,25/02/11 21:45:15,40,0
50,25,25/02/11 21:45:55,25/02/11 21:47:04,40,0
90,26,25/02/11 21:47:42,25/02/11 21:49:13,40,0
90,27,25/02/11 21:49:37,25/02/11 21:50:46,40,0
110,28,25/02/11 21:53:15,25/02/11 21:55:31,40,1
110,29,25/02/11 21:55:48,25/02/11 21:57:02,40,0
130,30,25/02/11 21:57:23,25/02/11 21:58:52,40,0
130,31,25/02/11 21:58:54,25/02/11 22:00:06,40,0
150,32,25/02/11 23:02:03,25/02/11 23:03:48,40,1
150,33,25/02/12 00:16:16,25/02/12 00:18:01,40,1
150,34,25/02/12 00:18:04,25/02/12 00:19:18,40,0
150,35,25/02/12 00:19:19,25/02/12 00:20:32,40,0
130,36,25/02/12 00:22:05,25/02/12 00:23:32,40,1
130,37,25/02/12 00:23:37,25/02/12 00:24:49,40,0
110,38,25/02/12 00:25:32,25/02/12 00:26:57,40,0
110,39,25/02/12 00:27:25,25/02/12 00:28:38,40,0
90,40,25/02/12 00:30:57,25/02/12 00:33:44,40,1
90,41,25/02/12 00:33:51,25/02/12 00:35:00,40,0
50,42,25/02/12 00:35:26,25/02/12 00:37:05,40,0
50,43,25/02/12 00:38:02,25/02/12 00:39:11,40,0
70,44,25/02/12 00:40:02,25/02/12 00:41:23,40,0
10,45,25/02/12 00:44:27,25/02/12 00:46:57,40,1
10,46,25/02/12 00:47:00,25/02/12 00:48:14,40,0
10,47,25/02/12 02:09:30,25/02/12 02:11:06,40,1
10,48,25/02/12 02:11:08,25/02/12 02:12:21,40,0
30,49,25/02/12 02:14:10,25/02/12 02:15:39,40,1
30,50,25/02/12 02:15:41,25/02/12 02:16:53,40,0
30,51,25/02/12 02:16:54,25/02/12 02:18:06,40,0
30,52,25/02/12 02:18:09,25/02/12 02:19:21,40,0
70,53,25/02/12 02:20:47,25/02/12 02:23:56,40,1
70,54,25/02/12 02:24:13,25/02/12 02:25:23,40,0
80,55,25/02/12 02:25:26,25/02/12 02:29:36,40,2
90,56,25/02/12 02:31:00,25/02/12 02:32:30,40,1
90,57,25/02/12 02:32:40,25/02/12 02:33:49,40,0
100,58,25/02/12 02:34:09,25/02/12 02:35:18,40,0
110,59,25/02/12 02:38:43,25/02/12 02:41:01,40,1
110,60,25/02/12 02:41:03,25/02/12 02:42:17,40,0
130,61,25/02/12 02:42:42,25/02/12 02:44:04,40,0
130,62,25/02/12 02:44:11,25/02/12 02:45:23,40,0
140,63,25/02/12 02:45:26,25/02/12 02:46:42,40,0
9000,2,25/02/12 07:46:56,25/02/12 07:47:06,3,0
9010,3,25/02/12 07:47:11,25/02/12 07:47:18,1,0
130,4,25/02/12 07:48:44,25/02/12 07:52:30,40,1
140,5,25/02/12 07:52:34,25/02/12 07:53:52,40,0
140,6,25/02/12 07:54:00,25/02/12 07:55:17,40,0
150,7,25/02/12 07:56:42,25/02/12 07:58:15,40,1
150,8,25/02/12 07:58:17,25/02/12 07:59:29,40,0
160,9,25/02/12 07:59:31,25/02/12 08:00:47,40,0
160,10,25/02/12 08:00:56,25/02/12 08:02:12,40,0
110,11,25/02/12 08:02:57,25/02/12 08:04:23,40,0
120,12,25/02/12 08:04:28,25/02/12 08:05:45,40,0
120,13,25/02/12 08:05:50,25/02/12 08:07:06,40,0
100,14,25/02/12 08:09:12,25/02/12 08:12:45,40,1
50,16,25/02/12 08:13:26,25/02/12 08:15:35,40,1
60,17,25/02/12 08:15:43,25/02/12 08:16:52,40,0
60,18,25/02/12 08:16:55,25/02/12 08:18:04,40,0
70,19,25/02/12 08:18:33,25/02/12 08:20:14,40,1
80,20,25/02/12 08:20:15,25/02/12 08:21:24,40,0
80,21,25/02/12 10:41:39,25/02/12 10:42:48,40,0
80,22,25/02/12 10:42:58,25/02/12 10:45:35,40,1
70,23,25/02/12 10:45:47,25/02/12 10:46:57,40,0
80,24,25/02/12 10:47:00,25/02/12 10:48:09,40,0
50,25,25/02/12 10:48:34,25/02/12 10:49:57,40,0
50,26,25/02/12 10:49:58,25/02/12 10:51:07,40,0
60,27,25/02/12 10:51:57,25/02/12 10:53:08,40,0
60,28,25/02/12 10:53:29,25/02/12 10:54:39,40,0
90,29,25/02/12 10:55:59,25/02/12 10:57:21,40,0
100,30,25/02/12 10:57:25,25/02/12 10:59:50,40,2
100,31,25/02/12 10:59:51,25/02/12 11:01:00,40,0
100,31,25/02/12 11:01:10,25/02/12 11:02:18,39,0
110,40,25/02/12 11:04:00,25/02/12 11:06:39,40,1
110,41,25/02/12 11:06:43,25/02/12 11:07:57,40,0
120,42,25/02/12 11:08:08,25/02/12 11:09:24,40,0
120,43,25/02/12 11:09:29,25/02/12 11:10:57,40,0
150,44,25/02/12 11:11:19,25/02/12 11:12:44,40,0
150,45,25/02/12 11:12:49,25/02/12 11:14:01,40,0
160,46,25/02/12 11:14:05,25/02/12 11:15:21,40,0
160,47,25/02/12 11:15:24,25/02/12 11:16:41,40,0
20,48,25/02/12 11:17:39,25/02/12 11:22:09,40,1
20,49,25/02/12 11:22:14,25/02/12 11:23:24,40,0
20,50,25/02/12 11:23:28,25/02/12 11:25:08,40,1
20,51,25/02/12 11:25:52,25/02/12 11:27:01,40,0
40,52,25/02/12 11:27:24,25/02/12 11:28:51,40,0
40,53,25/02/12 11:28:53,25/02/12 11:30:01,40,0
40,54,25/02/12 11:30:30,25/02/12 11:31:39,40,0
40,55,25/02/12 11:31:46,25/02/12 11:34:16,80,0
30,56,25/02/12 11:34:18,25/02/12 11:37:36,40,1
30,57,25/02/12 11:37:46,25/02/12 11:38:58,40,0
10,58,25/02/12 11:39:41,25/02/12 11:41:06,40,0
10,59,25/02/12 11:41:10,25/02/12 11:42:22,40,0
10,60,25/02/12 11:42:50,25/02/12 11:44:02,40,0
20,61,25/02/12 11:44:06,25/02/12 11:45:15,40,0
130,62,25/02/12 11:47:11,25/02/12 11:51:31,40,1
130,63,25/02/12 11:51:33,25/02/12 11:52:47,40,0
140,64,25/02/12 11:52:53,25/02/12 11:54:09,40,0
140,65,25/02/12 11:54:11,25/02/12 11:55:27,40,0
140,66,25/02/12 11:55:28,25/02/12 11:56:45,40,0
140,67,25/02/12 11:56:48,25/02/12 11:58:04,40,0
150,68,25/02/12 11:58:41,25/02/12 12:03:03,40,3
160,69,25/02/12 12:03:05,25/02/12 12:04:21,40,0
160,70,25/02/12 12:04:25,25/02/12 12:05:41,40,0
120,71,25/02/12 12:06:11,25/02/12 12:08:24,40,1
120,72,25/02/12 12:08:27,25/02/12 12:14:01,40,3
90,73,25/02/12 13:01:21,25/02/12 13:05:08,40,1
90,74,25/02/12 13:05:13,25/02/12 13:06:37,40,1
100,75,25/02/12 13:06:43,25/02/12 13:07:52,40,0
100,76,25/02/12 13:07:54,25/02/12 13:09:03,40,0
50,77,25/02/12 13:09:29,25/02/12 13:10:52,40,0
60,78,25/02/12 13:10:55,25/02/12 13:12:04,40,0
60,79,25/02/12 13:12:06,25/02/12 13:13:15,40,0
70,80,25/02/12 13:13:46,25/02/12 13:23:38,40,3
80,81,25/02/12 13:23:45,25/02/12 13:27:18,40,2
70,82,25/02/12 14:21:19,25/02/12 14:26:56,40,3
80,83,25/02/12 14:27:03,25/02/12 14:33:25,40,3
80,84,25/02/12 14:33:41,25/02/12 14:34:51,40,0
50,85,25/02/12 14:35:20,25/02/12 14:36:41,40,0
60,86,25/02/12 14:36:47,25/02/12 14:37:56,40,0
90,87,25/02/12 14:38:20,25/02/12 14:39:41,40,0
100,88,25/02/12 14:39:50,25/02/12 14:40:59,40,0
180,89,25/02/12 14:41:06,25/02/12 14:42:20,40,0
180,90,25/02/12 14:42:27,25/02/12 14:43:41,40,0
180,91,25/02/12 14:43:42,25/02/12 14:44:56,40,0
180,92,25/02/12 14:45:03,25/02/12 14:46:17,40,0
190,93,25/02/12 14:47:50,25/02/12 14:49:23,40,1
190,94,25/02/12 14:49:30,25/02/12 14:50:44,40,0
190,95,25/02/12 14:50:46,25/02/12 14:52:00,40,0
170,96,25/02/12 14:52:22,25/02/12 14:53:50,40,0
170,97,25/02/12 14:53:55,25/02/12 14:55:09,40,0
170,98,25/02/12 14:55:10,25/02/12 14:56:24,40,0
170,99,25/02/12 14:56:26,25/02/12 14:57:40,40,0
230,100,25/02/12 14:58:11,25/02/12 14:59:26,40,0
230,101,25/02/12 14:59:32,25/02/12 15:00:37,40,0
240,102,25/02/12 15:00:48,25/02/12 15:01:55,40,0
240,103,25/02/12 15:02:06,25/02/12 15:03:13,40,0
240,104,25/02/12 15:03:15,25/02/12 15:04:21,40,0
240,105,25/02/12 15:04:25,25/02/12 15:05:32,40,0
10,106,25/02/12 15:07:06,25/02/12 15:09:57,40,1
10,107,25/02/12 15:10:02,25/02/12 15:11:40,40,0
20,108,25/02/12 15:12:05,25/02/12 15:13:14,40,0
20,109,25/02/12 15:13:16,25/02/12 15:14:24,40,0
150,110,25/02/12 15:14:57,25/02/12 15:16:23,40,1
150,111,25/02/12 15:16:26,25/02/12 15:17:32,40,0
150,112,25/02/12 15:17:34,25/02/12 15:18:39,40,0
150,113,25/02/12 15:18:43,25/02/12 15:19:48,40,0
160,114,25/02/12 15:19:50,25/02/12 15:20:55,40,0
160,115,25/02/12 15:21:01,25/02/12 15:22:06,40,0
160,116,25/02/12 15:22:09,25/02/12 15:23:34,40,1
160,117,25/02/12 15:23:40,25/02/12 15:24:45,40,0
160,118,25/02/12 15:24:50,25/02/12 15:25:55,40,0
50,119,25/02/12 15:46:26,25/02/12 15:49:35,40,5
50,120,25/02/12 15:49:37,25/02/12 15:50:47,40,0
50,121,25/02/12 15:50:48,25/02/12 15:52:52,40,1
50,122,25/02/12 15:52:54,25/02/12 15:54:03,40,0
60,123,25/02/12 15:54:21,25/02/12 15:55:30,40,0
60,124,25/02/12 15:55:44,25/02/12 15:56:53,40,0
60,125,25/02/12 15:56:57,25/02/12 15:58:05,40,0
60,126,25/02/12 15:58:07,25/02/12 15:59:37,40,1
60,127,25/02/12 15:59:43,25/02/12 16:00:52,40,0
30,128,25/02/12 16:01:33,25/02/12 16:04:18,40,1
30,129,25/02/12 16:04:22,25/02/12 16:05:34,40,0
40,130,25/02/12 16:05:35,25/02/12 16:10:38,40,2
40,131,25/02/12 16:10:43,25/02/12 16:11:53,40,0
120,132,25/02/12 16:12:18,25/02/12 16:13:43,40,0
120,133,25/02/12 16:14:15,25/02/12 16:18:55,40,4
110,137,25/02/12 16:22:38,25/02/12 16:26:36,40,1
110,138,25/02/12 16:27:22,25/02/12 16:28:35,40,0
120,139,25/02/12 16:28:41,25/02/12 16:29:57,40,0
130,140,25/02/12 16:30:27,25/02/12 16:33:09,40,1
130,141,25/02/12 16:33:11,25/02/12 16:35:06,40,0
140,142,25/02/12 16:35:12,25/02/12 16:36:28,40,0
150,143,25/02/12 16:38:08,25/02/12 16:39:36,40,0
150,144,25/02/12 16:39:55,25/02/12 16:41:08,40,0
160,145,25/02/12 16:41:33,25/02/12 16:42:49,40,0
160,146,25/02/12 16:42:51,25/02/12 16:44:08,40,0
170,147,25/02/12 17:02:35,25/02/12 17:05:23,40,1
170,148,25/02/12 17:05:30,25/02/12 17:06:45,40,0
230,149,25/02/12 17:07:19,25/02/12 17:09:36,40,1
230,150,25/02/12 17:09:43,25/02/12 17:10:48,40,0
240,151,25/02/12 17:10:55,25/02/12 17:12:02,40,0
240,152,25/02/12 17:12:12,25/02/12 17:13:18,40,0
180,153,25/02/12 17:14:35,25/02/12 17:16:03,40,0
180,154,25/02/12 17:16:32,25/02/12 17:17:45,40,0
190,155,25/02/12 17:18:15,25/02/12 17:19:43,40,0
190,156,25/02/12 17:19:52,25/02/12 17:21:06,40,0
70,157,25/02/12 17:23:37,25/02/12 17:28:17,40,2
70,158,25/02/12 17:28:21,25/02/12 17:29:28,40,0
80,159,25/02/12 17:29:30,25/02/12 17:30:39,40,0
80,160,25/02/12 17:31:20,25/02/12 17:32:29,40,0
90,161,25/02/12 17:32:31,25/02/12 17:33:47,40,0
90,162,25/02/12 17:33:59,25/02/12 17:35:05,40,0
110,163,25/02/12 17:36:44,25/02/12 17:38:06,40,1
110,164,25/02/12 17:38:09,25/02/12 17:39:15,40,0
120,165,25/02/12 17:39:17,25/02/12 17:40:28,40,0
9010,2,25/02/12 19:09:42,25/02/12 19:09:52,1,0
9000,3,25/02/12 19:10:21,25/02/12 19:10:29,3,0
20,4,25/02/12 19:13:42,25/02/12 20:35:41,40,1
20,5,25/02/12 20:35:52,25/02/12 20:37:03,40,0
40,6,25/02/12 20:39:10,25/02/12 20:41:32,40,1
40,7,25/02/12 20:41:34,25/02/12 20:42:44,40,0
70,8,25/02/12 20:45:27,25/02/12 20:48:00,40,1
80,9,25/02/12 20:48:04,25/02/12 20:49:14,40,0
80,10,25/02/12 20:49:17,25/02/12 20:50:26,40,0
60,11,25/02/12 20:51:02,25/02/12 20:52:29,40,0
60,12,25/02/12 20:53:12,25/02/12 20:54:21,40,0
100,13,25/02/12 20:54:56,25/02/12 20:56:26,40,0
100,14,25/02/12 20:57:23,25/02/12 20:58:31,40,0
120,15,25/02/12 21:02:29,25/02/12 21:05:05,40,1
120,16,25/02/12 21:05:10,25/02/12 21:06:27,40,0
140,17,25/02/12 21:06:52,25/02/12 21:08:46,40,1
140,18,25/02/12 21:09:05,25/02/12 21:10:23,40,0
140,19,25/02/12 21:10:41,25/02/12 21:11:58,40,0
140,20,25/02/12 21:12:09,25/02/12 21:13:25,40,0
160,21,25/02/12 21:15:15,25/02/12 21:20:03,40,2
160,22,25/02/12 21:20:07,25/02/12 21:21:25,40,0
160,23,25/02/12 21:21:26,25/02/12 21:22:43,40,0
120,24,25/02/12 21:23:16,25/02/12 21:40:09,40,0
120,25,25/02/12 21:40:11,25/02/12 21:41:28,40,0
100,26,25/02/12 21:44:42,25/02/12 21:48:07,40,1
100,27,25/02/12 21:48:30,25/02/12 21:49:40,40,0
60,28,25/02/12 21:50:05,25/02/12 21:52:27,40,1
60,29,25/02/12 21:52:32,25/02/12 21:53:41,40,0
80,30,25/02/12 21:54:07,25/02/12 21:55:32,40,0
80,31,25/02/12 21:55:42,25/02/12 21:56:51,40,0
20,32,25/02/12 23:14:02,25/02/13 00:21:36,40,2
20,33,25/02/13 00:21:39,25/02/13 00:22:49,40,0
20,34,25/02/13 00:22:51,25/02/13 00:24:00,40,0
20,35,25/02/13 00:24:04,25/02/13 00:25:13,40,0
40,36,25/02/13 00:26:27,25/02/13 00:27:55,40,1
40,37,25/02/13 00:28:39,25/02/13 00:29:48,40,0
40,38,25/02/13 00:29:50,25/02/13 00:30:59,40,0
40,39,25/02/13 00:31:00,25/02/13 00:32:08,40,0
80,40,25/02/13 00:34:30,25/02/13 00:37:32,40,1
60,41,25/02/13 00:38:51,25/02/13 00:41:12,40,1
60,42,25/02/13 00:41:15,25/02/13 00:42:24,40,0
100,43,25/02/13 00:43:03,25/02/13 00:44:29,40,0
100,44,25/02/13 00:44:58,25/02/13 00:46:07,40,0
120,45,25/02/13 00:49:23,25/02/13 00:52:00,40,1
120,46,25/02/13 00:52:19,25/02/13 00:53:37,40,0
140,47,25/02/13 00:54:00,25/02/13 00:55:52,40,2
160,48,25/02/13 01:48:26,25/02/13 01:51:20,40,2
160,49,25/02/13 01:51:29,25/02/13 01:52:46,40,0
160,50,25/02/13 02:06:25,25/02/13 02:07:41,40,0
160,51,25/02/13 02:07:45,25/02/13 02:09:01,40,0
140,52,25/02/13 02:10:15,25/02/13 02:12:01,40,2
140,53,25/02/13 02:12:02,25/02/13 02:13:18,40,0
120,55,25/02/13 02:14:05,25/02/13 02:15:37,40,0
100,56,25/02/13 02:18:07,25/02/13 02:21:15,40,2
60,57,25/02/13 02:21:40,25/02/13 02:23:40,40,1
80,59,25/02/13 02:24:19,25/02/13 02:25:41,40,0
80,60,25/02/13 02:25:50,25/02/13 02:26:59,40,0
9000,2,25/02/13 07:34:23,25/02/13 07:34:33,3,0
9010,3,25/02/13 07:34:36,25/02/13 07:34:43,1,0
70,4,25/02/13 07:36:21,25/02/13 07:39:56,40,1
80,5,25/02/13 07:40:04,25/02/13 07:46:40,40,4
80,6,25/02/13 07:46:43,25/02/13 07:47:52,40,0
50,7,25/02/13 07:48:18,25/02/13 07:49:40,40,0
60,8,25/02/13 07:49:48,25/02/13 07:50:57,40,0
60,9,25/02/13 07:51:03,25/02/13 07:52:12,40,0
90,10,25/02/13 07:53:01,25/02/13 07:54:39,40,2
100,11,25/02/13 07:54:40,25/02/13 07:55:49,40,0
100,12,25/02/13 07:55:57,25/02/13 07:57:06,40,0
110,13,25/02/13 07:58:41,25/02/13 08:02:39,40,1
120,14,25/02/13 08:02:56,25/02/13 08:04:14,40,0
120,15,25/02/13 08:04:25,25/02/13 08:05:42,40,0
130,17,25/02/13 08:06:21,25/02/13 08:07:47,40,0
140,18,25/02/13 08:07:49,25/02/13 08:09:06,40,0
140,19,25/02/13 08:09:07,25/02/13 08:10:24,40,0
160,20,25/02/13 08:10:53,25/02/13 08:12:56,40,1
160,21,25/02/13 08:13:01,25/02/13 08:14:17,40,0
10,22,25/02/13 08:15:52,25/02/13 08:19:55,40,1
20,23,25/02/13 08:19:56,25/02/13 08:21:06,40,0
20,24,25/02/13 08:21:11,25/02/13 08:22:19,40,0
20,25,25/02/13 08:22:22,25/02/13 08:23:31,40,0
30,26,25/02/13 08:24:29,25/02/13 08:25:54,40,0
40,27,25/02/13 08:26:05,25/02/13 08:27:14,40,0
40,28,25/02/13 08:27:33,25/02/13 08:28:41,40,0
40,29,25/02/13 08:28:51,25/02/13 08:30:00,40,0
50,30,25/02/13 08:30:23,25/02/13 08:31:46,40,0
50,31,25/02/13 08:31:51,25/02/13 08:33:01,40,0
60,32,25/02/13 08:33:03,25/02/13 08:34:12,40,0
60,33,25/02/13 08:34:15,25/02/13 08:35:25,40,0
70,34,25/02/13 08:35:59,25/02/13 08:37:34,40,1
70,35,25/02/13 08:37:46,25/02/13 08:38:51,40,0
70,36,25/02/13 08:38:53,25/02/13 08:39:58,40,0
70,37,25/02/13 08:40:05,25/02/13 08:41:10,40,0
80,38,25/02/13 08:41:21,25/02/13 08:42:30,40,0
80,39,25/02/13 08:42:43,25/02/13 08:43:52,40,0
90,40,25/02/13 08:43:58,25/02/13 08:45:03,40,0
100,41,25/02/13 08:45:26,25/02/13 08:46:35,40,0
100,42,25/02/13 08:47:18,25/02/13 08:48:27,40,0
100,43,25/02/13 08:48:53,25/02/13 08:50:02,40,0
100,44,25/02/13 08:50:05,25/02/13 08:51:15,40,0
10,45,25/02/13 08:53:48,25/02/13 08:55:41,40,1
20,46,25/02/13 08:55:50,25/02/13 08:56:59,40,0
30,47,25/02/13 08:59:38,25/02/13 09:00:59,40,0
40,48,25/02/13 09:01:43,25/02/13 09:02:52,40,0
110,49,25/02/13 09:07:09,25/02/13 09:11:04,40,1
120,50,25/02/13 09:11:27,25/02/13 09:12:45,40,0
120,51,25/02/13 09:13:25,25/02/13 09:14:54,40,0
120,52,25/02/13 09:15:50,25/02/13 09:17:06,40,0
130,53,25/02/13 09:19:51,25/02/13 09:24:16,40,1
140,54,25/02/13 09:24:29,25/02/13 09:25:45,40,0
140,55,25/02/13 09:26:10,25/02/13 09:27:26,40,0
150,56,25/02/13 09:30:17,25/02/13 09:32:23,40,1
150,57,25/02/13 09:32:47,25/02/13 09:34:00,40,0
160,58,25/02/13 09:34:32,25/02/13 09:35:49,40,0
160,59,25/02/13 09:36:42,25/02/13 09:37:58,40,0
50,60,25/02/13 09:42:51,25/02/13 09:48:31,40,3
50,61,25/02/13 09:48:35,25/02/13 09:49:43,40,0
60,62,25/02/13 09:50:27,25/02/13 09:51:36,40,0
60,63,25/02/13 09:52:06,25/02/13 09:53:15,40,0
70,64,25/02/13 09:56:19,25/02/13 09:57:37,40,0
70,64,25/02/13 09:57:53,25/02/13 09:58:10,5,0
80,66,25/02/13 09:58:21,25/02/13 09:59:32,40,0
80,67,25/02/13 10:00:09,25/02/13 10:01:19,40,0
90,68,25/02/13 10:06:35,25/02/13 10:08:49,40,1
90,69,25/02/13 10:08:57,25/02/13 10:10:06,40,0
100,71,25/02/13 10:11:08,25/02/13 10:12:18,40,0
100,72,25/02/13 10:12:58,25/02/13 10:14:08,40,0
100,73,25/02/13 10:37:21,25/02/13 10:38:30,40,0
80,74,25/02/13 10:38:57,25/02/13 10:40:20,40,0
60,75,25/02/13 10:42:57,25/02/13 10:45:00,40,1
110,76,25/02/13 10:47:01,25/02/13 10:51:15,40,1
140,77,25/02/13 10:54:10,25/02/13 10:55:40,40,0
160,78,25/02/13 10:57:52,25/02/13 11:00:39,40,1
10,79,25/02/13 11:06:56,25/02/13 11:12:30,40,1
20,80,25/02/13 11:13:08,25/02/13 11:14:18,40,0
20,81,25/02/13 11:14:50,25/02/13 11:15:59,40,0
20,82,25/02/13 11:16:14,25/02/13 11:17:23,40,0
30,83,25/02/13 11:20:08,25/02/13 11:21:32,40,0
40,84,25/02/13 11:21:55,25/02/13 11:23:03,40,0
40,85,25/02/13 11:23:45,25/02/13 11:24:54,40,0
40,86,25/02/13 11:25:48,25/02/13 11:26:57,40,0
120,87,25/02/13 11:31:51,25/02/13 11:37:47,40,1
120,88,25/02/13 11:38:34,25/02/13 11:39:52,40,0
130,89,25/02/13 11:44:31,25/02/13 11:47:59,40,1
140,90,25/02/13 11:48:11,25/02/13 11:49:28,40,0
140,91,25/02/13 11:49:36,25/02/13 11:50:52,40,0
140,92,25/02/13 11:52:31,25/02/13 11:53:47,40,0
150,93,25/02/13 11:57:09,25/02/13 11:59:04,40,1
50,94,25/02/13 12:06:47,25/02/13 12:13:48,40,1
60,95,25/02/13 12:13:53,25/02/13 12:15:03,40,0
70,96,25/02/13 13:02:36,25/02/13 13:05:14,40,3
80,97,25/02/13 13:05:54,25/02/13 13:07:02,40,0
90,98,25/02/13 13:09:29,25/02/13 13:12:20,40,1
100,99,25/02/13 13:12:43,25/02/13 13:13:52,40,0
100,100,25/02/13 13:18:50,25/02/13 13:19:59,40,0
80,101,25/02/13 13:20:37,25/02/13 13:21:59,40,0
60,102,25/02/13 13:24:57,25/02/13 13:26:19,40,0
10,103,25/02/13 13:32:05,25/02/13 13:37:49,40,1
20,104,25/02/13 13:38:05,25/02/13 13:39:14,40,0
30,105,25/02/13 13:42:20,25/02/13 13:43:45,40,0
40,106,25/02/13 13:44:02,25/02/13 13:46:26,40,1
40,107,25/02/13 14:01:10,25/02/13 14:02:25,40,2
150,108,25/02/13 14:05:49,25/02/13 14:13:48,40,1
160,109,25/02/13 14:14:23,25/02/13 14:15:41,40,0
160,110,25/02/13 14:16:26,25/02/13 14:23:34,40,1
160,111,25/02/13 14:23:45,25/02/13 14:25:52,40,0
160,112,25/02/13 14:26:10,25/02/13 14:27:26,40,0
130,113,25/02/13 14:30:12,25/02/13 14:32:54,40,3
110,114,25/02/13 14:37:18,25/02/13 14:38:51,40,1
120,115,25/02/13 14:39:20,25/02/13 14:40:36,40,0
120,116,25/02/13 14:41:12,25/02/13 14:42:28,40,0
90,117,25/02/13 14:46:20,25/02/13 14:50:37,40,1
100,118,25/02/13 14:51:52,25/02/13 14:53:02,40,0
50,119,25/02/13 14:55:33,25/02/13 14:56:55,40,0
60,120,25/02/13 14:57:39,25/02/13 14:58:48,40,0
70,121,25/02/13 15:01:26,25/02/13 15:05:34,40,2
10,122,25/02/13 15:14:42,25/02/13 15:20:40,40,1
20,123,25/02/13 15:21:49,25/02/13 15:23:32,40,2
30,124,25/02/13 15:25:04,25/02/13 15:27:18,40,0
110,125,25/02/13 15:59:19,25/02/13 16:03:55,40,1
130,126,25/02/13 16:05:42,25/02/13 16:07:09,40,0
150,127,25/02/13 16:10:58,25/02/13 16:12:24,40,0
9010,2,25/02/13 19:10:22,25/02/13 19:10:33,1,0
9000,3,25/02/13 19:11:46,25/02/13 19:11:54,3,0
160,4,25/02/13 19:13:46,25/02/13 19:21:18,40,1
140,5,25/02/13 19:21:45,25/02/13 19:25:03,40,1
140,6,25/02/13 19:25:27,25/02/13 19:29:16,40,1
120,7,25/02/13 19:29:54,25/02/13 19:31:25,40,0
120,8,25/02/13 19:31:43,25/02/13 19:32:59,40,0
100,9,25/02/13 19:35:16,25/02/13 19:37:18,40,1
100,10,25/02/13 19:37:22,25/02/13 19:38:57,40,1
60,11,25/02/13 19:39:59,25/02/13 19:42:28,40,2
60,12,25/02/13 19:42:31,25/02/13 19:43:40,40,0
80,13,25/02/13 19:44:07,25/02/13 19:46:44,40,1
80,14,25/02/13 19:46:46,25/02/13 19:53:26,40,3
80,15,25/02/13 19:53:29,25/02/13 19:54:37,40,0
20,16,25/02/13 19:59:01,25/02/13 20:02:01,40,1
20,17,25/02/13 20:03:42,25/02/13 20:04:52,40,0
40,18,25/02/13 20:07:56,25/02/13 20:09:18,40,0
40,19,25/02/13 20:09:22,25/02/13 20:10:31,40,0
40,20,25/02/13 22:26:40,25/02/13 22:28:18,40,1
40,21,25/02/13 22:28:21,25/02/13 22:29:31,40,0
20,22,25/02/13 22:29:53,25/02/13 22:31:15,40,0
20,23,25/02/13 22:31:32,25/02/13 22:36:15,40,2
80,24,25/02/13 22:38:21,25/02/13 22:41:34,40,1
80,25,25/02/13 22:41:35,25/02/13 22:42:46,40,0
60,26,25/02/13 22:43:23,25/02/13 22:44:48,40,0
60,27,25/02/13 22:45:29,25/02/13 22:46:38,40,0
60,28,25/02/13 22:46:39,25/02/13 22:47:49,40,0
100,29,25/02/13 22:48:10,25/02/13 22:49:35,40,0
100,30,25/02/13 22:49:56,25/02/13 22:51:05,40,0
120,31,25/02/13 22:53:27,25/02/13 22:56:14,40,2
120,32,25/02/13 22:56:23,25/02/13 22:57:39,40,0
140,33,25/02/13 22:58:03,25/02/13 23:00:08,40,2
140,34,25/02/13 23:00:36,25/02/13 23:03:00,40,5
160,35,25/02/13 23:22:20,25/02/13 23:23:54,40,1
160,36,25/02/13 23:23:56,25/02/13 23:25:13,40,0
160,37,25/02/14 00:18:26,25/02/14 00:21:03,40,1
140,38,25/02/14 00:23:07,25/02/14 00:24:41,40,1
140,39,25/02/14 00:24:44,25/02/14 00:26:00,40,0
120,40,25/02/14 00:26:26,25/02/14 00:27:56,40,0
90,41,25/02/14 00:31:35,25/02/14 00:33:56,40,1
100,42,25/02/14 00:33:58,25/02/14 00:35:09,40,0
100,43,25/02/14 00:35:12,25/02/14 00:36:21,40,0
50,44,25/02/14 00:36:53,25/02/14 00:39:16,40,1
60,45,25/02/14 00:39:33,25/02/14 00:40:42,40,0
80,46,25/02/14 00:41:23,25/02/14 00:42:46,40,0
80,47,25/02/14 00:43:04,25/02/14 00:44:12,40,0
40,48,25/02/14 00:48:04,25/02/14 00:51:48,40,2
40,49,25/02/14 00:51:49,25/02/14 00:52:59,40,0
40,50,25/02/14 02:11:35,25/02/14 02:14:41,40,2
20,51,25/02/14 02:16:27,25/02/14 02:19:20,40,1
20,52,25/02/14 02:19:22,25/02/14 02:20:32,40,0
20,53,25/02/14 02:20:34,25/02/14 02:21:43,40,0
80,54,25/02/14 02:23:46,25/02/14 02:26:14,40,1
60,55,25/02/14 02:26:37,25/02/14 02:27:59,40,0
60,56,25/02/14 02:28:21,25/02/14 02:29:30,40,0
100,57,25/02/14 02:29:58,25/02/14 02:31:22,40,0
100,58,25/02/14 02:31:25,25/02/14 02:32:34,40,0
120,59,25/02/14 02:33:44,25/02/14 02:37:07,40,1
120,60,25/02/14 02:37:16,25/02/14 02:38:33,40,0
160,61,25/02/14 02:38:55,25/02/14 02:40:22,40,0
160,62,25/02/14 02:40:24,25/02/14 02:41:40,40,0
9000,2,25/02/14 07:31:01,25/02/14 07:31:11,3,0
9010,3,25/02/14 07:31:17,25/02/14 07:31:23,1,0
160,2,25/02/14 07:39:00,25/02/14 07:44:06,40,1
160,3,25/02/14 07:44:42,25/02/14 07:46:00,40,0
110,4,25/02/14 07:47:00,25/02/14 07:48:34,40,0
120,5,25/02/14 07:50:33,25/02/14 07:51:49,40,0
120,6,25/02/14 07:52:23,25/02/14 07:53:39,40,0
150,7,25/02/14 07:54:23,25/02/14 07:55:49,40,0
130,9,25/02/14 07:57:59,25/02/14 07:59:34,40,1
140,10,25/02/14 08:01:17,25/02/14 08:02:34,40,0
140,11,25/02/14 08:04:39,25/02/14 08:05:55,40,0
140,12,25/02/14 08:06:56,25/02/14 08:10:52,40,1
140,13,25/02/14 08:11:18,25/02/14 08:18:12,40,4
100,14,25/02/14 08:20:15,25/02/14 08:24:32,40,1
100,15,25/02/14 08:24:37,25/02/14 08:25:47,40,0
60,16,25/02/14 08:27:57,25/02/14 08:29:19,40,0
60,17,25/02/14 08:29:33,25/02/14 08:30:42,40,0
70,18,25/02/14 08:36:13,25/02/14 08:50:56,40,8
80,19,25/02/14 08:51:04,25/02/14 08:54:38,40,1
80,20,25/02/14 08:54:48,25/02/14 08:55:57,40,0
10,21,25/02/14 08:59:24,25/02/14 09:03:06,40,1
20,22,25/02/14 09:03:11,25/02/14 09:04:21,40,0
20,23,25/02/14 09:04:31,25/02/14 09:05:40,40,0
30,24,25/02/14 09:06:35,25/02/14 09:08:55,40,2
40,25,25/02/14 09:33:53,25/02/14 09:38:24,40,2
40,26,25/02/14 09:39:27,25/02/14 09:40:37,40,0
40,27,25/02/14 09:40:55,25/02/14 09:42:04,40,0
30,28,25/02/14 09:42:56,25/02/14 09:44:08,40,0
40,29,25/02/14 09:45:32,25/02/14 09:46:41,40,0
40,30,25/02/14 09:46:47,25/02/14 09:47:56,40,0
10,31,25/02/14 09:59:27,25/02/14 10:00:47,30,3
20,32,25/02/14 10:01:03,25/02/14 10:02:12,40,0
20,33,25/02/14 10:02:25,25/02/14 10:03:34,40,0
20,34,25/02/14 10:04:23,25/02/14 10:05:32,40,0
50,35,25/02/14 10:08:13,25/02/14 10:12:53,40,1
60,36,25/02/14 10:13:18,25/02/14 10:14:29,40,0
60,37,25/02/14 10:14:41,25/02/14 10:15:50,40,0
70,38,25/02/14 10:18:03,25/02/14 10:20:41,40,1
70,39,25/02/14 10:21:02,25/02/14 10:22:10,40,0
80,40,25/02/14 10:22:32,25/02/14 10:23:42,40,0
80,41,25/02/14 10:24:16,25/02/14 10:25:26,40,0
90,42,25/02/14 10:28:33,25/02/14 10:30:32,40,1
90,43,25/02/14 10:30:36,25/02/14 10:34:04,40,2
100,44,25/02/14 10:34:07,25/02/14 10:35:36,40,1
100,45,25/02/14 10:35:37,25/02/14 10:36:46,40,0
110,46,25/02/14 10:40:07,25/02/14 10:43:12,40,1
110,47,25/02/14 10:43:15,25/02/14 10:44:29,40,0
120,48,25/02/14 10:44:31,25/02/14 10:45:47,40,0
120,49,25/02/14 10:45:48,25/02/14 10:47:05,40,0
120,50,25/02/14 10:47:07,25/02/14 10:48:23,40,0
130,51,25/02/14 10:48:48,25/02/14 10:50:33,40,1
140,52,25/02/14 10:50:36,25/02/14 10:51:53,40,0
140,53,25/02/14 10:51:56,25/02/14 10:53:26,40,0
150,54,25/02/14 10:54:06,25/02/14 10:55:36,40,1
160,55,25/02/14 10:55:42,25/02/14 10:56:58,40,0
160,56,25/02/14 10:57:00,25/02/14 10:58:16,40,0
160,57,25/02/14 10:58:18,25/02/14 10:59:35,40,0
130,58,25/02/14 11:15:17,25/02/14 11:16:42,40,0
140,59,25/02/14 11:16:45,25/02/14 11:19:55,40,3
10,60,25/02/14 11:25:10,25/02/14 11:30:36,40,1
20,61,25/02/14 11:30:56,25/02/14 11:32:17,40,0
30,62,25/02/14 11:34:34,25/02/14 11:36:08,40,1
40,63,25/02/14 11:36:11,25/02/14 11:37:20,40,0
50,64,25/02/14 11:41:45,25/02/14 11:46:50,40,2
60,65,25/02/14 11:46:51,25/02/14 11:49:27,40,3
70,66,25/02/14 11:51:19,25/02/14 11:54:23,40,3
80,67,25/02/14 11:54:27,25/02/14 11:56:55,40,3
80,68,25/02/14 11:57:03,25/02/14 11:58:24,40,1
100,69,25/02/14 11:59:46,25/02/14 12:01:07,40,0
120,70,25/02/14 12:04:20,25/02/14 12:07:43,40,1
140,71,25/02/14 12:11:08,25/02/14 13:32:27,40,4
150,72,25/02/14 13:32:50,25/02/14 13:34:19,40,0
160,73,25/02/14 13:34:39,25/02/14 13:35:55,40,0
160,74,25/02/14 14:16:13,25/02/14 14:18:07,40,3
140,75,25/02/14 14:18:58,25/02/14 14:21:01,40,1
120,76,25/02/14 14:23:33,25/02/14 14:26:58,40,2
90,77,25/02/14 14:30:02,25/02/14 14:33:26,40,4
100,78,25/02/14 14:34:58,25/02/14 14:36:22,40,1
100,79,25/02/14 14:36:30,25/02/14 14:37:39,40,0
50,80,25/02/14 14:40:46,25/02/14 14:43:19,40,2
60,81,25/02/14 14:43:24,25/02/14 14:45:49,40,3
60,82,25/02/14 14:46:01,25/02/14 14:47:23,40,1
80,83,25/02/14 14:50:05,25/02/14 14:52:20,40,1
80,84,25/02/14 14:52:52,25/02/14 14:54:01,40,0
10,85,25/02/14 14:57:50,25/02/14 15:03:23,40,3
20,86,25/02/14 15:03:45,25/02/14 15:05:24,40,2
20,87,25/02/14 15:05:57,25/02/14 15:09:04,40,2
20,88,25/02/14 15:09:58,25/02/14 15:11:07,40,0
30,89,25/02/14 15:15:04,25/02/14 15:16:31,40,1
40,90,25/02/14 15:16:35,25/02/14 15:17:44,40,0
40,91,25/02/14 15:18:09,25/02/14 15:19:18,40,0
40,92,25/02/14 15:19:36,25/02/14 15:20:58,40,0
60,93,25/02/14 15:24:53,25/02/14 15:32:16,40,3
70,94,25/02/14 15:32:33,25/02/14 15:34:22,40,2
80,95,25/02/14 15:34:26,25/02/14 15:35:35,40,0
230,96,25/02/14 15:38:14,25/02/14 15:39:37,40,1
230,97,25/02/14 15:39:40,25/02/14 15:40:45,40,0
230,98,25/02/14 15:40:57,25/02/14 15:42:03,40,0
230,99,25/02/14 15:42:05,25/02/14 15:43:11,40,0
240,100,25/02/14 15:43:21,25/02/14 15:44:28,40,0
240,101,25/02/14 15:44:35,25/02/14 15:45:42,40,0
240,102,25/02/14 15:45:43,25/02/14 15:46:50,40,0
240,103,25/02/14 15:46:52,25/02/14 15:47:58,40,0
240,104,25/02/14 15:47:59,25/02/14 15:49:06,40,0
240,105,25/02/14 15:49:11,25/02/14 15:50:18,40,0
190,106,25/02/14 15:50:49,25/02/14 15:54:27,40,2
190,107,25/02/14 15:54:29,25/02/14 15:55:43,40,0
190,108,25/02/14 15:55:48,25/02/14 15:57:15,40,1
190,109,25/02/14 15:57:17,25/02/14 15:58:52,40,0
180,110,25/02/14 15:59:17,25/02/14 16:03:26,40,2
180,111,25/02/14 16:03:28,25/02/14 16:04:43,40,0
180,112,25/02/14 16:04:44,25/02/14 16:05:58,40,0
180,113,25/02/14 16:05:59,25/02/14 16:07:13,40,0
180,114,25/02/14 16:07:15,25/02/14 16:08:29,40,0
180,115,25/02/14 16:08:30,25/02/14 16:09:44,40,0
180,116,25/02/14 16:09:45,25/02/14 16:10:59,40,0
180,116,25/02/14 16:12:33,25/02/14 16:14:02,40,1
170,117,25/02/14 16:14:23,25/02/14 16:18:58,40,2
150,118,25/02/14 16:19:40,25/02/14 16:22:00,40,1
150,119,25/02/14 16:22:39,25/02/14 16:25:33,40,1
160,120,25/02/14 16:25:35,25/02/14 16:27:53,40,4
160,121,25/02/14 16:28:07,25/02/14 16:30:15,40,4
50,122,25/02/14 16:30:43,25/02/14 16:32:27,40,2
50,123,25/02/14 16:32:28,25/02/14 16:33:38,40,0
60,124,25/02/14 16:33:39,25/02/14 16:34:48,40,0
60,125,25/02/14 16:34:50,25/02/14 16:40:53,40,3
60,126,25/02/14 16:41:03,25/02/14 16:42:13,40,0
70,127,25/02/14 16:42:40,25/02/14 16:48:50,40,2
70,128,25/02/14 16:48:53,25/02/14 16:49:58,40,0
80,129,25/02/14 16:49:59,25/02/14 16:52:19,40,2
80,130,25/02/14 16:52:21,25/02/14 16:53:42,40,1
80,131,25/02/14 16:53:44,25/02/14 16:54:53,40,0
100,132,25/02/14 16:54:54,25/02/14 16:56:16,40,1
110,133,25/02/14 16:56:40,25/02/14 16:58:23,40,2
110,134,25/02/14 16:58:24,25/02/14 16:59:30,40,0
150,135,25/02/14 18:24:49,25/02/14 18:30:18,40,1
160,136,25/02/14 18:30:20,25/02/14 18:31:38,40,0
110,137,25/02/14 18:32:24,25/02/14 18:33:50,40,0
110,138,25/02/14 18:34:05,25/02/14 18:35:18,40,0
120,139,25/02/14 18:35:33,25/02/14 18:36:51,40,0
9010,2,25/02/14 19:05:43,25/02/14 19:05:53,1,0
9000,3,25/02/14 19:05:58,25/02/14 19:06:05,3,0
160,4,25/02/14 19:13:13,25/02/14 19:17:15,40,2
160,5,25/02/14 19:17:27,25/02/14 19:18:53,40,0
130,6,25/02/14 19:20:46,25/02/14 19:23:33,40,4
140,7,25/02/14 19:24:02,25/02/14 19:25:18,40,0
140,8,25/02/14 19:25:25,25/02/14 19:26:42,40,0
120,9,25/02/14 19:27:21,25/02/14 19:28:53,40,0
100,10,25/02/14 19:32:04,25/02/14 19:35:12,40,2
100,11,25/02/14 19:35:13,25/02/14 19:37:31,40,4
80,14,25/02/14 19:38:24,25/02/14 19:42:59,40,4
50,12,25/02/14 19:43:32,25/02/14 19:45:16,40,1
60,13,25/02/14 19:46:37,25/02/14 19:47:59,40,1
40,15,25/02/14 19:54:49,25/02/14 19:56:26,40,1
40,16,25/02/14 19:56:28,25/02/14 19:57:38,40,0
30,17,25/02/14 20:41:08,25/02/14 20:43:47,40,1
40,18,25/02/14 21:17:59,25/02/14 21:19:19,40,0
20,19,25/02/14 21:20:47,25/02/14 21:22:15,40,1
20,20,25/02/14 21:22:17,25/02/14 21:23:26,40,0
20,21,25/02/14 21:23:29,25/02/14 21:24:50,40,1
60,22,25/02/14 21:41:43,25/02/14 21:44:48,40,3
60,23,25/02/14 21:45:03,25/02/14 21:46:12,40,0
80,24,25/02/14 21:47:12,25/02/14 21:49:46,40,1
80,25,25/02/14 21:50:28,25/02/14 21:52:16,40,3
90,26,25/02/14 21:52:41,25/02/14 21:54:51,40,1
100,27,25/02/14 21:55:06,25/02/14 21:56:28,40,1
100,28,25/02/14 21:56:29,25/02/14 21:58:04,40,2
120,29,25/02/14 22:00:44,25/02/14 22:04:04,40,2
120,30,25/02/14 22:04:54,25/02/14 22:06:11,40,0
140,31,25/02/14 22:59:46,25/02/14 23:15:12,40,1
140,32,25/02/14 23:17:28,25/02/14 23:18:45,40,0
130,33,25/02/15 00:18:45,25/02/15 00:20:24,40,1
140,34,25/02/15 00:21:56,25/02/15 00:23:52,40,1
140,35,25/02/15 00:23:56,25/02/15 00:25:26,40,1
150,36,25/02/15 00:26:58,25/02/15 00:29:32,40,1
160,37,25/02/15 00:29:34,25/02/15 00:30:50,40,0
160,38,25/02/15 00:30:56,25/02/15 00:33:26,40,5
160,39,25/02/15 00:33:35,25/02/15 00:34:51,40,0
110,40,25/02/15 00:35:29,25/02/15 00:36:59,40,0
120,41,25/02/15 00:37:49,25/02/15 00:39:05,40,0
120,42,25/02/15 00:39:14,25/02/15 00:40:30,40,0
90,43,25/02/15 00:43:01,25/02/15 00:45:31,40,1
100,44,25/02/15 00:45:33,25/02/15 00:46:43,40,0
100,45,25/02/15 00:46:44,25/02/15 00:47:53,40,0
70,46,25/02/15 00:50:39,25/02/15 00:52:57,40,2
80,47,25/02/15 00:52:58,25/02/15 00:54:19,40,1
80,48,25/02/15 00:54:20,25/02/15 00:56:53,40,6
50,49,25/02/15 00:57:17,25/02/15 00:58:55,40,1
60,50,25/02/15 00:58:57,25/02/15 01:00:18,40,1
60,51,25/02/15 01:00:59,25/02/15 01:02:08,40,0
40,52,25/02/15 02:00:58,25/02/15 02:04:37,40,1
40,53,25/02/15 02:04:40,25/02/15 02:05:50,40,0
30,54,25/02/15 02:18:43,25/02/15 02:19:55,40,0
30,55,25/02/15 02:20:16,25/02/15 02:21:28,40,0
30,56,25/02/15 02:21:30,25/02/15 02:22:43,40,0
10,57,25/02/15 02:24:21,25/02/15 02:26:08,40,2
10,58,25/02/15 02:26:13,25/02/15 02:27:38,40,1
10,59,25/02/15 02:27:56,25/02/15 02:29:08,40,0
10,60,25/02/15 02:29:09,25/02/15 02:30:21,40,0
20,61,25/02/15 02:30:23,25/02/15 02:31:32,40,0
20,62,25/02/15 02:31:34,25/02/15 02:32:54,40,1
50,63,25/02/15 02:35:02,25/02/15 02:38:26,40,2
50,64,25/02/15 02:39:03,25/02/15 02:40:51,40,3
50,65,25/02/15 02:40:52,25/02/15 02:42:01,40,0
70,66,25/02/15 02:42:26,25/02/15 02:44:31,40,2
70,67,25/02/15 02:44:33,25/02/15 02:45:42,40,0
90,68,25/02/15 02:46:10,25/02/15 02:47:40,40,1
90,69,25/02/15 02:47:41,25/02/15 02:48:50,40,0
110,70,25/02/15 03:07:22,25/02/15 03:10:11,40,2
110,71,25/02/15 03:10:13,25/02/15 03:11:39,40,1
130,72,25/02/15 03:12:55,25/02/15 03:14:49,40,2
130,73,25/02/15 03:15:08,25/02/15 03:16:48,40,2
150,74,25/02/15 03:17:14,25/02/15 03:18:44,40,0
150,75,25/02/15 03:18:46,25/02/15 03:19:59,40,0
9010,2,25/02/17 07:08:15,25/02/17 07:08:26,1,0
9000,3,25/02/17 07:08:32,25/02/17 07:08:39,3,0
150,4,25/02/17 07:11:04,25/02/17 08:35:48,40,1
150,5,25/02/17 08:35:54,25/02/17 08:37:08,40,0
130,6,25/02/17 08:37:54,25/02/17 08:40:48,40,1
130,7,25/02/17 08:40:51,25/02/17 08:42:43,40,3
110,8,25/02/17 08:43:25,25/02/17 08:46:41,40,2
110,9,25/02/17 08:46:55,25/02/17 08:48:08,40,0
90,10,25/02/17 08:50:19,25/02/17 08:52:46,40,2
90,11,25/02/17 08:52:56,25/02/17 08:54:04,40,0
70,14,25/02/17 08:55:04,25/02/17 08:56:49,40,1
70,15,25/02/17 08:57:07,25/02/17 08:58:27,40,0
50,12,25/02/17 08:59:04,25/02/17 09:00:54,40,1
50,13,25/02/17 09:01:24,25/02/17 09:02:46,40,1
10,16,25/02/17 09:06:14,25/02/17 09:08:58,40,1
10,17,25/02/17 09:11:33,25/02/17 09:12:46,40,0
10,18,25/02/17 09:12:48,25/02/17 09:14:19,40,0
10,19,25/02/17 09:14:39,25/02/17 09:16:04,40,1
10,20,25/02/17 09:16:11,25/02/17 09:17:34,40,0
30,28,25/02/17 09:19:36,25/02/17 09:22:36,40,4
30,21,25/02/17 09:22:53,25/02/17 09:25:29,40,5
30,22,25/02/17 09:26:34,25/02/17 09:28:22,40,3
30,23,25/02/17 09:29:24,25/02/17 09:30:39,40,0
30,24,25/02/17 09:31:05,25/02/17 09:32:18,40,0
50,25,25/02/17 09:34:27,25/02/17 09:37:25,40,1
50,26,25/02/17 09:37:38,25/02/17 09:38:48,40,0
50,27,25/02/17 09:39:03,25/02/17 09:40:12,40,0
70,29,25/02/17 09:40:39,25/02/17 09:43:19,40,2
70,30,25/02/17 09:43:20,25/02/17 09:44:29,40,0
70,31,25/02/17 09:44:39,25/02/17 09:45:48,40,0
90,32,25/02/17 09:46:06,25/02/17 09:48:37,40,1
90,33,25/02/17 09:48:58,25/02/17 09:50:20,40,1
90,34,25/02/17 09:50:22,25/02/17 09:51:45,40,1
110,35,25/02/17 09:53:09,25/02/17 09:55:17,40,1
110,36,25/02/17 09:55:18,25/02/17 09:56:32,40,0
110,37,25/02/17 09:56:34,25/02/17 09:57:47,40,0
130,38,25/02/17 09:58:11,25/02/17 09:59:37,40,0
130,39,25/02/17 10:15:27,25/02/17 10:16:40,40,0
130,40,25/02/17 10:16:45,25/02/17 10:17:58,40,0
130,41,25/02/17 10:18:00,25/02/17 10:19:13,40,0
150,42,25/02/17 11:04:04,25/02/17 11:06:52,40,1
150,43,25/02/17 11:07:30,25/02/17 11:08:44,40,0
150,44,25/02/17 11:22:03,25/02/17 11:23:18,47,1
150,45,25/02/17 12:47:04,25/02/17 12:48:57,40,1
150,46,25/02/17 12:49:08,25/02/17 12:50:23,40,0
130,47,25/02/17 12:52:05,25/02/17 12:53:36,40,1
130,48,25/02/17 12:54:09,25/02/17 12:55:22,40,0
130,49,25/02/17 12:55:33,25/02/17 12:56:46,40,0
110,50,25/02/17 12:57:11,25/02/17 12:58:39,40,0
110,51,25/02/17 12:59:38,25/02/17 13:00:51,40,0
110,52,25/02/17 13:00:54,25/02/17 13:02:06,40,0
90,53,25/02/17 13:04:27,25/02/17 13:07:20,40,1
90,54,25/02/17 13:07:22,25/02/17 13:08:32,40,0
90,55,25/02/17 13:08:39,25/02/17 13:09:48,40,0
70,56,25/02/17 13:10:14,25/02/17 13:11:37,40,0
70,57,25/02/17 13:12:17,25/02/17 13:13:26,40,0
70,58,25/02/17 13:13:35,25/02/17 13:14:44,40,0
50,59,25/02/17 13:15:05,25/02/17 13:16:28,40,0
50,60,25/02/17 13:17:38,25/02/17 13:18:46,40,0
50,61,25/02/17 13:18:48,25/02/17 13:19:57,40,0
10,62,25/02/17 13:22:52,25/02/17 13:25:37,40,1
10,63,25/02/17 13:25:43,25/02/17 13:27:30,40,1
10,64,25/02/17 13:27:47,25/02/17 13:28:59,40,0
10,65,25/02/17 14:16:58,25/02/17 14:18:52,40,1
10,66,25/02/17 14:18:58,25/02/17 14:20:11,40,0
10,67,25/02/17 14:20:13,25/02/17 14:21:25,40,0
30,68,25/02/17 14:23:01,25/02/17 14:25:22,40,1
30,69,25/02/17 14:25:25,25/02/17 14:26:37,40,0
30,70,25/02/17 14:26:43,25/02/17 14:27:55,40,0
30,71,25/02/17 14:28:04,25/02/17 14:29:16,40,0
30,72,25/02/17 14:29:18,25/02/17 14:30:43,40,1
30,73,25/02/17 14:30:53,25/02/17 14:34:28,40,1
50,74,25/02/17 14:36:42,25/02/17 14:40:29,40,2
50,75,25/02/17 14:40:31,25/02/17 14:41:41,40,0
70,76,25/02/17 14:43:27,25/02/17 14:44:52,40,0
70,77,25/02/17 14:45:39,25/02/17 14:46:48,40,0
70,78,25/02/17 14:46:50,25/02/17 14:47:59,40,0
90,79,25/02/17 14:48:26,25/02/17 14:50:46,40,1
90,80,25/02/17 14:50:50,25/02/17 14:51:59,40,0
110,81,25/02/17 14:53:43,25/02/17 14:56:04,40,1
110,82,25/02/17 14:56:07,25/02/17 14:58:23,40,1
150,83,25/02/17 14:58:50,25/02/17 15:00:29,40,2
150,84,25/02/17 15:00:31,25/02/17 15:01:44,40,0
150,85,25/02/17 15:01:45,25/02/17 15:02:58,40,0
9000,2,25/02/17 19:20:56,25/02/17 19:21:06,3,0
9000,2,25/02/17 19:21:24,25/02/17 19:21:35,3,1
9010,3,25/02/17 19:21:49,25/02/17 19:21:56,1,0
150,4,25/02/17 19:25:28,25/02/17 19:32:10,40,1
150,5,25/02/17 19:32:33,25/02/17 19:33:46,40,0
110,6,25/02/17 19:35:16,25/02/17 19:37:32,40,0
110,7,25/02/17 19:37:42,25/02/17 19:40:16,40,1
110,8,25/02/17 19:40:21,25/02/17 19:41:35,40,0
130,9,25/02/17 19:43:25,25/02/17 19:46:02,40,1
130,10,25/02/17 19:46:05,25/02/17 19:47:17,40,0
130,11,25/02/17 19:47:32,25/02/17 19:48:45,40,0
130,12,25/02/17 19:48:54,25/02/17 19:55:07,40,2
130,13,25/02/17 19:55:10,25/02/17 19:56:24,40,0
90,14,25/02/17 19:58:07,25/02/17 20:02:01,40,1
90,15,25/02/17 20:02:25,25/02/17 20:03:35,40,0
50,16,25/02/17 20:06:18,25/02/17 20:07:40,40,0
50,17,25/02/17 20:07:44,25/02/17 20:08:53,40,0
70,18,25/02/17 20:11:31,25/02/17 20:12:53,40,0
70,19,25/02/17 20:13:01,25/02/17 20:14:10,40,0
70,20,25/02/17 20:24:03,25/02/17 20:25:11,40,0
90,21,25/02/17 20:27:55,25/02/17 20:29:26,40,1
90,22,25/02/17 20:29:32,25/02/17 20:30:41,40,0
10,23,25/02/17 20:34:04,25/02/17 20:38:49,40,1
10,24,25/02/17 20:39:08,25/02/17 20:40:21,40,0
10,25,25/02/17 20:40:45,25/02/17 20:41:57,40,0
30,26,25/02/17 20:43:46,25/02/17 20:45:11,40,0
30,27,25/02/17 20:45:37,25/02/17 20:46:49,40,0
30,28,25/02/17 20:47:12,25/02/17 20:48:24,40,0
50,29,25/02/17 21:15:45,25/02/17 21:19:01,40,1
50,30,25/02/17 21:19:26,25/02/17 21:20:37,40,0
70,31,25/02/17 21:21:25,25/02/17 21:22:47,40,0
90,32,25/02/17 21:24:23,25/02/17 21:25:46,40,0
110,33,25/02/17 21:29:51,25/02/17 21:34:01,40,1
110,34,25/02/17 21:34:03,25/02/17 21:35:17,40,0
130,35,25/02/17 21:51:58,25/02/17 21:53:24,40,0
130,36,25/02/17 21:53:25,25/02/17 21:57:42,40,1
150,37,25/02/17 22:00:15,25/02/17 22:01:41,40,0
150,38,25/02/17 22:01:43,25/02/17 22:02:56,40,0
150,39,25/02/17 22:09:06,25/02/17 22:10:18,40,0
130,40,25/02/17 22:10:57,25/02/17 22:12:22,40,0
110,41,25/02/17 22:14:34,25/02/17 22:15:59,40,0
50,42,25/02/17 22:22:17,25/02/17 22:25:43,40,1
70,43,25/02/17 22:27:07,25/02/17 22:28:25,40,0
50,44,25/02/17 22:49:51,25/02/17 22:52:02,40,0
90,45,25/02/17 22:52:36,25/02/17 22:53:58,40,0
10,46,25/02/17 22:59:44,25/02/17 23:04:50,40,1
10,47,25/02/17 23:05:46,25/02/17 23:07:33,40,0
30,48,25/02/17 23:07:59,25/02/17 23:10:59,40,2
30,49,25/02/17 23:11:01,25/02/17 23:12:13,40,0
30,50,25/02/18 00:57:36,25/02/18 00:58:54,40,1
10,51,25/02/18 00:59:36,25/02/18 01:01:00,40,0
150,52,25/02/18 01:02:54,25/02/18 01:06:44,40,1
150,53,25/02/18 01:06:46,25/02/18 01:08:00,40,0
130,54,25/02/18 01:09:56,25/02/18 01:11:21,40,0
110,55,25/02/18 01:12:13,25/02/18 01:13:39,40,0
110,56,25/02/18 01:16:57,25/02/18 01:18:31,40,1
130,57,25/02/18 01:19:15,25/02/18 01:20:46,40,0
90,58,25/02/18 01:22:26,25/02/18 01:25:35,40,1
90,59,25/02/18 01:25:50,25/02/18 01:27:00,40,0
70,60,25/02/18 01:29:14,25/02/18 01:30:54,40,2
70,61,25/02/18 01:30:58,25/02/18 01:32:07,40,0
50,62,25/02/18 01:33:32,25/02/18 01:35:45,40,2
50,63,25/02/18 02:56:56,25/02/18 02:58:11,40,1
70,64,25/02/18 02:58:35,25/02/18 02:59:56,40,0
90,65,25/02/18 03:02:04,25/02/18 03:03:28,40,0
110,66,25/02/18 03:04:53,25/02/18 03:08:02,40,1
130,67,25/02/18 03:27:34,25/02/18 03:29:02,40,0
150,68,25/02/18 03:29:37,25/02/18 03:31:02,40,0
150,69,25/02/18 03:31:09,25/02/18 03:32:22,40,0
10,70,25/02/18 03:36:24,25/02/18 03:39:38,40,1
10,71,25/02/18 03:40:36,25/02/18 03:41:49,40,0
30,72,25/02/18 03:44:03,25/02/18 03:45:25,40,0
30,73,25/02/18 03:45:26,25/02/18 03:46:38,40,0
50,74,25/02/18 04:01:03,25/02/18 04:04:40,40,1
50,75,25/02/18 04:04:44,25/02/18 04:05:54,40,0
70,76,25/02/18 04:06:38,25/02/18 04:08:19,40,0
90,77,25/02/18 04:09:44,25/02/18 04:11:07,40,0
9010,2,25/02/18 07:03:56,25/02/18 07:04:07,1,0
9000,3,25/02/18 07:04:12,25/02/18 07:04:20,3,0
10,4,25/02/18 07:07:15,25/02/18 08:17:33,40,0
10,5,25/02/18 08:17:39,25/02/18 08:18:52,40,0
10,6,25/02/18 08:18:54,25/02/18 08:20:06,40,0
30,7,25/02/18 08:21:29,25/02/18 08:24:25,40,2
30,8,25/02/18 08:24:29,25/02/18 08:25:41,40,0
30,9,25/02/18 08:26:17,25/02/18 08:27:29,40,0
30,10,25/02/18 08:27:35,25/02/18 08:28:47,40,0
70,11,25/02/18 08:30:54,25/02/18 08:34:05,40,1
70,12,25/02/18 08:34:11,25/02/18 08:35:21,40,0
70,13,25/02/18 08:35:23,25/02/18 08:36:44,40,1
50,14,25/02/18 08:37:10,25/02/18 08:38:29,40,0
50,15,25/02/18 08:38:40,25/02/18 08:39:49,40,0
90,16,25/02/18 08:40:09,25/02/18 08:41:47,40,1
90,17,25/02/18 08:42:07,25/02/18 08:43:16,40,0
90,18,25/02/18 08:43:23,25/02/18 08:44:32,40,0
150,23,25/02/18 08:47:47,25/02/18 08:51:26,40,3
150,24,25/02/18 08:51:30,25/02/18 08:52:43,40,0
150,25,25/02/18 08:52:52,25/02/18 08:55:31,40,1
150,26,25/02/18 08:55:38,25/02/18 08:56:50,40,0
110,19,25/02/18 08:57:18,25/02/18 09:00:28,40,1
110,20,25/02/18 09:00:38,25/02/18 09:01:50,40,0
110,21,25/02/18 09:01:52,25/02/18 09:03:05,40,0
110,22,25/02/18 09:03:07,25/02/18 09:04:19,40,0
130,27,25/02/18 09:04:52,25/02/18 09:09:48,40,1
130,28,25/02/18 09:09:59,25/02/18 09:11:13,40,0
130,29,25/02/18 09:11:30,25/02/18 09:12:43,40,0
130,30,25/02/18 09:12:45,25/02/18 09:14:35,40,1
130,31,25/02/18 10:27:50,25/02/18 10:31:52,40,1
130,32,25/02/18 10:31:55,25/02/18 10:33:08,40,0
130,33,25/02/18 10:33:10,25/02/18 10:34:23,40,0
150,34,25/02/18 10:35:37,25/02/18 10:37:12,40,1
150,35,25/02/18 10:37:18,25/02/18 10:38:30,40,0
150,36,25/02/18 10:38:34,25/02/18 10:39:47,40,0
110,37,25/02/18 10:40:08,25/02/18 10:41:34,40,0
110,38,25/02/18 10:42:06,25/02/18 10:43:19,40,0
110,39,25/02/18 10:43:49,25/02/18 10:45:02,40,0
90,40,25/02/18 10:46:34,25/02/18 10:49:17,40,1
90,41,25/02/18 10:49:23,25/02/18 10:50:33,40,0
90,42,25/02/18 10:50:34,25/02/18 10:51:43,40,0
70,43,25/02/18 10:52:12,25/02/18 10:55:00,40,1
70,44,25/02/18 10:55:01,25/02/18 10:56:10,40,0
70,45,25/02/18 10:56:17,25/02/18 10:57:25,40,0
50,46,25/02/18 10:57:47,25/02/18 10:59:08,40,0
50,47,25/02/18 10:59:27,25/02/18 11:00:35,40,0
50,48,25/02/18 11:00:38,25/02/18 11:02:00,40,1
50,49,25/02/18 11:02:02,25/02/18 11:03:10,40,0
10,50,25/02/18 11:05:00,25/02/18 11:08:13,40,1
10,51,25/02/18 11:08:20,25/02/18 11:09:33,40,0
10,52,25/02/18 11:09:34,25/02/18 11:10:46,40,0
10,53,25/02/18 11:36:19,25/02/18 12:52:06,40,1
10,54,25/02/18 12:52:10,25/02/18 12:54:41,40,1
10,55,25/02/18 12:55:07,25/02/18 12:56:20,40,0
10,56,25/02/18 12:56:48,25/02/18 12:58:01,40,0
30,57,25/02/18 12:59:29,25/02/18 13:00:59,40,1
30,58,25/02/18 13:01:01,25/02/18 13:02:13,40,0
30,59,25/02/18 13:02:15,25/02/18 13:03:28,40,0
30,60,25/02/18 13:03:29,25/02/18 13:05:01,40,0
30,61,25/02/18 13:05:11,25/02/18 13:06:25,40,0
30,62,25/02/18 13:06:27,25/02/18 13:07:40,40,0
50,63,25/02/18 13:10:05,25/02/18 13:12:41,40,1
50,64,25/02/18 13:13:01,25/02/18 13:14:11,40,0
50,65,25/02/18 13:14:23,25/02/18 13:15:32,40,0
70,67,25/02/18 13:16:40,25/02/18 13:18:46,40,1
70,68,25/02/18 13:18:51,25/02/18 13:19:59,40,0
70,69,25/02/18 13:20:18,25/02/18 13:21:27,40,0
90,70,25/02/18 13:21:54,25/02/18 13:23:26,40,0
90,71,25/02/18 13:24:04,25/02/18 13:25:19,40,0
90,72,25/02/18 13:25:39,25/02/18 13:26:48,40,0
110,73,25/02/18 13:28:27,25/02/18 13:30:48,40,1
110,74,25/02/18 13:30:53,25/02/18 13:32:07,40,0
110,75,25/02/18 13:32:09,25/02/18 13:33:22,40,0
150,76,25/02/18 13:52:37,25/02/18 13:54:06,40,0
150,77,25/02/18 14:02:57,25/02/18 14:08:44,40,1
150,78,25/02/18 14:14:20,25/02/18 14:15:35,40,0
150,79,25/02/18 14:24:04,25/02/18 14:25:17,40,0
150,80,25/02/18 14:25:26,25/02/18 14:29:36,40,1
150,81,25/02/18 14:29:41,25/02/18 14:30:54,40,0
130,82,25/02/18 14:32:38,25/02/18 14:35:41,40,1
130,83,25/02/18 14:35:46,25/02/18 14:36:59,40,0
130,84,25/02/18 14:37:02,25/02/18 14:38:15,40,0
130,85,25/02/18 14:38:21,25/02/18 14:39:33,40,0
130,86,25/02/18 14:39:41,25/02/18 14:40:55,40,0
130,87,25/02/18 14:41:00,25/02/18 14:42:14,40,0
110,88,25/02/18 14:42:34,25/02/18 14:43:58,40,0
110,89,25/02/18 14:44:02,25/02/18 14:45:14,40,0
90,90,25/02/18 14:49:07,25/02/18 14:50:21,40,1
90,91,25/02/18 14:51:18,25/02/18 14:52:28,40,0
90,92,25/02/18 14:52:31,25/02/18 14:55:38,40,1
70,93,25/02/18 14:56:20,25/02/18 14:57:43,40,0
70,94,25/02/18 14:57:56,25/02/18 14:59:05,40,0
70,95,25/02/18 14:59:30,25/02/18 15:00:39,40,0
50,96,25/02/18 15:00:58,25/02/18 15:02:33,40,2
50,97,25/02/18 15:02:39,25/02/18 15:03:48,40,0
10,98,25/02/18 16:46:02,25/02/18 16:50:06,40,2
10,99,25/02/18 16:50:08,25/02/18 16:51:20,40,0
10,100,25/02/18 16:51:29,25/02/18 16:52:41,40,0
30,101,25/02/18 16:54:12,25/02/18 16:57:14,40,2
30,102,25/02/18 17:02:36,25/02/18 17:03:48,40,0
30,103,25/02/18 17:03:50,25/02/18 17:05:02,40,0
30,104,25/02/18 17:05:08,25/02/18 17:06:20,40,0
50,105,25/02/18 17:08:11,25/02/18 17:10:37,40,1
50,106,25/02/18 17:10:39,25/02/18 17:11:49,40,0
50,107,25/02/18 17:11:54,25/02/18 17:13:02,40,0
70,108,25/02/18 17:13:25,25/02/18 17:14:45,40,0
70,109,25/02/18 17:14:49,25/02/18 17:15:58,40,0
90,110,25/02/18 17:16:15,25/02/18 17:17:37,40,0
90,111,25/02/18 17:17:50,25/02/18 17:18:59,40,0
110,112,25/02/18 17:20:15,25/02/18 17:22:30,40,1
110,113,25/02/18 17:22:32,25/02/18 17:23:46,40,0
110,114,25/02/18 17:23:53,25/02/18 17:25:06,40,0
130,115,25/02/18 17:25:58,25/02/18 17:27:23,40,0
130,116,25/02/18 17:27:28,25/02/18 17:28:41,40,0
9000,2,25/02/18 19:23:43,25/02/18 19:23:53,3,0
9010,3,25/02/18 19:24:03,25/02/18 19:24:10,1,0
130,4,25/02/18 19:26:38,25/02/18 19:36:09,40,6
130,5,25/02/18 19:36:19,25/02/18 19:37:32,40,0
110,6,25/02/18 19:37:56,25/02/18 19:39:22,40,0
110,7,25/02/18 19:39:23,25/02/18 19:40:36,40,0
150,8,25/02/18 19:42:28,25/02/18 19:43:55,40,0
150,9,25/02/18 19:43:58,25/02/18 19:45:10,40,0
150,10,25/02/18 19:45:26,25/02/18 19:46:39,40,0
90,11,25/02/18 19:48:04,25/02/18 19:51:28,40,1
70,12,25/02/18 19:54:14,25/02/18 20:00:16,40,4
50,13,25/02/18 20:01:33,25/02/18 20:03:03,40,1
10,14,25/02/18 20:05:43,25/02/18 20:08:44,40,1
10,15,25/02/18 20:08:51,25/02/18 20:10:04,40,0
30,16,25/02/18 20:11:41,25/02/18 20:13:08,40,0
30,17,25/02/18 20:13:10,25/02/18 20:14:22,40,0
30,18,25/02/18 22:06:18,25/02/18 22:07:45,40,0
30,19,25/02/18 22:07:47,25/02/18 22:09:00,40,0
10,20,25/02/18 22:09:32,25/02/18 22:12:08,40,1
10,21,25/02/18 22:12:11,25/02/18 22:13:23,40,0
10,22,25/02/18 22:13:24,25/02/18 22:15:26,40,1
50,23,25/02/18 22:17:56,25/02/18 22:21:20,40,1
50,24,25/02/18 22:21:25,25/02/18 22:22:35,40,0
70,25,25/02/18 22:24:28,25/02/18 22:25:50,40,0
70,26,25/02/18 22:25:53,25/02/18 22:27:02,40,0
70,27,25/02/18 22:27:25,25/02/18 22:28:39,40,1
90,28,25/02/18 22:31:46,25/02/18 22:33:43,40,1
90,29,25/02/18 22:33:55,25/02/18 22:36:35,80,1
90,30,25/02/18 22:36:37,25/02/18 22:37:46,40,0
110,31,25/02/18 22:39:04,25/02/18 22:42:03,40,1
110,32,25/02/18 22:42:14,25/02/18 22:43:28,40,0
110,33,25/02/18 22:43:46,25/02/18 22:44:59,40,0
130,34,25/02/18 22:46:54,25/02/18 22:48:45,40,2
130,35,25/02/18 22:48:48,25/02/18 22:50:00,40,0
130,36,25/02/18 22:50:03,25/02/18 22:51:15,40,0
150,37,25/02/18 22:52:30,25/02/18 22:53:57,40,0
150,38,25/02/18 22:54:04,25/02/18 22:55:17,40,0
150,39,25/02/18 22:55:27,25/02/18 22:56:40,40,0
150,40,25/02/18 22:56:45,25/02/18 22:57:57,40,0
130,41,25/02/19 01:23:19,25/02/19 01:24:53,40,1
110,42,25/02/19 01:26:04,25/02/19 01:27:31,40,0
90,43,25/02/19 01:29:42,25/02/19 01:32:42,40,1
90,44,25/02/19 01:32:54,25/02/19 01:34:04,40,0
50,45,25/02/19 01:35:56,25/02/19 01:37:19,40,0
50,46,25/02/19 01:37:20,25/02/19 01:38:29,40,0
50,47,25/02/19 01:38:35,25/02/19 01:39:44,40,0
50,48,25/02/19 01:39:46,25/02/19 01:40:55,40,0
70,49,25/02/19 01:45:01,25/02/19 01:47:02,40,1
70,50,25/02/19 01:47:24,25/02/19 01:48:33,40,0
70,51,25/02/19 01:48:35,25/02/19 01:49:44,40,0
10,52,25/02/19 01:54:09,25/02/19 01:58:17,40,1
10,53,25/02/19 01:58:20,25/02/19 01:59:33,40,0
10,54,25/02/19 02:00:20,25/02/19 02:01:32,40,0
30,55,25/02/19 02:02:52,25/02/19 02:04:17,40,0
30,56,25/02/19 02:04:19,25/02/19 02:05:31,40,0
30,57,25/02/19 02:05:33,25/02/19 02:06:45,40,0
30,58,25/02/19 02:06:47,25/02/19 02:08:00,40,0
30,59,25/02/19 03:53:31,25/02/19 03:56:57,40,1
10,59,25/02/19 03:57:44,25/02/19 04:01:03,40,1
70,61,25/02/19 04:03:20,25/02/19 04:07:13,40,1
70,62,25/02/19 04:07:15,25/02/19 04:08:25,40,0
90,62,25/02/19 04:10:04,25/02/19 04:18:14,120,4
110,64,25/02/19 04:19:45,25/02/19 04:22:12,40,1
110,65,25/02/19 04:22:18,25/02/19 04:23:32,40,0
110,66,25/02/19 04:23:36,25/02/19 04:24:48,40,0
110,65,25/02/19 04:25:19,25/02/19 04:26:33,40,0
130,41,25/02/19 04:29:54,25/02/19 04:35:02,160,0
150,39,25/02/19 04:48:38,25/02/19 04:52:45,120,1
50,48,25/02/19 04:54:59,25/02/19 05:00:39,120,1
9010,2,25/02/19 06:48:42,25/02/19 06:48:53,1,0
9000,3,25/02/19 06:49:14,25/02/19 06:49:22,3,0
150,4,25/02/19 06:52:25,25/02/19 07:18:59,40,1
150,5,25/02/19 07:19:04,25/02/19 07:20:17,40,0
150,6,25/02/19 07:20:22,25/02/19 07:21:34,40,0
150,7,25/02/19 07:21:38,25/02/19 07:22:51,40,0
130,8,25/02/19 07:24:32,25/02/19 07:26:02,40,1
130,9,25/02/19 07:26:37,25/02/19 07:27:50,40,0
110,10,25/02/19 07:28:32,25/02/19 07:30:56,40,0
110,11,25/02/19 07:30:59,25/02/19 07:32:12,40,0
90,12,25/02/19 07:34:02,25/02/19 07:36:31,40,1
90,13,25/02/19 07:36:50,25/02/19 07:38:00,40,0
70,14,25/02/19 07:38:25,25/02/19 07:39:48,40,0
70,15,25/02/19 07:39:52,25/02/19 07:41:01,40,0
70,16,25/02/19 07:41:03,25/02/19 07:42:11,40,0
70,17,25/02/19 07:42:16,25/02/19 07:43:24,40,0
50,18,25/02/19 07:43:49,25/02/19 07:45:12,40,0
50,19,25/02/19 07:45:51,25/02/19 07:47:00,40,0
10,20,25/02/19 07:49:38,25/02/19 07:52:45,40,1
10,21,25/02/19 07:52:48,25/02/19 07:54:01,40,0
10,22,25/02/19 07:54:07,25/02/19 07:55:19,40,0
10,23,25/02/19 07:55:21,25/02/19 07:56:33,40,0
10,24,25/02/19 07:56:37,25/02/19 07:57:49,40,0
30,25,25/02/19 08:00:12,25/02/19 08:02:36,40,2
30,26,25/02/19 08:02:39,25/02/19 08:03:51,40,0
30,27,25/02/19 08:04:09,25/02/19 08:05:22,40,0
30,28,25/02/19 08:06:09,25/02/19 08:07:21,40,0
30,29,25/02/19 09:35:21,25/02/19 09:37:35,40,1
30,30,25/02/19 09:37:52,25/02/19 09:39:05,40,0
30,34,25/02/19 09:39:30,25/02/19 09:40:43,40,0
10,31,25/02/19 09:42:57,25/02/19 09:44:27,40,1
10,32,25/02/19 09:44:30,25/02/19 09:45:42,40,0
10,33,25/02/19 09:47:02,25/02/19 09:48:15,40,0
50,35,25/02/19 09:50:40,25/02/19 09:53:25,40,1
50,36,25/02/19 10:15:39,25/02/19 10:16:49,40,0
50,37,25/02/19 10:16:52,25/02/19 10:18:01,40,0
70,38,25/02/19 10:18:51,25/02/19 10:21:46,40,1
70,39,25/02/19 10:21:50,25/02/19 10:22:58,40,0
70,40,25/02/19 10:24:06,25/02/19 10:25:15,40,0
90,41,25/02/19 10:25:49,25/02/19 10:28:29,40,1
90,42,25/02/19 10:28:32,25/02/19 10:29:41,40,0
90,43,25/02/19 10:29:42,25/02/19 10:30:51,40,0
110,44,25/02/19 10:32:51,25/02/19 10:35:10,40,1
110,45,25/02/19 10:35:18,25/02/19 10:36:31,40,0
110,46,25/02/19 10:36:34,25/02/19 10:37:46,40,0
110,47,25/02/19 10:37:49,25/02/19 10:39:01,40,0
130,48,25/02/19 10:39:33,25/02/19 10:42:15,40,1
130,49,25/02/19 10:42:21,25/02/19 10:43:33,40,0
130,50,25/02/19 10:43:39,25/02/19 10:44:52,40,0
130,51,25/02/19 10:44:55,25/02/19 10:46:08,40,0
150,52,25/02/19 10:47:39,25/02/19 10:50:32,40,4
150,53,25/02/19 10:50:33,25/02/19 10:51:46,40,0
150,54,25/02/19 11:20:29,25/02/19 11:23:35,40,2
150,55,25/02/19 11:37:20,25/02/19 11:39:43,40,1
150,57,25/02/19 12:47:52,25/02/19 12:49:22,40,0
150,58,25/02/19 12:49:24,25/02/19 12:50:38,40,0
130,59,25/02/19 12:52:17,25/02/19 12:55:22,40,1
130,60,25/02/19 12:55:24,25/02/19 12:56:36,40,0
110,61,25/02/19 12:57:11,25/02/19 12:58:37,40,0
110,62,25/02/19 12:58:54,25/02/19 13:00:07,40,0
90,63,25/02/19 13:03:33,25/02/19 13:05:54,40,1
90,64,25/02/19 13:06:00,25/02/19 13:07:10,40,0
90,65,25/02/19 13:07:12,25/02/19 13:08:20,40,0
70,66,25/02/19 13:08:52,25/02/19 13:10:14,40,0
70,67,25/02/19 13:10:36,25/02/19 13:11:45,40,0
70,68,25/02/19 13:11:50,25/02/19 13:12:59,40,0
50,69,25/02/19 13:13:22,25/02/19 13:14:43,40,0
50,70,25/02/19 13:15:16,25/02/19 13:16:37,40,1
50,71,25/02/19 13:16:41,25/02/19 13:17:50,40,0
10,72,25/02/19 13:27:31,25/02/19 14:05:57,40,1
10,73,25/02/19 14:08:54,25/02/19 14:10:07,40,0
10,74,25/02/19 14:10:12,25/02/19 14:11:24,40,0
10,75,25/02/19 14:20:24,25/02/19 14:23:47,40,2
10,76,25/02/19 14:28:17,25/02/19 14:30:28,40,0
10,77,25/02/19 14:30:35,25/02/19 14:31:47,40,0
30,78,25/02/19 14:34:12,25/02/19 14:35:42,40,1
30,79,25/02/19 14:37:46,25/02/19 14:38:59,40,0
30,80,25/02/19 14:39:00,25/02/19 14:40:12,40,0
30,81,25/02/19 14:40:17,25/02/19 14:41:29,40,0
30,82,25/02/19 14:41:36,25/02/19 14:42:49,40,0
30,83,25/02/19 14:43:41,25/02/19 14:44:53,40,0
50,84,25/02/19 14:51:05,25/02/19 14:55:03,40,1
50,85,25/02/19 14:55:24,25/02/19 14:56:34,40,0
50,86,25/02/19 15:33:57,25/02/19 15:35:18,40,0
70,87,25/02/19 15:35:56,25/02/19 15:38:45,40,1
70,88,25/02/19 15:38:48,25/02/19 15:39:57,40,0
90,89,25/02/19 15:51:54,25/02/19 15:55:23,40,1
90,90,25/02/19 15:55:27,25/02/19 15:56:37,40,0
90,91,25/02/19 15:56:38,25/02/19 15:57:47,40,0
110,92,25/02/19 15:59:22,25/02/19 16:04:27,40,1
110,93,25/02/19 16:04:32,25/02/19 16:05:46,40,0
110,94,25/02/19 16:06:17,25/02/19 16:07:29,40,0
130,95,25/02/19 16:07:57,25/02/19 16:11:17,40,1
130,96,25/02/19 16:11:40,25/02/19 16:13:48,40,4
130,97,25/02/19 16:14:04,25/02/19 16:15:16,40,0
150,98,25/02/19 16:16:51,25/02/19 16:20:08,40,0
150,99,25/02/19 16:20:10,25/02/19 16:21:24,40,0
150,100,25/02/19 16:21:31,25/02/19 16:22:43,40,0
150,101,25/02/19 16:22:56,25/02/19 16:24:08,40,0
150,102,25/02/19 16:43:44,25/02/19 17:43:44,40,1
150,103,25/02/19 17:43:46,25/02/19 17:45:00,40,0
130,104,25/02/19 17:46:30,25/02/19 17:48:14,40,2
130,105,25/02/19 17:48:15,25/02/19 17:49:28,40,0
130,106,25/02/19 17:49:30,25/02/19 17:50:42,40,0
110,107,25/02/19 17:51:31,25/02/19 17:54:39,40,1
110,108,25/02/19 17:54:43,25/02/19 17:55:55,40,0
90,109,25/02/19 17:59:05,25/02/19 17:59:32,10,1
90,110,25/02/19 18:12:38,25/02/19 18:14:00,40,1
70,111,25/02/19 18:14:24,25/02/19 18:15:48,40,0
70,112,25/02/19 18:16:03,25/02/19 18:17:11,40,0
50,113,25/02/19 18:17:34,25/02/19 18:20:20,40,3
50,114,25/02/19 18:20:24,25/02/19 18:21:33,40,0
10,115,25/02/19 18:23:56,25/02/19 18:26:55,40,1
10,116,25/02/19 18:27:05,25/02/19 18:28:18,40,0
9000,2,25/02/19 19:27:39,25/02/19 19:27:49,3,0
9010,3,25/02/19 19:28:02,25/02/19 19:28:09,1,0
10,4,25/02/19 19:30:33,25/02/19 19:34:21,40,1
10,5,25/02/19 19:34:32,25/02/19 19:35:45,40,0
30,6,25/02/19 19:37:33,25/02/19 19:39:42,40,1
30,7,25/02/19 19:39:44,25/02/19 19:40:56,40,0
30,8,25/02/19 19:41:13,25/02/19 19:42:25,40,0
30,9,25/02/19 19:42:31,25/02/19 19:43:43,40,0
50,10,25/02/19 19:45:30,25/02/19 19:48:30,40,1
70,11,25/02/19 19:50:01,25/02/19 19:52:03,40,1
70,12,25/02/19 19:52:10,25/02/19 19:53:47,40,0
90,13,25/02/19 19:56:09,25/02/19 19:57:31,40,0
110,14,25/02/19 19:59:46,25/02/19 20:03:16,40,1
110,15,25/02/19 20:03:32,25/02/19 20:04:45,40,0
110,16,25/02/19 21:27:32,25/02/19 21:29:23,40,1
110,17,25/02/19 21:29:24,25/02/19 21:30:37,40,0
130,18,25/02/19 21:31:30,25/02/19 21:33:05,40,0
130,19,25/02/19 21:33:07,25/02/19 21:34:21,40,0
130,20,25/02/19 21:34:23,25/02/19 21:49:16,40,1
150,21,25/02/19 21:50:43,25/02/19 21:52:36,40,1
150,22,25/02/19 21:52:39,25/02/19 21:53:51,40,0
150,23,25/02/19 21:53:53,25/02/19 21:55:05,40,0
150,24,25/02/19 21:55:08,25/02/19 21:56:21,40,0
90,25,25/02/19 21:57:32,25/02/19 22:00:20,40,2
90,26,25/02/19 22:00:56,25/02/19 22:02:18,40,0
90,27,25/02/19 22:02:22,25/02/19 22:06:37,40,1
50,28,25/02/19 22:07:40,25/02/19 22:11:21,40,1
50,29,25/02/19 22:11:27,25/02/19 22:12:36,40,0
50,30,25/02/19 22:13:06,25/02/19 22:14:47,40,1
70,31,25/02/19 22:15:04,25/02/19 22:16:25,40,0
70,32,25/02/19 22:16:28,25/02/19 22:17:37,40,0
10,33,25/02/19 22:20:31,25/02/19 22:25:17,40,1
10,34,25/02/19 22:25:22,25/02/19 22:26:35,40,0
30,35,25/02/20 01:15:30,25/02/20 01:17:03,40,1
30,36,25/02/20 01:17:05,25/02/20 01:18:17,40,0
30,37,25/02/20 01:18:19,25/02/20 01:19:31,40,0
30,38,25/02/20 01:19:43,25/02/20 01:20:55,40,0
10,39,25/02/20 01:21:23,25/02/20 01:22:47,40,0
10,40,25/02/20 01:23:02,25/02/20 01:24:14,40,0
70,43,25/02/20 01:26:12,25/02/20 01:28:54,40,2
70,44,25/02/20 01:28:56,25/02/20 01:30:06,40,0
70,45,25/02/20 01:30:08,25/02/20 01:31:17,40,0
50,41,25/02/20 01:35:47,25/02/20 01:37:09,40,0
50,42,25/02/20 01:37:16,25/02/20 01:38:25,40,0
90,46,25/02/20 01:39:49,25/02/20 01:41:11,40,0
90,47,25/02/20 01:41:20,25/02/20 01:42:29,40,0
110,48,25/02/20 01:44:49,25/02/20 01:47:28,40,1
110,49,25/02/20 01:47:31,25/02/20 01:48:45,40,0
130,50,25/02/20 01:50:38,25/02/20 01:52:44,40,2
130,51,25/02/20 01:53:37,25/02/20 01:55:00,40,0
130,52,25/02/20 01:55:09,25/02/20 01:56:23,40,0
130,53,25/02/20 01:56:25,25/02/20 01:57:38,40,0
110,54,25/02/20 01:58:01,25/02/20 01:59:27,40,0
110,55,25/02/20 01:59:45,25/02/20 02:00:58,40,0
150,56,25/02/20 02:02:50,25/02/20 02:04:16,40,0
150,57,25/02/20 02:04:18,25/02/20 02:05:30,40,0
150,58,25/02/20 02:05:33,25/02/20 02:06:45,40,0
150,59,25/02/20 02:09:27,25/02/20 02:10:40,40,0
90,60,25/02/20 02:12:01,25/02/20 02:14:57,40,1
90,61,25/02/20 02:14:59,25/02/20 02:16:09,40,0
50,62,25/02/20 02:17:07,25/02/20 02:18:28,40,0
50,63,25/02/20 02:18:30,25/02/20 02:19:39,40,0
70,64,25/02/20 02:21:16,25/02/20 02:22:37,40,0
70,65,25/02/20 02:22:39,25/02/20 02:24:01,40,1
10,66,25/02/20 02:28:07,25/02/20 02:34:44,40,1
10,67,25/02/20 02:35:27,25/02/20 02:36:40,40,0
30,68,25/02/20 02:38:00,25/02/20 02:41:43,40,3
30,69,25/02/20 02:42:27,25/02/20 02:43:56,40,0
30,70,25/02/20 05:25:00,25/02/20 05:26:18,40,1
30,71,25/02/20 05:26:22,25/02/20 05:27:34,40,0
10,72,25/02/20 05:27:59,25/02/20 05:29:25,40,0
10,73,25/02/20 05:29:26,25/02/20 05:30:38,40,0
50,74,25/02/20 05:31:55,25/02/20 05:34:41,40,1
50,75,25/02/20 05:34:44,25/02/20 05:35:54,40,0
90,76,25/02/20 05:37:25,25/02/20 05:39:21,40,1
90,77,25/02/20 05:39:29,25/02/20 05:40:38,40,0
110,78,25/02/20 05:41:36,25/02/20 05:44:33,40,1
110,79,25/02/20 05:44:41,25/02/20 05:45:55,40,0
130,80,25/02/20 05:47:42,25/02/20 05:49:07,40,0
130,81,25/02/20 05:49:09,25/02/20 05:50:22,40,0
9010,2,25/02/20 06:47:40,25/02/20 06:48:06,1,0
9000,3,25/02/20 06:48:49,25/02/20 06:48:56,3,0
130,4,25/02/20 06:51:37,25/02/20 07:23:00,40,1
130,5,25/02/20 07:23:05,25/02/20 07:24:19,40,0
130,6,25/02/20 07:24:23,25/02/20 07:25:36,40,0
150,7,25/02/20 07:27:46,25/02/20 07:29:20,40,1
150,8,25/02/20 07:30:09,25/02/20 07:31:22,40,0
150,9,25/02/20 07:31:24,25/02/20 07:32:36,40,0
110,10,25/02/20 07:33:11,25/02/20 07:34:46,40,0
110,11,25/02/20 07:35:42,25/02/20 07:36:55,40,0
90,12,25/02/20 07:56:47,25/02/20 07:59:53,40,1
90,13,25/02/20 08:00:04,25/02/20 08:01:38,40,2
50,14,25/02/20 08:15:34,25/02/20 08:17:09,40,1
50,15,25/02/20 08:17:14,25/02/20 08:18:23,40,0
70,16,25/02/20 08:18:55,25/02/20 08:23:01,40,1
70,17,25/02/20 08:23:04,25/02/20 08:24:46,40,1
70,18,25/02/20 08:24:50,25/02/20 08:26:00,40,0
70,19,25/02/20 08:26:06,25/02/20 08:27:15,40,0
10,20,25/02/20 08:30:48,25/02/20 08:36:40,40,2
10,21,25/02/20 08:36:42,25/02/20 08:37:54,40,0
30,22,25/02/20 08:39:59,25/02/20 08:42:31,40,2
30,23,25/02/20 08:42:34,25/02/20 08:43:46,40,0
30,24,25/02/20 09:26:40,25/02/20 09:29:48,40,1
30,25,25/02/20 09:29:49,25/02/20 09:31:03,40,0
30,26,25/02/20 09:31:08,25/02/20 09:32:20,40,0
30,27,25/02/20 09:32:22,25/02/20 09:33:35,40,0
10,28,25/02/20 09:35:42,25/02/20 09:37:09,40,1
10,29,25/02/20 09:37:13,25/02/20 09:43:50,40,1
10,30,25/02/20 09:43:54,25/02/20 09:45:07,40,0
10,31,25/02/20 09:45:11,25/02/20 09:46:24,40,0
70,32,25/02/20 09:49:02,25/02/20 09:52:15,40,2
70,33,25/02/20 09:52:36,25/02/20 09:53:45,40,0
50,34,25/02/20 09:54:21,25/02/20 09:55:45,40,0
50,35,25/02/20 10:15:51,25/02/20 10:17:15,40,0
50,36,25/02/20 10:17:23,25/02/20 10:18:33,40,0
90,37,25/02/20 10:20:18,25/02/20 10:22:08,40,3
90,38,25/02/20 10:22:33,25/02/20 10:23:42,40,0
90,39,25/02/20 10:25:29,25/02/20 10:26:38,40,0
110,40,25/02/20 10:28:34,25/02/20 10:31:04,40,1
110,41,25/02/20 10:31:09,25/02/20 10:32:23,40,0
110,42,25/02/20 10:32:30,25/02/20 10:33:43,40,0
150,43,25/02/20 10:34:15,25/02/20 10:37:49,40,3
150,44,25/02/20 10:37:52,25/02/20 10:39:06,40,0
150,45,25/02/20 10:39:10,25/02/20 10:40:23,40,0
150,46,25/02/20 10:40:30,25/02/20 10:41:43,40,0
150,49,25/02/20 12:44:20,25/02/20 12:46:35,40,1
150,50,25/02/20 12:46:41,25/02/20 12:53:00,40,1
130,51,25/02/20 12:54:33,25/02/20 12:56:03,40,1
130,52,25/02/20 12:56:05,25/02/20 12:57:18,40,0
130,53,25/02/20 12:57:20,25/02/20 12:58:33,40,0
130,47,25/02/20 12:58:54,25/02/20 13:00:08,40,0
130,48,25/02/20 13:00:09,25/02/20 13:01:23,40,0
110,54,25/02/20 13:01:48,25/02/20 13:03:15,40,0
110,55,25/02/20 13:04:39,25/02/20 13:05:52,40,0
110,56,25/02/20 13:05:54,25/02/20 13:07:06,40,0
90,57,25/02/20 13:08:57,25/02/20 13:11:29,40,1
90,58,25/02/20 13:12:12,25/02/20 13:13:35,40,1
90,59,25/02/20 13:13:36,25/02/20 13:14:45,40,0
50,60,25/02/20 13:15:20,25/02/20 13:16:42,40,0
50,61,25/02/20 13:17:17,25/02/20 13:18:26,40,0
50,62,25/02/20 13:20:40,25/02/20 13:21:49,40,0
70,63,25/02/20 13:22:32,25/02/20 13:23:57,40,0
70,64,25/02/20 13:24:45,25/02/20 13:25:54,40,0
70,65,25/02/20 13:25:58,25/02/20 13:27:06,40,0
70,66,25/02/20 13:27:14,25/02/20 13:28:22,40,0
10,67,25/02/20 13:31:24,25/02/20 13:35:34,40,1
10,68,25/02/20 13:35:43,25/02/20 13:36:56,40,0
10,69,25/02/20 13:37:00,25/02/20 13:38:27,40,0
10,70,25/02/20 14:17:15,25/02/20 14:28:46,40,4
10,71,25/02/20 14:28:53,25/02/20 14:30:05,40,0
30,72,25/02/20 14:31:53,25/02/20 14:33:25,40,1
30,73,25/02/20 14:33:32,25/02/20 14:34:44,40,0
30,74,25/02/20 14:34:46,25/02/20 14:35:58,40,0
30,75,25/02/20 14:36:00,25/02/20 14:37:12,40,0
30,76,25/02/20 14:37:14,25/02/20 14:41:52,40,1
70,77,25/02/20 14:44:46,25/02/20 14:53:56,40,3
70,78,25/02/20 14:54:00,25/02/20 14:55:09,40,0
50,79,25/02/20 14:55:43,25/02/20 14:58:19,40,1
50,80,25/02/20 14:58:26,25/02/20 14:59:35,40,0
50,81,25/02/20 14:59:36,25/02/20 15:00:45,40,0
90,82,25/02/20 15:01:30,25/02/20 15:02:53,40,0
90,83,25/02/20 15:02:55,25/02/20 15:04:04,40,0
90,84,25/02/20 15:04:06,25/02/20 15:05:14,40,0
110,85,25/02/20 15:06:34,25/02/20 15:08:51,40,1
110,86,25/02/20 15:24:41,25/02/20 15:29:08,40,1
110,87,25/02/20 15:29:16,25/02/20 15:30:28,40,0
130,88,25/02/20 15:30:54,25/02/20 15:34:08,40,1
130,89,25/02/20 15:34:16,25/02/20 15:35:29,40,0
130,90,25/02/20 15:35:40,25/02/20 15:37:26,40,1
9000,2,25/02/20 19:32:55,25/02/20 19:33:05,3,1
9010,3,25/02/20 19:33:07,25/02/20 19:33:14,1,0
130,4,25/02/20 19:35:20,25/02/20 19:40:02,40,1
130,5,25/02/20 19:40:16,25/02/20 19:41:47,40,0
130,6,25/02/20 19:41:57,25/02/20 19:43:11,40,0
70,10,25/02/20 19:46:44,25/02/20 19:49:56,40,1
70,11,25/02/20 19:49:57,25/02/20 19:51:07,40,0
50,12,25/02/20 19:52:35,25/02/20 19:55:00,40,1
50,13,25/02/20 19:55:04,25/02/20 19:56:13,40,0
90,14,25/02/20 19:56:45,25/02/20 19:58:06,40,0
90,15,25/02/20 19:58:14,25/02/20 19:59:23,40,0
110,7,25/02/20 20:00:41,25/02/20 20:03:25,40,1
110,8,25/02/20 20:03:31,25/02/20 20:04:45,40,0
110,9,25/02/20 20:04:55,25/02/20 20:06:08,40,0
150,16,25/02/20 20:07:15,25/02/20 20:08:41,40,0
150,17,25/02/20 20:08:50,25/02/20 20:10:03,40,0
150,18,25/02/20 20:10:15,25/02/20 20:11:28,40,0
150,19,25/02/20 20:11:54,25/02/20 20:13:07,40,0
10,20,25/02/20 20:16:18,25/02/20 20:19:25,40,1
10,21,25/02/20 20:19:38,25/02/20 20:20:51,40,0
30,22,25/02/20 20:21:29,25/02/20 20:24:19,40,1
30,23,25/02/20 20:24:21,25/02/20 20:25:33,40,0
70,24,25/02/20 22:25:43,25/02/20 22:28:29,40,1
70,25,25/02/20 22:28:38,25/02/20 22:29:48,40,0
70,26,25/02/20 22:29:51,25/02/20 22:31:00,40,0
50,27,25/02/20 22:31:24,25/02/20 22:32:46,40,0
50,28,25/02/20 22:33:15,25/02/20 22:34:24,40,0
90,29,25/02/20 22:36:23,25/02/20 22:37:45,40,0
90,30,25/02/20 22:37:56,25/02/20 22:39:05,40,0
10,31,25/02/20 22:41:28,25/02/20 22:44:59,40,1
10,32,25/02/20 22:46:19,25/02/20 22:48:00,40,1
30,33,25/02/20 22:49:24,25/02/20 22:51:13,40,1
30,34,25/02/20 22:51:15,25/02/20 22:52:27,40,0
110,35,25/02/20 22:54:57,25/02/20 22:58:05,40,1
110,36,25/02/20 22:58:07,25/02/20 23:02:00,40,0
150,37,25/02/20 23:04:24,25/02/20 23:05:52,40,1
150,38,25/02/20 23:05:56,25/02/20 23:07:09,40,0
150,39,25/02/20 23:07:11,25/02/20 23:08:24,40,0
150,40,25/02/21 00:25:56,25/02/21 00:27:11,40,0
150,41,25/02/21 00:27:27,25/02/21 00:28:41,40,0
110,42,25/02/21 00:29:02,25/02/21 00:33:46,40,1
110,43,25/02/21 00:33:48,25/02/21 00:35:00,40,0
130,44,25/02/21 00:35:47,25/02/21 00:37:12,40,0
130,45,25/02/21 00:37:14,25/02/21 00:38:27,40,0
130,46,25/02/21 00:38:33,25/02/21 00:39:46,40,0
130,47,25/02/21 00:39:47,25/02/21 00:43:08,40,0
90,48,25/02/21 01:40:11,25/02/21 01:46:13,120,1
90,49,25/02/21 01:47:48,25/02/21 01:49:46,40,1
50,50,25/02/21 01:51:29,25/02/21 01:54:02,40,1
50,51,25/02/21 01:54:13,25/02/21 01:55:23,40,0
50,52,25/02/21 01:56:23,25/02/21 01:59:43,40,1
70,53,25/02/21 02:01:43,25/02/21 02:03:06,40,0
70,54,25/02/21 02:03:07,25/02/21 02:04:16,40,0
70,55,25/02/21 02:04:26,25/02/21 02:05:35,40,0
30,56,25/02/21 02:10:48,25/02/21 02:20:01,40,1
30,57,25/02/21 02:20:43,25/02/21 02:21:55,40,0
30,58,25/02/21 02:22:27,25/02/21 02:23:39,40,0
30,59,25/02/21 02:23:41,25/02/21 02:25:11,40,0
10,60,25/02/21 02:26:48,25/02/21 02:32:34,40,3
10,61,25/02/21 02:32:36,25/02/21 02:33:48,40,0
10,62,25/02/21 02:34:43,25/02/21 02:36:31,40,1
10,63,25/02/21 02:36:36,25/02/21 02:37:49,40,0
9010,2,25/02/21 06:51:36,25/02/21 06:51:50,1,1
9000,3,25/02/21 06:51:54,25/02/21 06:52:01,3,0
150,4,25/02/21 06:55:18,25/02/21 07:23:39,40,1
150,5,25/02/21 07:24:13,25/02/21 07:25:27,40,0
150,6,25/02/21 07:25:30,25/02/21 07:28:47,40,1
150,7,25/02/21 07:30:55,25/02/21 07:32:09,40,0
150,8,25/02/21 07:32:44,25/02/21 07:33:57,40,0
130,9,25/02/21 07:35:32,25/02/21 07:37:02,40,1
130,10,25/02/21 07:37:53,25/02/21 07:39:06,40,0
130,11,25/02/21 07:39:08,25/02/21 07:40:21,40,0
110,12,25/02/21 07:40:53,25/02/21 07:42:39,40,2
110,13,25/02/21 07:43:13,25/02/21 07:44:26,40,0
110,14,25/02/21 07:44:28,25/02/21 07:45:40,40,0
110,15,25/02/21 07:45:43,25/02/21 07:46:56,40,0
90,16,25/02/21 07:49:07,25/02/21 07:51:55,40,1
90,17,25/02/21 07:55:20,25/02/21 07:56:30,40,0
90,18,25/02/21 07:56:59,25/02/21 07:58:08,40,0
50,19,25/02/21 07:58:32,25/02/21 08:00:15,40,2
50,20,25/02/21 08:02:37,25/02/21 08:03:46,40,0
50,21,25/02/21 08:04:44,25/02/21 08:05:53,40,0
50,22,25/02/21 08:05:59,25/02/21 08:07:08,40,0
70,23,25/02/21 08:08:02,25/02/21 08:09:33,40,0
70,24,25/02/21 08:10:15,25/02/21 08:11:24,40,0
70,25,25/02/21 08:11:27,25/02/21 08:12:36,40,0
70,26,25/02/21 08:13:00,25/02/21 08:14:09,40,0
10,27,25/02/21 08:17:31,25/02/21 08:23:45,40,1
10,28,25/02/21 08:23:50,25/02/21 08:25:03,40,0
10,29,25/02/21 08:25:05,25/02/21 08:26:17,40,0
30,30,25/02/21 08:26:58,25/02/21 08:28:24,40,0
30,31,25/02/21 08:28:36,25/02/21 08:29:48,40,0
30,32,25/02/21 08:30:06,25/02/21 08:33:24,40,2
30,31,25/02/21 10:05:06,25/02/21 10:05:27,6,1
30,33,25/02/21 10:06:07,25/02/21 10:07:21,40,0
30,34,25/02/21 10:07:27,25/02/21 10:08:40,40,0
30,35,25/02/21 10:08:45,25/02/21 10:09:57,40,0
10,36,25/02/21 10:10:29,25/02/21 10:12:05,40,0
10,37,25/02/21 10:13:18,25/02/21 10:14:30,40,0
10,38,25/02/21 10:14:32,25/02/21 10:15:45,40,0
70,39,25/02/21 10:18:47,25/02/21 10:22:33,40,1
70,40,25/02/21 10:22:43,25/02/21 10:23:53,40,0
50,41,25/02/21 10:24:36,25/02/21 10:27:06,40,1
50,42,25/02/21 10:27:14,25/02/21 10:28:49,40,1
90,43,25/02/21 10:29:23,25/02/21 10:30:45,40,0
90,44,25/02/21 10:31:25,25/02/21 10:32:33,40,0
90,45,25/02/21 10:32:37,25/02/21 10:33:45,40,0
110,46,25/02/21 10:35:49,25/02/21 10:38:17,40,1
110,47,25/02/21 10:38:20,25/02/21 10:39:34,40,0
110,48,25/02/21 10:39:38,25/02/21 10:40:51,40,0
130,49,25/02/21 10:41:14,25/02/21 10:44:54,40,2
130,49,25/02/21 10:45:18,25/02/21 10:45:39,3,0
130,49,25/02/21 10:45:57,25/02/21 10:47:15,40,1
130,51,25/02/21 10:47:17,25/02/21 10:48:39,40,0
130,50,25/02/21 10:49:10,25/02/21 10:50:24,40,0
150,52,25/02/21 10:55:06,25/02/21 10:57:56,40,1
150,53,25/02/21 10:57:58,25/02/21 10:59:12,40,0
150,54,25/02/21 10:59:14,25/02/21 11:00:27,40,0
150,55,25/02/21 13:13:04,25/02/21 13:15:35,40,0
150,56,25/02/21 13:15:38,25/02/21 13:16:52,40,0
150,57,25/02/21 13:16:54,25/02/21 13:18:19,40,0
150,58,25/02/21 13:18:22,25/02/21 13:21:35,40,1
150,59,25/02/21 13:21:37,25/02/21 13:23:24,40,0
130,60,25/02/21 13:25:05,25/02/21 13:26:52,40,1
130,61,25/02/21 13:26:56,25/02/21 13:28:09,40,0
130,62,25/02/21 13:28:11,25/02/21 13:29:24,40,0
130,63,25/02/21 13:29:25,25/02/21 13:30:38,40,0
130,64,25/02/21 13:30:39,25/02/21 13:31:53,40,0
110,65,25/02/21 13:32:19,25/02/21 13:34:24,40,2
110,66,25/02/21 13:34:26,25/02/21 13:35:38,40,0
110,67,25/02/21 13:35:40,25/02/21 13:38:06,40,1
110,68,25/02/21 13:38:08,25/02/21 13:39:22,40,0
90,69,25/02/21 13:40:21,25/02/21 13:42:40,40,2
90,70,25/02/21 13:42:44,25/02/21 13:43:53,40,0
90,71,25/02/21 13:43:55,25/02/21 13:45:03,40,0
90,72,25/02/21 13:45:06,25/02/21 13:46:14,40,0
50,73,25/02/21 13:46:38,25/02/21 13:49:28,40,2
50,74,25/02/21 13:49:32,25/02/21 13:50:40,40,0
50,75,25/02/21 13:50:42,25/02/21 13:52:02,40,1
50,76,25/02/21 13:52:04,25/02/21 13:54:11,40,3
50,77,25/02/21 13:54:13,25/02/21 13:55:45,40,2
70,78,25/02/21 13:56:07,25/02/21 13:57:32,40,0
70,79,25/02/21 13:57:37,25/02/21 13:58:46,40,0
70,80,25/02/21 13:58:47,25/02/21 13:59:56,40,0
70,81,25/02/21 14:00:29,25/02/21 14:01:51,40,1
70,82,25/02/21 14:01:54,25/02/21 14:03:02,40,0
10,83,25/02/21 14:04:28,25/02/21 14:08:48,40,2
10,84,25/02/21 14:08:50,25/02/21 14:10:02,40,0
30,85,25/02/21 14:10:22,25/02/21 14:11:51,40,0
30,86,25/02/21 14:11:55,25/02/21 14:13:07,40,0
9000,2,25/02/21 19:21:58,25/02/21 19:22:27,3,1
9010,3,25/02/21 19:22:28,25/02/21 19:22:35,1,0
10,4,25/02/21 19:24:45,25/02/21 19:28:47,40,1
10,5,25/02/21 19:29:23,25/02/21 19:30:37,40,0
10,6,25/02/21 19:30:51,25/02/21 19:32:03,40,0
30,7,25/02/21 19:32:49,25/02/21 19:34:16,40,0
30,8,25/02/21 19:34:20,25/02/21 19:35:59,40,1
30,9,25/02/21 19:36:07,25/02/21 19:37:20,40,0
70,10,25/02/21 19:40:21,25/02/21 19:44:11,40,2
70,11,25/02/21 20:43:57,25/02/21 20:45:43,40,3
70,12,25/02/21 20:45:45,25/02/21 20:46:54,40,0
70,13,25/02/21 20:46:56,25/02/21 20:48:05,40,0
50,14,25/02/21 20:49:44,25/02/21 20:56:14,40,10
50,15,25/02/21 20:56:20,25/02/21 20:59:11,40,5
50,16,25/02/21 20:59:24,25/02/21 21:04:27,40,6
90,17,25/02/21 21:04:53,25/02/21 21:06:15,40,0
90,18,25/02/21 21:06:21,25/02/21 21:07:42,40,1
90,19,25/02/21 21:07:43,25/02/21 21:09:23,40,2
110,20,25/02/21 21:10:53,25/02/21 21:14:09,40,1
110,21,25/02/21 21:14:35,25/02/21 21:16:52,40,4
110,22,25/02/21 21:16:56,25/02/21 21:18:09,40,0
110,23,25/02/21 21:18:37,25/02/21 21:19:49,40,0
130,24,25/02/21 21:21:23,25/02/21 21:23:29,40,1
130,25,25/02/21 21:23:31,25/02/21 21:25:01,40,1
130,26,25/02/21 21:25:34,25/02/21 21:26:47,40,0
130,27,25/02/21 21:26:48,25/02/21 21:28:01,40,0
150,28,25/02/21 21:28:57,25/02/21 21:31:22,40,3
150,29,25/02/21 22:49:50,25/02/21 22:52:11,40,1
150,30,25/02/21 22:52:14,25/02/21 22:53:50,40,0
150,31,25/02/21 22:54:01,25/02/21 22:55:14,40,0
10,32,25/02/21 22:57:50,25/02/21 23:01:43,40,1
10,33,25/02/21 23:01:53,25/02/21 23:03:19,40,1
30,34,25/02/21 23:03:40,25/02/21 23:05:04,40,0
30,35,25/02/21 23:05:14,25/02/21 23:08:46,40,2
9000,2,25/02/24 07:09:20,25/02/24 07:09:38,3,0
9010,3,25/02/24 07:09:41,25/02/24 07:09:48,1,0
20,4,25/02/24 07:11:49,25/02/24 07:15:12,40,1
20,5,25/02/24 07:15:29,25/02/24 07:16:39,40,0
20,6,25/02/24 07:16:41,25/02/24 07:18:06,40,1
40,7,25/02/24 07:18:32,25/02/24 07:20:33,40,1
40,8,25/02/24 07:20:59,25/02/24 07:22:08,40,0
40,9,25/02/24 07:22:14,25/02/24 07:23:23,40,0
80,10,25/02/24 07:25:27,25/02/24 07:31:26,40,4
80,11,25/02/24 07:31:34,25/02/24 07:35:45,40,10
80,11,25/02/24 09:31:29,25/02/24 09:36:57,80,11
60,12,25/02/24 09:37:59,25/02/24 09:44:04,120,7
140,19,25/02/24 09:47:36,25/02/24 09:51:18,40,2
140,20,25/02/24 09:51:32,25/02/24 09:53:07,40,1
120,21,25/02/24 09:54:26,25/02/24 09:57:16,40,1
120,22,25/02/24 09:57:26,25/02/24 09:58:56,40,1
120,23,25/02/24 09:58:58,25/02/24 10:01:18,40,4
120,24,25/02/24 10:01:20,25/02/24 10:02:36,40,0
140,25,25/02/24 10:03:16,25/02/24 10:04:45,40,0
140,26,25/02/24 10:04:47,25/02/24 10:06:03,40,0
160,27,25/02/24 10:07:38,25/02/24 10:09:12,40,1
160,28,25/02/24 10:09:14,25/02/24 10:11:24,40,3
160,29,25/02/24 10:11:26,25/02/24 10:12:42,40,0
100,30,25/02/24 10:13:57,25/02/24 10:17:22,40,5
100,31,25/02/24 10:17:24,25/02/24 10:18:45,40,1
100,32,25/02/24 10:19:01,25/02/24 10:20:52,40,3
100,33,25/02/24 10:20:54,25/02/24 10:22:03,40,0
100,34,25/02/24 11:05:53,25/02/24 11:07:57,40,4
80,35,25/02/24 11:09:49,25/02/24 11:11:58,40,2
80,36,25/02/24 11:12:02,25/02/24 11:13:23,40,1
60,37,25/02/24 12:00:04,25/02/24 12:05:03,80,2
20,38,25/02/24 12:08:10,25/02/24 12:11:40,40,1
20,39,25/02/24 12:11:52,25/02/24 12:13:29,40,2
20,40,25/02/24 12:13:36,25/02/24 12:15:01,40,1
40,41,25/02/24 12:16:56,25/02/24 12:21:58,40,2
40,42,25/02/24 12:22:00,25/02/24 12:23:21,40,1
40,43,25/02/24 12:23:24,25/02/24 12:24:33,40,0
40,44,25/02/24 13:45:42,25/02/24 13:46:52,40,0
40,45,25/02/24 13:47:10,25/02/24 13:48:20,40,0
20,46,25/02/24 13:49:28,25/02/24 13:51:32,40,2
20,47,25/02/24 13:51:34,25/02/24 13:52:43,40,0
160,48,25/02/24 13:57:19,25/02/24 14:01:20,40,2
160,49,25/02/24 14:01:45,25/02/24 14:04:09,40,4
160,50,25/02/24 14:04:31,25/02/24 14:05:48,40,0
160,51,25/02/24 14:05:55,25/02/24 14:07:12,40,0
140,52,25/02/24 14:08:17,25/02/24 14:09:46,40,0
140,53,25/02/24 14:09:47,25/02/24 14:11:04,40,0
140,54,25/02/24 14:11:06,25/02/24 14:12:22,40,0
120,55,25/02/24 14:14:22,25/02/24 14:15:50,40,0
120,56,25/02/24 14:15:52,25/02/24 14:17:21,40,1
120,57,25/02/24 14:17:23,25/02/24 14:18:54,40,1
120,58,25/02/24 14:18:57,25/02/24 14:20:25,40,1
90,59,25/02/24 14:22:06,25/02/24 14:25:03,40,1
100,60,25/02/24 14:25:05,25/02/24 14:26:14,40,0
100,61,25/02/24 14:26:23,25/02/24 14:27:44,40,1
9010,2,25/02/24 18:41:35,25/02/24 18:41:49,1,1
9000,3,25/02/24 18:41:59,25/02/24 18:42:07,3,0
130,4,25/02/24 18:44:15,25/02/24 19:13:58,40,1
130,5,25/02/24 20:26:20,25/02/24 20:27:48,40,1
130,6,25/02/24 20:27:51,25/02/24 20:29:04,40,0
150,7,25/02/24 20:31:17,25/02/24 20:34:25,40,1
150,8,25/02/24 20:34:32,25/02/24 20:36:11,40,1
150,9,25/02/24 20:36:23,25/02/24 20:37:36,40,0
150,10,25/02/24 20:37:38,25/02/24 20:38:51,40,0
110,11,25/02/24 20:39:29,25/02/24 20:42:21,40,3
110,12,25/02/24 20:42:39,25/02/24 20:44:18,40,1
110,12,25/02/24 20:45:05,25/02/24 20:54:32,29,8
110,13,25/02/24 20:55:06,25/02/24 20:55:32,11,0
50,17,25/02/24 21:01:18,25/02/24 21:06:45,40,4
50,18,25/02/24 21:06:47,25/02/24 21:08:26,40,2
50,19,25/02/24 21:08:33,25/02/24 21:09:58,40,1
50,20,25/02/24 21:10:10,25/02/24 21:19:57,40,4
70,24,25/02/24 21:20:44,25/02/24 21:23:46,40,6
70,29,25/02/24 21:24:43,25/02/24 21:31:34,40,6
70,29,25/02/24 21:40:44,25/02/24 21:45:32,40,1
80,30,25/02/24 21:45:33,25/02/24 21:47:14,40,2
70,26,25/02/24 21:48:09,25/02/24 21:49:19,40,0
70,27,25/02/24 21:49:22,25/02/24 21:50:32,40,0
70,28,25/02/24 21:50:52,25/02/24 21:52:01,40,0
50,31,25/02/24 21:52:56,25/02/24 21:54:18,40,0
50,32,25/02/24 21:54:20,25/02/24 21:55:44,40,1
60,33,25/02/24 21:55:47,25/02/24 21:57:11,40,1
60,34,25/02/24 21:57:14,25/02/24 21:58:23,40,0
90,35,25/02/24 21:59:56,25/02/24 22:03:03,40,2
90,36,25/02/24 22:03:06,25/02/24 22:04:28,40,0
90,37,25/02/24 22:04:38,25/02/24 22:06:01,40,1
90,38,25/02/24 22:06:11,25/02/24 22:07:49,40,1
90,39,25/02/24 22:07:51,25/02/24 22:09:01,40,0
90,40,25/02/24 22:09:03,25/02/24 22:10:12,40,0
90,41,25/02/24 22:10:18,25/02/24 22:11:39,40,1
110,42,25/02/24 22:13:02,25/02/24 22:17:31,40,3
110,43,25/02/24 22:17:33,25/02/24 22:18:46,40,0
110,44,25/02/24 22:18:50,25/02/24 22:20:17,40,1
130,45,25/02/24 22:21:53,25/02/24 22:23:26,40,1
130,46,25/02/24 22:23:30,25/02/24 22:24:42,40,0
130,47,25/02/24 22:24:45,25/02/24 22:26:13,40,1
150,48,25/02/24 22:26:46,25/02/24 22:30:45,40,3
150,48,25/02/24 22:44:31,25/02/24 22:45:35,1,2
150,49,25/02/24 22:46:05,25/02/24 22:50:06,40,2
150,49,25/02/24 22:50:11,25/02/24 22:50:20,1,0
150,50,25/02/24 22:50:53,25/02/24 22:52:08,40,0
10,50,25/02/24 22:57:19,25/02/24 23:02:29,1,1
10,50,25/02/24 23:02:48,25/02/24 23:03:15,2,1
10,51,25/02/24 23:05:10,25/02/24 23:09:45,40,1
10,52,25/02/24 23:10:16,25/02/24 23:11:29,40,0
10,52,25/02/24 23:11:36,25/02/24 23:12:15,18,0
30,57,25/02/24 23:12:48,25/02/24 23:14:40,40,1
30,58,25/02/24 23:14:52,25/02/24 23:16:17,40,1
30,59,25/02/24 23:16:23,25/02/24 23:17:35,40,0
30,60,25/02/24 23:17:40,25/02/24 23:18:52,40,0
30,61,25/02/24 23:19:02,25/02/24 23:20:14,40,0
30,62,25/02/24 23:20:17,25/02/24 23:21:29,40,0
10,63,25/02/24 23:24:40,25/02/24 23:25:36,23,0
10,64,25/02/24 23:25:41,25/02/24 23:26:53,40,0
10,65,25/02/24 23:27:00,25/02/25 00:24:56,40,1
10,66,25/02/25 00:24:58,25/02/25 00:26:24,40,1
10,67,25/02/25 00:26:27,25/02/25 00:28:06,40,0
10,68,25/02/25 00:28:11,25/02/25 00:29:38,40,0
30,69,25/02/25 00:30:09,25/02/25 00:59:17,40,1
30,70,25/02/25 00:59:20,25/02/25 01:00:34,40,0
50,71,25/02/25 01:02:33,25/02/25 01:07:15,40,2
50,72,25/02/25 01:08:40,25/02/25 01:10:08,40,2
50,73,25/02/25 01:10:12,25/02/25 01:11:21,40,0
50,74,25/02/25 01:11:24,25/02/25 01:13:03,40,2
70,75,25/02/25 01:14:33,25/02/25 01:16:49,40,4
70,76,25/02/25 01:16:51,25/02/25 01:18:00,40,0
70,77,25/02/25 01:18:03,25/02/25 01:19:12,40,0
90,78,25/02/25 01:21:46,25/02/25 01:23:52,40,1
110,79,25/02/25 01:26:35,25/02/25 01:30:36,40,1
110,80,25/02/25 01:30:43,25/02/25 01:32:11,40,1
110,81,25/02/25 01:32:21,25/02/25 01:43:37,40,1
130,82,25/02/25 01:45:24,25/02/25 01:47:42,40,4
130,83,25/02/25 01:47:44,25/02/25 01:48:57,40,0
130,84,25/02/25 01:49:08,25/02/25 01:51:28,40,3
150,85,25/02/25 01:54:08,25/02/25 01:57:57,40,3
150,86,25/02/25 01:58:00,25/02/25 01:59:13,40,0
150,87,25/02/25 01:59:41,25/02/25 02:01:07,40,1
150,88,25/02/25 03:20:00,25/02/25 03:21:14,40,0
150,89,25/02/25 03:21:44,25/02/25 03:22:58,40,0
150,90,25/02/25 03:23:09,25/02/25 03:24:21,40,0
130,92,25/02/25 03:26:24,25/02/25 03:28:05,40,2
130,93,25/02/25 03:28:12,25/02/25 03:31:03,40,2
130,94,25/02/25 03:31:10,25/02/25 03:32:23,40,0
110,95,25/02/25 03:34:52,25/02/25 03:36:42,40,1
110,96,25/02/25 03:36:44,25/02/25 03:37:56,40,0
110,97,25/02/25 03:37:59,25/02/25 03:39:29,40,1
90,98,25/02/25 03:41:12,25/02/25 03:45:06,40,1
90,99,25/02/25 03:45:13,25/02/25 03:50:27,40,1
90,100,25/02/25 03:50:36,25/02/25 03:52:18,40,2
90,101,25/02/25 03:52:32,25/02/25 03:54:21,40,3
70,102,25/02/25 03:55:18,25/02/25 03:56:40,40,0
70,103,25/02/25 03:56:43,25/02/25 03:58:02,40,0
70,104,25/02/25 03:58:06,25/02/25 03:59:28,40,1
10,105,25/02/25 04:02:17,25/02/25 04:06:35,40,1
10,106,25/02/25 04:06:38,25/02/25 04:08:02,40,0
10,107,25/02/25 04:08:06,25/02/25 04:09:30,40,0
30,108,25/02/25 04:10:01,25/02/25 04:11:23,40,0
30,109,25/02/25 04:11:27,25/02/25 04:12:39,40,0
9000,2,25/02/25 07:04:27,25/02/25 07:04:37,3,0
9010,3,25/02/25 07:04:39,25/02/25 07:04:45,1,0
30,4,25/02/25 07:07:04,25/02/25 07:11:19,40,2
30,5,25/02/25 07:12:09,25/02/25 07:13:22,40,0
30,6,25/02/25 07:13:28,25/02/25 07:14:40,40,0
30,7,25/02/25 07:14:45,25/02/25 07:15:57,40,0
10,8,25/02/25 07:16:23,25/02/25 07:17:47,40,0
10,9,25/02/25 07:17:55,25/02/25 07:19:07,40,0
50,10,25/02/25 07:22:08,25/02/25 07:26:12,40,4
50,11,25/02/25 07:26:14,25/02/25 07:27:34,40,1
50,12,25/02/25 07:27:36,25/02/25 07:28:45,40,0
50,13,25/02/25 07:29:22,25/02/25 07:30:31,40,0
50,14,25/02/25 07:30:48,25/02/25 07:31:57,40,0
70,15,25/02/25 07:33:17,25/02/25 07:35:31,40,2
70,16,25/02/25 07:35:40,25/02/25 07:36:48,40,0
90,17,25/02/25 07:38:22,25/02/25 07:39:43,40,0
90,18,25/02/25 07:39:50,25/02/25 07:40:59,40,0
110,19,25/02/25 07:42:45,25/02/25 07:46:43,40,1
110,20,25/02/25 07:46:45,25/02/25 07:47:59,40,0
110,21,25/02/25 09:43:05,25/02/25 09:45:20,40,1
110,22,25/02/25 09:45:21,25/02/25 09:46:34,40,0
130,23,25/02/25 09:47:51,25/02/25 09:52:51,40,4
130,24,25/02/25 09:52:53,25/02/25 09:54:47,40,3
130,25,25/02/25 09:54:49,25/02/25 09:56:39,40,3
130,26,25/02/25 09:56:42,25/02/25 09:58:08,40,1
150,27,25/02/25 09:59:42,25/02/25 10:01:42,40,1
150,28,25/02/25 10:01:44,25/02/25 10:02:57,40,0
150,29,25/02/25 10:03:11,25/02/25 10:04:30,40,1
150,30,25/02/25 10:04:31,25/02/25 10:05:44,40,0
90,31,25/02/25 10:07:09,25/02/25 10:09:49,40,1
90,32,25/02/25 10:09:51,25/02/25 10:11:13,40,1
90,33,25/02/25 10:11:15,25/02/25 10:13:20,40,3
50,34,25/02/25 10:14:52,25/02/25 10:17:20,40,5
50,35,25/02/25 10:17:22,25/02/25 10:18:43,40,1
70,36,25/02/25 10:19:03,25/02/25 10:20:35,40,1
70,37,25/02/25 10:20:37,25/02/25 10:22:12,40,2
70,38,25/02/25 11:55:08,25/02/25 11:57:36,40,2
70,39,25/02/25 11:57:38,25/02/25 11:59:26,40,3
50,40,25/02/25 11:59:53,25/02/25 12:02:14,40,3
50,41,25/02/25 12:02:57,25/02/25 12:04:51,40,3
10,42,25/02/25 12:06:44,25/02/25 12:10:45,40,1
10,43,25/02/25 12:10:47,25/02/25 12:12:00,40,0
10,44,25/02/25 12:12:03,25/02/25 12:13:15,40,0
10,45,25/02/25 12:13:17,25/02/25 12:14:40,40,1
30,46,25/02/25 12:16:22,25/02/25 12:19:31,40,6
30,47,25/02/25 12:19:34,25/02/25 12:23:43,40,3
30,48,25/02/25 12:23:46,25/02/25 12:24:59,40,0
30,49,25/02/25 12:25:01,25/02/25 12:26:35,40,2
30,50,25/02/25 13:27:50,25/02/25 13:30:56,40,8
10,51,25/02/25 13:31:16,25/02/25 13:32:42,40,0
150,52,25/02/25 13:38:19,25/02/25 13:42:00,40,1
150,53,25/02/25 13:42:01,25/02/25 13:43:15,40,0
150,54,25/02/25 13:43:16,25/02/25 13:44:29,40,0
130,55,25/02/25 13:45:54,25/02/25 13:50:43,40,3
130,55,25/02/25 13:50:45,25/02/25 13:57:00,33,0
110,59,25/02/25 13:57:41,25/02/25 13:59:26,40,2
110,60,25/02/25 13:59:31,25/02/25 14:01:03,40,1
110,61,25/02/25 14:01:07,25/02/25 14:03:35,40,4
110,62,25/02/25 14:04:30,25/02/25 14:05:43,40,0
90,63,25/02/25 14:07:23,25/02/25 14:10:53,40,3
90,64,25/02/25 14:10:55,25/02/25 14:12:16,40,1
90,65,25/02/25 14:12:23,25/02/25 14:13:32,40,0
70,66,25/02/25 14:14:46,25/02/25 14:17:08,40,3
70,67,25/02/25 14:17:27,25/02/25 14:18:48,40,1
9000,2,25/02/25 18:59:58,25/02/25 19:00:05,3,1
9010,3,25/02/25 19:00:42,25/02/25 19:00:49,1,0
70,4,25/02/25 19:16:01,25/02/25 19:22:13,40,4
70,5,25/02/25 19:22:15,25/02/25 19:23:38,40,1
70,6,25/02/25 19:23:43,25/02/25 19:25:05,40,1
90,7,25/02/25 19:25:45,25/02/25 19:27:35,40,2
90,8,25/02/25 19:27:51,25/02/25 19:29:44,40,4
90,9,25/02/25 19:29:49,25/02/25 19:32:53,40,6
50,10,25/02/25 19:35:33,25/02/25 19:36:57,40,0
50,11,25/02/25 19:37:01,25/02/25 19:38:22,40,1
50,11,25/02/25 19:38:29,25/02/25 19:40:06,25,3
50,24,25/02/25 19:40:33,25/02/25 19:41:07,15,1
50,12,25/02/25 19:41:23,25/02/25 19:43:38,40,5
10,13,25/02/25 19:46:27,25/02/25 19:50:18,40,1
10,14,25/02/25 19:50:29,25/02/25 19:51:55,40,1
10,15,25/02/25 19:51:58,25/02/25 19:53:10,40,0
10,16,25/02/25 19:53:15,25/02/25 19:54:27,40,0
30,17,25/02/25 19:55:44,25/02/25 19:57:15,40,1
30,18,25/02/25 19:57:18,25/02/25 19:58:42,40,1
30,19,25/02/25 19:58:44,25/02/25 20:00:14,40,0
30,20,25/02/25 20:00:19,25/02/25 20:04:02,40,1
110,21,25/02/25 20:07:06,25/02/25 20:11:36,40,0
110,22,25/02/25 20:11:39,25/02/25 20:13:04,40,1
110,23,25/02/25 20:13:07,25/02/25 20:14:36,40,1
130,25,25/02/25 20:15:30,25/02/25 20:20:08,40,8
130,26,25/02/25 20:20:15,25/02/25 20:21:40,40,1
130,27,25/02/25 20:46:14,25/02/25 20:47:45,40,1
130,28,25/02/25 20:47:53,25/02/25 20:49:20,40,1
130,29,25/02/25 20:49:22,25/02/25 20:51:23,40,1
150,30,25/02/25 20:51:59,25/02/25 20:53:26,40,0
150,31,25/02/25 20:53:29,25/02/25 20:54:42,40,0
150,32,25/02/25 20:54:46,25/02/25 20:55:59,40,0
150,33,25/02/25 20:56:01,25/02/25 20:57:13,40,0
150,34,25/02/25 23:06:35,25/02/25 23:08:21,40,2
150,35,25/02/25 23:08:24,25/02/25 23:09:36,40,0
130,36,25/02/25 23:13:43,25/02/25 23:21:18,40,9
130,37,25/02/25 23:21:20,25/02/25 23:25:15,40,3
130,38,25/02/25 23:25:18,25/02/25 23:27:00,40,1
110,39,25/02/25 23:27:38,25/02/25 23:29:04,40,0
110,40,25/02/25 23:29:14,25/02/26 00:09:59,40,0
110,41,25/02/26 00:11:03,25/02/26 00:12:16,40,0
10,42,25/02/26 00:16:52,25/02/26 00:21:36,40,2
10,43,25/02/26 00:21:39,25/02/26 00:22:51,40,0
10,44,25/02/26 00:22:54,25/02/26 00:24:06,40,0
10,45,25/02/26 00:24:08,25/02/26 00:25:31,40,0
10,46,25/02/26 00:25:33,25/02/26 00:27:10,40,1
10,47,25/02/26 00:27:12,25/02/26 00:28:24,40,0
10,48,25/02/26 00:28:25,25/02/26 00:29:37,40,0
30,48,25/02/26 00:30:38,25/02/26 00:31:33,19,0
50,55,25/02/26 00:32:27,25/02/26 00:35:48,40,4
50,56,25/02/26 00:35:53,25/02/26 00:38:04,40,5
50,57,25/02/26 00:38:47,25/02/26 00:41:56,40,4
50,58,25/02/26 00:41:57,25/02/26 00:43:18,40,1
50,59,25/02/26 00:43:28,25/02/26 00:45:01,40,1
50,60,25/02/26 00:45:02,25/02/26 00:46:11,40,0
70,61,25/02/26 00:48:58,25/02/26 00:51:32,40,5
70,62,25/02/26 00:52:16,25/02/26 00:54:33,40,2
70,63,25/02/26 00:54:35,25/02/26 00:56:13,40,2
70,64,25/02/26 00:56:14,25/02/26 00:58:20,40,4
70,65,25/02/26 00:58:28,25/02/26 01:00:22,40,2
70,66,25/02/26 01:01:50,25/02/26 01:04:31,40,5
90,67,25/02/26 01:05:02,25/02/26 01:06:25,40,0
90,68,25/02/26 01:07:05,25/02/26 01:08:14,40,0
90,69,25/02/26 01:08:18,25/02/26 01:09:52,40,2
90,70,25/02/26 01:09:57,25/02/26 01:11:19,40,1
90,71,25/02/26 01:11:24,25/02/26 01:12:58,40,2
90,72,25/02/26 01:13:01,25/02/26 01:15:29,40,4
30,73,25/02/26 01:16:36,25/02/26 01:19:54,40,2
30,74,25/02/26 01:19:56,25/02/26 01:21:08,40,0
30,75,25/02/26 01:21:14,25/02/26 01:22:26,40,0
30,76,25/02/26 01:22:48,25/02/26 01:24:00,40,0
30,77,25/02/26 01:24:39,25/02/26 01:25:51,40,0
110,78,25/02/26 01:29:40,25/02/26 01:35:12,40,1
110,79,25/02/26 01:35:17,25/02/26 01:36:31,40,0
110,80,25/02/26 01:36:43,25/02/26 01:37:55,40,0
150,84,25/02/26 01:40:26,25/02/26 01:42:18,40,1
150,85,25/02/26 01:42:34,25/02/26 01:43:46,40,0
150,86,25/02/26 01:43:48,25/02/26 01:45:01,40,0
150,87,25/02/26 01:45:09,25/02/26 01:46:21,40,0
130,88,25/02/26 01:55:28,25/02/26 01:57:44,40,2
130,89,25/02/26 01:57:46,25/02/26 01:58:59,40,0
130,90,25/02/26 01:59:13,25/02/26 02:01:04,40,2
150,91,25/02/26 03:21:15,25/02/26 03:30:17,40,1
150,92,25/02/26 03:30:39,25/02/26 03:31:53,40,0
130,93,25/02/26 03:34:01,25/02/26 03:36:31,40,1
130,94,25/02/26 03:36:32,25/02/26 03:37:57,40,1
130,95,25/02/26 03:38:02,25/02/26 03:39:58,40,1
110,96,25/02/26 03:41:01,25/02/26 03:44:01,40,2
110,97,25/02/26 03:44:19,25/02/26 03:45:32,40,0
110,98,25/02/26 03:45:53,25/02/26 03:47:05,40,0
90,99,25/02/26 03:48:13,25/02/26 03:53:27,40,1
90,100,25/02/26 03:53:30,25/02/26 03:55:04,40,1
90,101,25/02/26 03:55:07,25/02/26 03:56:15,40,0
50,102,25/02/26 03:57:02,25/02/26 04:01:03,40,2
50,103,25/02/26 04:01:14,25/02/26 04:03:13,40,4
50,104,25/02/26 04:03:18,25/02/26 04:04:52,40,2
70,105,25/02/26 04:05:35,25/02/26 04:07:41,40,2
70,106,25/02/26 04:07:46,25/02/26 04:09:23,40,1
9000,2,25/02/26 07:07:19,25/02/26 07:07:29,3,0
9010,3,25/02/26 07:07:48,25/02/26 07:07:59,1,1
70,4,25/02/26 07:10:39,25/02/26 07:14:18,40,3
70,5,25/02/26 07:14:20,25/02/26 07:15:29,40,0
50,6,25/02/26 07:15:54,25/02/26 07:17:26,40,1
50,7,25/02/26 07:17:33,25/02/26 07:18:42,40,0
90,8,25/02/26 07:20:14,25/02/26 07:22:43,40,2
90,9,25/02/26 07:22:56,25/02/26 07:24:04,40,0
110,10,25/02/26 07:25:32,25/02/26 07:28:15,40,2
110,11,25/02/26 07:28:26,25/02/26 07:29:51,40,1
130,12,25/02/26 07:30:08,25/02/26 07:31:46,40,1
130,13,25/02/26 07:32:00,25/02/26 07:33:12,40,0
10,14,25/02/26 07:36:13,25/02/26 07:40:09,40,2
10,15,25/02/26 07:40:16,25/02/26 07:42:00,40,2
10,16,25/02/26 07:42:01,25/02/26 07:43:27,40,1
10,17,25/02/26 07:43:28,25/02/26 07:44:52,40,1
10,18,25/02/26 07:44:54,25/02/26 07:46:06,40,0
30,19,25/02/26 07:47:49,25/02/26 07:49:25,40,0
30,20,25/02/26 07:49:33,25/02/26 07:50:58,40,1
30,21,25/02/26 07:51:00,25/02/26 07:52:12,40,0
30,22,25/02/26 07:52:14,25/02/26 07:53:26,40,0
30,23,25/02/26 08:36:27,25/02/26 08:38:06,40,2
30,24,25/02/26 08:38:29,25/02/26 08:40:28,40,3
10,25,25/02/26 08:42:04,25/02/26 08:43:28,40,0
10,26,25/02/26 08:43:30,25/02/26 08:44:42,40,0
50,27,25/02/26 10:15:37,25/02/26 10:21:01,40,8
50,28,25/02/26 10:21:04,25/02/26 10:23:56,40,4
70,29,25/02/26 10:25:04,25/02/26 10:28:01,40,5
70,30,25/02/26 10:28:03,25/02/26 10:30:02,40,4
90,31,25/02/26 10:31:21,25/02/26 10:33:19,40,2
110,32,25/02/26 10:34:28,25/02/26 10:38:08,40,2
110,33,25/02/26 10:39:54,25/02/26 10:41:06,40,0
150,34,25/02/26 10:42:40,25/02/26 10:44:06,40,0
150,35,25/02/26 10:44:28,25/02/26 10:45:41,40,0
150,36,25/02/26 10:45:43,25/02/26 10:46:56,40,0
150,37,25/02/26 10:46:58,25/02/26 10:48:10,40,0
130,38,25/02/26 10:48:29,25/02/26 10:49:55,40,0
130,39,25/02/26 10:49:57,25/02/26 10:51:09,40,0
130,40,25/02/26 12:53:42,25/02/26 12:55:25,40,2
130,41,25/02/26 12:55:28,25/02/26 12:56:40,40,0
150,42,25/02/26 12:57:04,25/02/26 12:58:29,40,0
110,43,25/02/26 13:00:05,25/02/26 13:01:29,40,0
90,44,25/02/26 13:02:44,25/02/26 13:06:36,40,6
90,45,25/02/26 13:06:39,25/02/26 13:08:00,40,1
50,46,25/02/26 13:09:18,25/02/26 13:16:14,40,10
50,46,25/02/26 13:16:23,25/02/26 13:17:58,10,1
50,46,25/02/26 13:18:38,25/02/26 13:18:58,0,2
50,46,25/02/26 13:19:22,25/02/26 13:20:24,4,2
50,46,25/02/26 13:21:12,25/02/26 13:22:13,16,0
50,47,25/02/26 13:22:53,25/02/26 13:23:20,10,1
70,48,25/02/26 13:23:57,25/02/26 13:25:27,40,1
70,49,25/02/26 13:25:29,25/02/26 13:26:38,40,0
10,50,25/02/26 13:29:08,25/02/26 13:32:11,40,1
10,51,25/02/26 13:32:13,25/02/26 13:33:26,40,0
30,52,25/02/26 13:34:44,25/02/26 13:36:20,40,0
30,53,25/02/26 13:36:45,25/02/26 13:37:57,40,0
30,54,25/02/26 13:39:09,25/02/26 13:40:21,40,0
30,55,25/02/26 13:40:36,25/02/26 13:41:48,40,0
30,56,25/02/26 13:41:53,25/02/26 13:43:05,40,0
10,57,25/02/26 13:43:29,25/02/26 13:44:53,40,0
10,58,25/02/26 13:44:56,25/02/26 13:46:08,40,0
50,59,25/02/26 13:48:01,25/02/26 13:51:09,40,1
50,60,25/02/26 13:51:11,25/02/26 13:52:20,40,0
70,61,25/02/26 13:53:44,25/02/26 13:55:05,40,0
70,62,25/02/26 13:55:07,25/02/26 13:56:16,40,0
90,63,25/02/26 13:57:34,25/02/26 13:58:56,40,0
90,64,25/02/26 13:58:58,25/02/26 14:00:58,40,1
110,65,25/02/26 14:02:14,25/02/26 14:04:40,40,1
110,66,25/02/26 14:04:46,25/02/26 14:06:00,40,0
150,69,25/02/26 14:07:30,25/02/26 14:11:22,40,1
150,70,25/02/26 14:11:24,25/02/26 14:12:36,40,0
9000,2,25/02/26 19:04:32,25/02/26 19:04:43,3,0
9010,3,25/02/26 19:04:57,25/02/26 19:05:04,1,0
150,4,25/02/26 19:14:26,25/02/26 19:18:46,40,1
150,5,25/02/26 19:18:47,25/02/26 19:20:11,40,0
150,6,25/02/26 19:20:22,25/02/26 19:21:35,40,0
150,7,25/02/26 19:22:07,25/02/26 19:23:19,40,0
150,8,25/02/26 19:23:25,25/02/26 19:24:37,40,0
110,9,25/02/26 19:25:06,25/02/26 19:28:16,40,2
110,10,25/02/26 19:29:08,25/02/26 19:30:20,40,0
110,11,25/02/26 19:30:46,25/02/26 19:31:58,40,0
110,12,25/02/26 19:32:00,25/02/26 19:33:13,40,0
130,13,25/02/26 19:33:47,25/02/26 19:35:13,40,0
130,14,25/02/26 19:35:16,25/02/26 19:37:15,40,0
130,15,25/02/26 19:37:24,25/02/26 19:38:51,40,0
130,16,25/02/26 19:38:54,25/02/26 19:45:07,40,1
130,17,25/02/26 19:45:08,25/02/26 19:46:21,40,0
90,18,25/02/26 19:47:41,25/02/26 19:51:22,40,1
90,19,25/02/26 19:51:29,25/02/26 19:52:39,40,0
90,20,25/02/26 19:52:41,25/02/26 19:53:50,40,0
90,21,25/02/26 19:53:52,25/02/26 19:55:01,40,0
50,22,25/02/26 19:56:01,25/02/26 19:58:35,40,1
50,23,25/02/26 19:58:38,25/02/26 19:59:46,40,0
50,24,25/02/26 19:59:49,25/02/26 20:00:57,40,0
50,25,25/02/26 20:00:59,25/02/26 20:02:08,40,0
70,26,25/02/26 20:48:52,25/02/26 20:51:48,40,1
70,27,25/02/26 20:51:52,25/02/26 20:53:02,40,0
70,28,25/02/26 20:53:12,25/02/26 20:56:31,40,1
10,29,25/02/26 21:20:57,25/02/26 21:22:15,40,1
10,30,25/02/26 21:22:59,25/02/26 21:24:12,40,0
10,31,25/02/26 21:24:38,25/02/26 21:36:33,40,0
30,32,25/02/26 21:36:54,25/02/26 21:39:21,40,1
30,33,25/02/26 21:39:25,25/02/26 21:40:37,40,0
30,34,25/02/26 21:40:39,25/02/26 21:41:51,40,0
30,35,25/02/26 21:41:53,25/02/26 21:43:05,40,0
30,36,25/02/26 21:43:08,25/02/26 21:44:20,40,0
30,37,25/02/26 21:44:23,25/02/26 21:47:09,40,1
10,38,25/02/26 21:50:28,25/02/26 21:51:53,40,0
10,39,25/02/26 21:51:55,25/02/26 21:53:55,40,2
10,39,25/02/26 21:55:43,25/02/26 21:56:15,15,0
10,40,25/02/26 21:56:18,25/02/26 21:57:31,40,0
50,41,25/02/26 23:09:48,25/02/26 23:13:02,40,1
50,42,25/02/26 23:13:15,25/02/26 23:14:25,40,0
50,43,25/02/26 23:14:27,25/02/26 23:15:35,40,0
70,44,25/02/26 23:15:58,25/02/26 23:19:18,40,1
70,45,25/02/26 23:19:21,25/02/26 23:20:30,40,0
70,46,25/02/26 23:20:35,25/02/26 23:21:43,40,0
70,47,25/02/26 23:22:46,25/02/26 23:23:56,40,0
90,48,25/02/26 23:24:27,25/02/26 23:25:49,40,0
90,49,25/02/26 23:25:53,25/02/26 23:27:01,40,0
90,50,25/02/26 23:27:04,25/02/26 23:28:12,40,0
90,51,25/02/26 23:28:16,25/02/26 23:29:25,40,0
90,52,25/02/27 00:00:55,25/02/27 00:02:04,40,0
110,53,25/02/27 00:03:56,25/02/27 00:07:51,40,1
110,54,25/02/27 00:08:44,25/02/27 00:11:04,40,3
110,55,25/02/27 00:11:14,25/02/27 00:12:26,40,0
110,56,25/02/27 00:12:28,25/02/27 00:13:41,40,0
110,57,25/02/27 00:13:43,25/02/27 00:14:56,40,0
130,58,25/02/27 00:15:23,25/02/27 00:16:51,40,0
130,59,25/02/27 00:17:34,25/02/27 00:18:46,40,0
130,60,25/02/27 00:18:49,25/02/27 00:20:02,40,0
130,61,25/02/27 00:22:35,25/02/27 00:23:48,40,0
130,62,25/02/27 00:23:59,25/02/27 00:25:12,40,0
130,63,25/02/27 00:25:14,25/02/27 00:51:28,40,1
150,64,25/02/27 00:51:51,25/02/27 00:53:20,40,0
150,65,25/02/27 00:53:22,25/02/27 00:54:35,40,0
150,66,25/02/27 00:54:37,25/02/27 00:55:50,40,0
150,67,25/02/27 00:55:53,25/02/27 00:57:06,40,0
150,68,25/02/27 00:57:54,25/02/27 00:59:06,40,0
50,69,25/02/27 01:46:34,25/02/27 01:51:58,40,1
50,70,25/02/27 01:52:49,25/02/27 01:53:58,40,0
50,71,25/02/27 01:55:48,25/02/27 01:57:46,40,1
70,72,25/02/27 01:59:40,25/02/27 02:01:04,40,0
10,73,25/02/27 02:05:28,25/02/27 02:33:21,40,2
10,74,25/02/27 02:33:57,25/02/27 02:35:49,40,0
10,75,25/02/27 02:35:52,25/02/27 02:37:17,40,1
10,76,25/02/27 02:37:21,25/02/27 02:38:33,40,0
10,77,25/02/27 02:38:35,25/02/27 02:39:47,40,0
10,78,25/02/27 02:39:51,25/02/27 02:41:03,40,0
30,79,25/02/27 02:41:46,25/02/27 02:43:56,40,1
30,80,25/02/27 02:44:13,25/02/27 02:45:25,40,0
30,81,25/02/27 02:45:27,25/02/27 02:46:39,40,0
30,82,25/02/27 02:46:44,25/02/27 02:47:55,40,0
30,83,25/02/27 02:48:26,25/02/27 03:07:31,40,2
30,84,25/02/27 03:07:42,25/02/27 03:08:55,40,0
50,85,25/02/27 03:10:57,25/02/27 03:22:43,40,1
50,86,25/02/27 03:22:45,25/02/27 03:30:05,40,1
50,87,25/02/27 03:30:10,25/02/27 03:31:20,40,0
70,88,25/02/27 03:31:43,25/02/27 03:33:06,40,0
70,89,25/02/27 03:33:08,25/02/27 03:34:17,40,0
70,90,25/02/27 03:34:20,25/02/27 03:35:29,40,0
70,91,25/02/27 03:36:16,25/02/27 03:37:25,40,0
90,92,25/02/27 03:38:41,25/02/27 03:40:21,40,1
90,93,25/02/27 03:40:25,25/02/27 03:41:34,40,0
90,94,25/02/27 03:41:38,25/02/27 03:42:47,40,0
110,95,25/02/27 03:44:28,25/02/27 03:47:15,40,1
110,96,25/02/27 03:47:21,25/02/27 03:55:17,40,1
110,97,25/02/27 03:55:21,25/02/27 03:56:35,40,0
110,98,25/02/27 03:56:39,25/02/27 03:57:51,40,0
130,99,25/02/27 03:58:13,25/02/27 04:01:47,40,2
130,100,25/02/27 04:01:50,25/02/27 04:03:03,40,0
130,101,25/02/27 04:03:06,25/02/27 04:04:18,40,0
9000,2,25/02/27 07:07:01,25/02/27 07:07:14,3,1
9010,3,25/02/27 07:07:17,25/02/27 07:07:25,1,0
130,4,25/02/27 07:08:48,25/02/27 07:12:32,40,1
130,5,25/02/27 07:12:35,25/02/27 07:13:49,40,0
110,6,25/02/27 07:14:20,25/02/27 07:15:59,40,0
150,7,25/02/27 07:18:53,25/02/27 07:20:23,40,1
150,8,25/02/27 07:20:36,25/02/27 07:22:12,40,0
150,9,25/02/27 07:22:13,25/02/27 07:23:27,40,0
150,10,25/02/27 07:23:31,25/02/27 07:24:44,40,0
150,11,25/02/27 07:24:48,25/02/27 07:26:00,40,0
90,12,25/02/27 07:27:43,25/02/27 07:30:50,40,1
90,13,25/02/27 07:31:58,25/02/27 07:33:08,40,0
50,14,25/02/27 07:33:44,25/02/27 07:37:13,40,2
50,15,25/02/27 07:37:15,25/02/27 07:38:24,40,0
70,16,25/02/27 07:38:58,25/02/27 07:41:08,40,1
70,17,25/02/27 07:41:10,25/02/27 07:42:19,40,0
70,18,25/02/27 09:27:28,25/02/27 09:28:57,40,2
70,19,25/02/27 09:43:29,25/02/27 09:46:53,40,1
70,20,25/02/27 09:46:55,25/02/27 09:48:04,40,0
50,21,25/02/27 09:48:51,25/02/27 09:52:04,40,1
50,22,25/02/27 09:52:06,25/02/27 09:53:15,40,0
10,23,25/02/27 09:54:10,25/02/27 09:59:45,40,3
10,24,25/02/27 09:59:47,25/02/27 10:00:59,40,0
10,25,25/02/27 10:01:01,25/02/27 10:02:13,40,0
30,26,25/02/27 10:26:01,25/02/27 10:32:46,40,2
30,27,25/02/27 10:32:48,25/02/27 10:34:00,40,0
30,28,25/02/27 10:34:01,25/02/27 10:35:13,40,0
30,29,25/02/27 10:35:16,25/02/27 10:36:28,40,0
30,30,25/02/27 11:51:13,25/02/27 11:55:55,10,1
30,30,25/02/27 11:56:32,25/02/27 11:57:28,30,0
10,31,25/02/27 11:57:58,25/02/27 11:59:23,40,0
10,32,25/02/27 11:59:28,25/02/27 12:00:40,40,0
150,33,25/02/27 12:05:20,25/02/27 12:08:00,40,1
150,34,25/02/27 12:08:06,25/02/27 12:09:20,40,0
150,35,25/02/27 12:09:42,25/02/27 12:10:55,40,0
150,36,25/02/27 12:10:56,25/02/27 12:12:09,40,0
130,37,25/02/27 12:12:49,25/02/27 12:15:23,40,1
130,38,25/02/27 12:15:25,25/02/27 12:16:38,40,0
130,39,25/02/27 12:16:41,25/02/27 12:17:53,40,0
130,40,25/02/27 12:19:03,25/02/27 12:20:16,40,0
110,41,25/02/27 12:21:09,25/02/27 12:23:16,40,1
110,42,25/02/27 12:23:17,25/02/27 12:24:30,40,0
110,43,25/02/27 12:24:32,25/02/27 12:25:45,40,0
110,44,25/02/27 12:25:47,25/02/27 12:26:59,40,0
90,45,25/02/27 12:28:58,25/02/27 12:32:36,40,1
90,46,25/02/27 12:32:58,25/02/27 12:34:08,40,0
90,47,25/02/27 12:34:10,25/02/27 12:35:18,40,0
90,48,25/02/27 12:35:20,25/02/27 12:36:29,40,0
50,49,25/02/27 12:38:28,25/02/27 12:39:49,40,0
50,50,25/02/27 12:39:51,25/02/27 12:41:00,40,0
70,51,25/02/27 14:07:36,25/02/27 14:10:27,40,2
70,52,25/02/27 14:10:29,25/02/27 14:11:37,40,0
70,53,25/02/27 14:11:39,25/02/27 14:12:47,40,0
70,54,25/02/27 14:12:49,25/02/27 14:13:58,40,0
90,55,25/02/27 14:14:31,25/02/27 14:15:51,40,0
90,56,25/02/27 14:16:00,25/02/27 14:17:09,40,0
110,57,25/02/27 14:18:12,25/02/27 14:20:30,40,1
110,58,25/02/27 14:20:32,25/02/27 14:21:46,40,0
110,59,25/02/27 14:21:48,25/02/27 14:23:00,40,0
130,60,25/02/27 14:23:21,25/02/27 14:25:20,40,1
130,61,25/02/27 14:25:22,25/02/27 14:26:35,40,0
150,62,25/02/27 14:27:02,25/02/27 14:30:26,40,1
150,63,25/02/27 14:30:28,25/02/27 14:31:41,40,0
10,64,25/02/27 14:32:48,25/02/27 14:39:32,40,1
10,65,25/02/27 14:39:34,25/02/27 14:40:47,40,0
10,66,25/02/27 14:40:50,25/02/27 14:42:02,40,0
30,67,25/02/27 14:43:15,25/02/27 14:45:30,40,1
30,68,25/02/27 14:45:32,25/02/27 14:46:55,40,0
30,69,25/02/27 14:46:56,25/02/27 14:48:09,40,0
9000,2,25/02/27 19:29:21,25/02/27 19:29:32,3,0
9010,3,25/02/27 19:29:33,25/02/27 19:29:40,1,0
10,4,25/02/27 20:24:56,25/02/27 20:31:09,40,1
10,5,25/02/27 20:31:27,25/02/27 20:32:41,40,0
10,6,25/02/27 20:32:44,25/02/27 20:33:56,40,0
30,7,25/02/27 20:34:39,25/02/27 20:36:07,40,0
30,8,25/02/27 20:37:48,25/02/27 20:39:00,40,0
30,9,25/02/27 20:39:03,25/02/27 20:40:25,40,0
50,10,25/02/27 20:41:56,25/02/27 20:46:59,40,1
50,11,25/02/27 20:47:36,25/02/27 20:48:47,40,0
50,12,25/02/27 20:48:49,25/02/27 20:49:58,40,0
50,13,25/02/27 20:50:00,25/02/27 20:51:09,40,0
50,14,25/02/27 20:51:13,25/02/27 20:52:22,40,0
70,15,25/02/27 20:53:06,25/02/27 21:01:34,40,5
70,16,25/02/27 21:01:39,25/02/27 21:06:41,40,1
90,17,25/02/27 21:10:18,25/02/27 21:11:40,40,0
90,18,25/02/27 21:11:43,25/02/27 21:12:52,40,0
90,19,25/02/27 21:13:47,25/02/27 21:14:57,40,0
90,20,25/02/27 21:15:00,25/02/27 21:17:07,40,1
90,21,25/02/27 21:17:10,25/02/27 21:18:19,40,0
90,22,25/02/27 21:18:22,25/02/27 21:19:31,40,0
110,23,25/02/27 21:39:34,25/02/27 21:44:55,40,0
110,24,25/02/27 21:45:46,25/02/27 21:47:00,40,0
130,28,25/02/27 21:47:41,25/02/27 21:50:49,40,1
130,29,25/02/27 21:51:13,25/02/27 21:52:25,40,0
150,34,25/02/27 21:53:07,25/02/27 22:56:22,40,1
150,35,25/02/27 22:56:49,25/02/27 22:57:37,25,0
150,36,25/02/27 22:57:39,25/02/27 23:03:58,40,4
150,37,25/02/27 23:04:02,25/02/27 23:05:14,40,0
150,38,25/02/27 23:05:32,25/02/27 23:06:45,40,0
150,39,25/02/27 23:07:14,25/02/27 23:10:53,40,1
130,40,25/02/27 23:11:20,25/02/27 23:14:30,40,2
130,41,25/02/27 23:14:35,25/02/27 23:15:48,40,0
130,42,25/02/27 23:15:52,25/02/27 23:17:05,40,0
130,43,25/02/27 23:17:08,25/02/27 23:18:21,40,0
110,44,25/02/27 23:19:43,25/02/27 23:23:50,40,1
110,45,25/02/27 23:23:55,25/02/27 23:25:08,40,0
110,46,25/02/27 23:25:19,25/02/27 23:26:32,40,0
110,47,25/02/27 23:26:36,25/02/27 23:27:49,40,0
110,48,25/02/27 23:27:56,25/02/27 23:29:08,40,0
110,49,25/02/27 23:29:11,25/02/28 00:00:57,40,0
10,50,25/02/28 00:03:22,25/02/28 00:07:35,40,0
10,51,25/02/28 00:07:38,25/02/28 00:08:51,40,0
10,52,25/02/28 00:08:52,25/02/28 00:10:04,40,0
30,66,25/02/28 00:12:23,25/02/28 00:13:49,40,0
30,67,25/02/28 00:13:54,25/02/28 00:15:06,40,0
30,68,25/02/28 00:15:08,25/02/28 00:16:20,40,0
70,69,25/02/28 00:18:40,25/02/28 00:22:42,40,1
70,70,25/02/28 00:22:46,25/02/28 00:23:56,40,0
70,71,25/02/28 00:23:59,25/02/28 00:25:08,40,0
50,72,25/02/28 00:26:33,25/02/28 00:27:52,40,0
50,73,25/02/28 00:28:59,25/02/28 00:30:08,40,0
50,74,25/02/28 00:30:10,25/02/28 00:31:19,40,0
50,75,25/02/28 00:31:23,25/02/28 00:32:32,40,0
50,76,25/02/28 00:32:35,25/02/28 00:33:44,40,0
50,77,25/02/28 00:33:47,25/02/28 00:34:56,40,0
70,78,25/02/28 00:35:27,25/02/28 00:39:00,40,1
70,79,25/02/28 00:39:02,25/02/28 00:40:11,40,0
70,80,25/02/28 00:40:15,25/02/28 00:42:51,40,0
90,81,25/02/28 00:43:16,25/02/28 00:45:45,40,1
90,82,25/02/28 00:45:50,25/02/28 00:46:59,40,0
90,83,25/02/28 00:47:01,25/02/28 00:48:10,40,0
30,84,25/02/28 01:39:33,25/02/28 01:44:27,40,1
30,85,25/02/28 01:44:37,25/02/28 01:45:50,40,0
10,86,25/02/28 01:46:44,25/02/28 01:48:16,40,0
10,87,25/02/28 01:48:19,25/02/28 01:49:31,40,0
30,88,25/02/28 02:03:38,25/02/28 02:05:10,40,0
30,89,25/02/28 02:05:18,25/02/28 02:06:30,40,0
30,90,25/02/28 02:06:31,25/02/28 02:07:43,40,0
30,91,25/02/28 02:07:45,25/02/28 02:09:10,40,0
10,92,25/02/28 02:09:36,25/02/28 02:11:02,40,0
10,93,25/02/28 02:11:39,25/02/28 02:12:51,40,0
10,94,25/02/28 02:12:53,25/02/28 02:14:05,40,0
150,95,25/02/28 02:15:12,25/02/28 02:18:12,40,1
150,96,25/02/28 02:18:18,25/02/28 02:19:32,40,0
150,97,25/02/28 02:19:51,25/02/28 02:22:43,40,1
150,98,25/02/28 02:22:47,25/02/28 02:24:01,40,0
150,99,25/02/28 02:24:07,25/02/28 02:25:19,40,0
130,100,25/02/28 02:28:14,25/02/28 02:29:43,40,0
130,101,25/02/28 02:29:48,25/02/28 02:31:00,40,0
130,102,25/02/28 02:31:45,25/02/28 02:32:58,40,0
130,103,25/02/28 02:33:05,25/02/28 02:34:18,40,0
130,104,25/02/28 02:34:21,25/02/28 02:35:33,40,0
130,105,25/02/28 02:35:37,25/02/28 02:45:26,40,0
110,106,25/02/28 02:47:43,25/02/28 02:49:24,40,0
110,107,25/02/28 03:54:12,25/02/28 03:57:09,40,1
110,108,25/02/28 03:57:12,25/02/28 03:58:24,40,0
50,109,25/02/28 04:02:11,25/02/28 04:05:53,40,1
50,110,25/02/28 04:05:54,25/02/28 04:07:04,40,0
50,111,25/02/28 04:07:06,25/02/28 04:08:15,40,0
50,112,25/02/28 04:08:17,25/02/28 04:09:26,40,0
90,113,25/02/28 04:09:52,25/02/28 04:11:18,40,0
90,114,25/02/28 04:11:21,25/02/28 04:12:30,40,0
90,115,25/02/28 04:12:35,25/02/28 04:13:59,40,0
180,116,25/02/28 05:16:12,25/02/28 05:19:24,40,1
180,117,25/02/28 05:19:45,25/02/28 05:20:04,8,0
240,118,25/02/28 05:24:06,25/02/28 05:26:59,40,1
240,119,25/02/28 05:27:05,25/02/28 05:28:13,40,0
240,120,25/02/28 05:28:15,25/02/28 05:29:21,40,0
240,121,25/02/28 05:29:24,25/02/28 05:30:30,40,0
240,122,25/02/28 05:30:32,25/02/28 05:31:48,40,0
240,123,25/02/28 05:31:50,25/02/28 05:32:58,40,0
240,124,25/02/28 05:32:59,25/02/28 05:34:06,40,0
240,125,25/02/28 05:34:08,25/02/28 05:35:15,40,0
190,126,25/02/28 05:36:41,25/02/28 05:38:22,40,0
190,127,25/02/28 05:38:24,25/02/28 05:39:39,40,0
190,128,25/02/28 05:39:41,25/02/28 05:40:55,40,0
190,129,25/02/28 05:40:59,25/02/28 05:42:13,40,0
170,130,25/02/28 05:45:16,25/02/28 05:49:12,40,0
170,131,25/02/28 05:49:17,25/02/28 05:50:32,40,0
170,132,25/02/28 05:50:37,25/02/28 05:51:51,40,0
9000,2,25/02/28 07:08:02,25/02/28 07:08:25,3,0
9010,3,25/02/28 07:08:35,25/02/28 07:08:42,1,0
50,4,25/02/28 07:11:07,25/02/28 07:14:56,40,1
70,5,25/02/28 07:16:10,25/02/28 07:22:22,40,4
70,6,25/02/28 07:22:49,25/02/28 07:25:08,40,1
70,7,25/02/28 07:25:17,25/02/28 07:26:26,40,0
70,8,25/02/28 07:26:27,25/02/28 07:27:36,40,0
90,9,25/02/28 07:28:03,25/02/28 07:29:25,40,0
90,10,25/02/28 07:29:28,25/02/28 07:30:37,40,0
110,11,25/02/28 07:32:56,25/02/28 07:35:33,40,1
110,12,25/02/28 07:35:44,25/02/28 07:36:58,40,0
150,13,25/02/28 07:38:16,25/02/28 07:39:41,40,0
150,14,25/02/28 07:39:42,25/02/28 07:40:55,40,0
150,15,25/02/28 09:24:37,25/02/28 09:26:51,40,2
150,16,25/02/28 09:26:52,25/02/28 09:28:05,40,0
150,17,25/02/28 09:28:10,25/02/28 09:29:23,40,0
130,18,25/02/28 09:31:58,25/02/28 09:39:37,40,1
130,19,25/02/28 09:39:41,25/02/28 09:41:59,40,2
130,20,25/02/28 09:42:24,25/02/28 09:43:52,40,1
130,21,25/02/28 09:44:15,25/02/28 09:45:29,40,0
110,22,25/02/28 09:45:52,25/02/28 09:47:18,40,0
110,23,25/02/28 09:47:29,25/02/28 09:49:05,40,1
10,24,25/02/28 09:51:22,25/02/28 09:54:19,40,1
10,25,25/02/28 09:54:23,25/02/28 09:55:36,40,0
10,26,25/02/28 09:55:43,25/02/28 09:56:55,40,0
10,27,25/02/28 09:58:09,25/02/28 09:59:21,40,0
30,28,25/02/28 10:01:35,25/02/28 10:03:04,40,1
30,29,25/02/28 10:03:07,25/02/28 10:04:19,40,0
30,30,25/02/28 10:04:26,25/02/28 10:05:38,40,0
30,31,25/02/28 10:05:44,25/02/28 10:06:56,40,0
70,32,25/02/28 10:11:54,25/02/28 10:18:10,40,4
70,33,25/02/28 10:18:12,25/02/28 10:19:20,40,0
70,34,25/02/28 10:19:22,25/02/28 10:20:31,40,0
70,35,25/02/28 12:23:12,25/02/28 12:39:15,40,1
50,36,25/02/28 12:40:45,25/02/28 12:42:35,40,1
50,37,25/02/28 12:42:37,25/02/28 12:43:45,40,0
50,38,25/02/28 12:43:47,25/02/28 12:44:56,40,0
50,39,25/02/28 12:44:58,25/02/28 12:46:06,40,0
90,40,25/02/28 12:46:26,25/02/28 12:47:47,40,0
90,41,25/02/28 12:47:49,25/02/28 12:48:58,40,0
90,42,25/02/28 12:49:00,25/02/28 12:50:09,40,0
90,43,25/02/28 12:50:10,25/02/28 12:51:19,40,0
110,44,25/02/28 12:53:42,25/02/28 12:57:02,40,1
110,45,25/02/28 12:57:04,25/02/28 12:58:18,40,0
110,46,25/02/28 12:58:27,25/02/28 13:00:18,40,2
110,47,25/02/28 13:41:15,25/02/28 13:42:28,40,0
150,48,25/02/28 13:45:08,25/02/28 13:47:08,40,1
150,49,25/02/28 13:47:11,25/02/28 13:50:24,40,1
150,50,25/02/28 13:50:25,25/02/28 13:51:38,40,0
130,51,25/02/28 13:53:55,25/02/28 14:09:56,40,6
130,52,25/02/28 14:10:02,25/02/28 14:16:03,40,4
130,52,25/02/28 14:16:07,25/02/28 14:48:30,8,1
130,53,25/02/28 14:49:07,25/02/28 14:50:29,32,2
130,54,25/02/28 14:50:44,25/02/28 14:51:57,40,0
10,55,25/02/28 14:54:35,25/02/28 15:00:35,40,1
10,56,25/02/28 15:00:37,25/02/28 15:01:50,40,0
10,57,25/02/28 15:01:52,25/02/28 15:03:04,40,0
10,58,25/02/28 15:03:18,25/02/28 15:04:30,40,0
30,59,25/02/28 15:05:53,25/02/28 15:07:18,40,0
30,60,25/02/28 15:07:30,25/02/28 15:08:42,40,0
30,61,25/02/28 15:08:59,25/02/28 15:10:11,40,0
50,62,25/02/28 15:13:59,25/02/28 15:20:48,40,1
50,63,25/02/28 15:21:03,25/02/28 15:22:13,40,0
50,64,25/02/28 15:22:18,25/02/28 15:23:26,40,0
70,65,25/02/28 15:24:14,25/02/28 15:26:31,40,1
70,66,25/02/28 15:26:33,25/02/28 15:27:42,40,0
70,67,25/02/28 15:27:44,25/02/28 15:28:53,40,0
90,68,25/02/28 15:30:06,25/02/28 15:31:28,40,0
90,69,25/02/28 15:31:29,25/02/28 15:32:49,40,0
9000,2,25/02/28 19:00:14,25/02/28 19:00:27,3,1
9010,3,25/02/28 19:00:42,25/02/28 19:00:49,1,0
70,4,25/02/28 20:21:59,25/02/28 20:26:16,40,1
70,5,25/02/28 20:26:18,25/02/28 20:27:28,40,0
90,6,25/02/28 20:27:53,25/02/28 20:29:19,40,0
90,7,25/02/28 20:29:21,25/02/28 20:30:30,40,0
90,8,25/02/28 20:30:32,25/02/28 20:31:42,40,0
110,9,25/02/28 20:34:44,25/02/28 20:38:10,40,1
110,10,25/02/28 20:38:35,25/02/28 20:40:10,40,0
110,11,25/02/28 20:40:21,25/02/28 20:41:34,40,0
150,12,25/02/28 20:42:00,25/02/28 20:44:43,40,1
150,13,25/02/28 20:45:05,25/02/28 20:47:47,40,1
150,14,25/02/28 20:48:45,25/02/28 20:50:17,40,1
130,15,25/02/28 20:51:10,25/02/28 20:52:55,40,1
130,16,25/02/28 20:54:23,25/02/28 20:56:53,40,1
10,17,25/02/28 21:00:13,25/02/28 21:05:02,40,1
10,18,25/02/28 21:05:03,25/02/28 21:06:30,40,0
10,19,25/02/28 21:06:53,25/02/28 21:08:23,40,0
30,20,25/02/28 21:09:46,25/02/28 21:11:22,40,0
30,21,25/02/28 21:13:08,25/02/28 21:15:36,80,0
30,22,25/02/28 21:15:39,25/02/28 21:16:51,40,0
30,23,25/02/28 21:16:53,25/02/28 21:18:05,40,0
30,24,25/02/28 21:18:23,25/02/28 21:19:35,40,0
10,25,25/02/28 21:20:20,25/02/28 21:29:02,40,0
10,26,25/02/28 21:29:10,25/02/28 21:30:22,40,0
10,27,25/02/28 21:30:26,25/02/28 21:31:38,40,0
50,38,25/02/28 21:49:12,25/02/28 21:53:11,40,1
50,39,25/02/28 21:53:34,25/02/28 21:54:44,40,0
50,40,25/02/28 21:54:53,25/02/28 21:56:01,40,0
50,41,25/02/28 22:46:26,25/02/28 22:48:05,40,1
70,42,25/02/28 22:49:16,25/02/28 22:50:56,40,1
70,43,25/02/28 22:51:47,25/02/28 22:59:26,40,0
70,44,25/02/28 22:59:35,25/02/28 23:00:45,40,0
70,45,25/02/28 23:00:48,25/02/28 23:02:10,40,1
90,46,25/02/28 23:02:37,25/02/28 23:04:10,40,0
90,47,25/02/28 23:04:16,25/02/28 23:05:25,40,0
90,48,25/02/28 23:05:29,25/02/28 23:06:38,40,0
110,49,25/02/28 23:08:55,25/02/28 23:11:07,40,1
110,50,25/02/28 23:11:16,25/02/28 23:12:30,40,0
110,51,25/02/28 23:12:35,25/02/28 23:13:47,40,0
130,52,25/02/28 23:14:16,25/02/28 23:17:26,40,2
130,53,25/02/28 23:17:27,25/02/28 23:18:40,40,0
130,54,25/02/28 23:18:43,25/02/28 23:19:55,40,0
130,55,25/02/28 23:20:03,25/02/28 23:21:15,40,0
150,56,25/02/28 23:21:49,25/02/28 23:24:57,40,1
150,57,25/02/28 23:24:59,25/02/28 23:26:11,40,0
150,58,25/02/28 23:26:42,25/02/28 23:27:55,40,0
150,59,25/02/28 23:28:00,25/02/28 23:29:13,40,0
150,60,25/02/28 23:29:33,25/02/28 23:30:45,40,0
150,61,25/02/28 23:30:47,25/02/28 23:32:00,40,0
130,62,25/02/28 23:34:32,25/02/28 23:35:58,40,0
130,63,25/02/28 23:36:01,25/02/28 23:37:14,40,0
130,64,25/02/28 23:37:29,25/02/28 23:38:42,40,0
110,65,25/03/01 00:11:53,25/03/01 00:14:18,40,1
110,66,25/03/01 00:15:00,25/03/01 00:16:14,40,0
110,67,25/03/01 00:16:17,25/03/01 00:17:31,40,0
30,68,25/03/01 00:22:00,25/03/01 00:28:00,40,1
30,69,25/03/01 00:28:07,25/03/01 00:29:20,40,0
30,70,25/03/01 00:29:52,25/03/01 00:31:31,40,0
30,71,25/03/01 01:32:40,25/03/01 01:36:45,40,1
10,72,25/03/01 01:40:41,25/03/01 01:43:02,40,1
10,73,25/03/01 01:57:07,25/03/01 02:05:18,40,2
10,74,25/03/01 02:05:21,25/03/01 02:06:34,40,0
10,75,25/03/01 02:06:37,25/03/01 02:07:48,40,0
30,76,25/03/01 02:10:47,25/03/01 02:12:24,40,0
30,77,25/03/01 02:14:29,25/03/01 02:19:30,40,2
50,78,25/03/01 02:21:10,25/03/01 02:24:31,40,1
50,79,25/03/01 02:24:37,25/03/01 02:26:20,40,0
50,80,25/03/01 02:26:23,25/03/01 02:27:32,40,0
50,81,25/03/01 02:27:33,25/03/01 02:28:50,40,0
50,82,25/03/01 02:38:55,25/03/01 02:40:04,40,0
50,83,25/03/01 02:40:13,25/03/01 02:41:21,40,0
70,84,25/03/01 02:41:40,25/03/01 02:46:47,40,3
70,85,25/03/01 03:51:18,25/03/01 03:52:27,40,0
70,86,25/03/01 03:52:47,25/03/01 03:55:36,40,4
70,87,25/03/01 03:55:38,25/03/01 04:02:02,40,2
70,88,25/03/01 04:02:06,25/03/01 04:03:14,40,0
90,89,25/03/01 04:04:05,25/03/01 04:07:43,40,3
90,90,25/03/01 04:07:44,25/03/01 04:08:53,40,0
90,91,25/03/01 04:08:58,25/03/01 04:10:06,40,0
90,92,25/03/01 04:10:11,25/03/01 04:11:19,40,0
90,93,25/03/01 04:11:25,25/03/01 04:12:34,40,0
90,94,25/03/01 04:12:39,25/03/01 04:13:48,40,0
9000,2,25/03/01 09:12:17,25/03/01 09:12:52,25,0
70,88,25/03/01 09:28:11,25/03/01 09:30:40,40,3
9000,2,25/03/03 07:05:51,25/03/03 07:06:04,3,1
9010,3,25/03/03 07:06:13,25/03/03 07:06:21,1,0
110,4,25/03/03 07:07:53,25/03/03 07:28:08,40,1
110,5,25/03/03 07:28:14,25/03/03 07:37:25,40,1
110,6,25/03/03 07:37:38,25/03/03 07:39:03,40,0
150,7,25/03/03 07:40:22,25/03/03 07:44:19,40,2
150,8,25/03/03 07:45:02,25/03/03 07:46:15,40,0
150,9,25/03/03 07:46:18,25/03/03 07:49:50,40,1
150,10,25/03/03 07:51:13,25/03/03 07:55:45,40,1
130,11,25/03/03 07:57:06,25/03/03 07:59:35,40,1
130,12,25/03/03 07:59:37,25/03/03 08:00:50,40,0
130,13,25/03/03 08:01:01,25/03/03 08:02:14,40,0
70,14,25/03/03 09:11:51,25/03/03 09:16:57,40,2
50,15,25/03/03 09:18:06,25/03/03 09:19:32,40,0
50,16,25/03/03 09:19:37,25/03/03 09:20:45,40,0
10,17,25/03/03 09:22:54,25/03/03 09:28:46,40,1
10,18,25/03/03 09:29:31,25/03/03 09:36:31,40,1
30,19,25/03/03 10:48:13,25/03/03 10:52:27,40,2
30,20,25/03/03 10:52:57,25/03/03 10:54:10,40,0
30,21,25/03/03 10:54:12,25/03/03 10:56:00,40,1
30,22,25/03/03 10:56:05,25/03/03 11:19:52,40,1
10,23,25/03/03 11:21:25,25/03/03 11:23:31,40,1
10,24,25/03/03 11:23:54,25/03/03 11:25:19,40,0
70,25,25/03/03 11:26:42,25/03/03 11:32:57,40,4
70,26,25/03/03 11:33:00,25/03/03 11:34:08,40,0
70,27,25/03/03 11:34:26,25/03/03 11:35:35,40,0
50,28,25/03/03 11:36:08,25/03/03 11:37:36,40,0
50,29,25/03/03 11:37:37,25/03/03 11:38:46,40,0
90,30,25/03/03 11:40:13,25/03/03 11:45:06,40,1
90,31,25/03/03 11:45:22,25/03/03 11:46:32,40,0
90,32,25/03/03 11:46:40,25/03/03 11:49:09,40,1
130,36,25/03/03 11:55:07,25/03/03 11:58:05,40,3
130,37,25/03/03 12:44:52,25/03/03 12:48:24,40,2
110,40,25/03/03 12:49:19,25/03/03 12:51:03,40,1
150,41,25/03/03 12:53:40,25/03/03 12:55:10,40,0
150,42,25/03/03 12:55:12,25/03/03 12:56:24,40,0
150,43,25/03/03 12:57:34,25/03/03 13:02:30,40,3
150,44,25/03/03 13:02:39,25/03/03 13:04:03,40,0
110,45,25/03/03 13:04:29,25/03/03 13:07:20,40,2
110,46,25/03/03 13:07:26,25/03/03 13:11:23,40,1
110,47,25/03/03 13:11:29,25/03/03 13:12:55,40,0
130,48,25/03/03 13:14:48,25/03/03 13:17:36,40,2
130,49,25/03/03 13:17:40,25/03/03 13:18:52,40,0
90,50,25/03/03 13:22:27,25/03/03 13:30:33,40,3
90,51,25/03/03 13:30:46,25/03/03 13:38:06,40,2
70,52,25/03/03 13:38:33,25/03/03 13:39:55,40,0
70,53,25/03/03 13:40:07,25/03/03 13:41:16,40,0
50,54,25/03/03 13:43:30,25/03/03 13:45:00,40,0
10,55,25/03/03 13:47:08,25/03/03 13:52:52,40,2
10,56,25/03/03 13:54:09,25/03/03 13:55:22,40,0
30,57,25/03/03 13:57:37,25/03/03 14:00:28,40,0
30,58,25/03/03 14:01:29,25/03/03 14:02:41,40,0
30,59,25/03/03 15:36:11,25/03/03 15:37:24,40,0
30,60,25/03/03 15:37:26,25/03/03 15:38:39,40,0
10,61,25/03/03 15:39:16,25/03/03 15:40:44,40,0
10,62,25/03/03 15:40:45,25/03/03 15:41:57,40,0
50,63,25/03/03 15:43:31,25/03/03 15:46:33,40,1
50,64,25/03/03 15:46:45,25/03/03 15:47:55,40,0
50,65,25/03/03 15:47:59,25/03/03 15:49:07,40,0
70,66,25/03/03 15:49:34,25/03/03 15:52:21,40,2
70,67,25/03/03 15:52:32,25/03/03 15:53:41,40,0
90,68,25/03/03 15:54:35,25/03/03 15:58:27,40,3
9000,2,25/03/03 19:24:31,25/03/03 19:24:41,3,0
9010,3,25/03/03 19:24:47,25/03/03 19:24:54,1,0
90,4,25/03/03 19:30:27,25/03/03 19:34:47,80,3
70,5,25/03/03 19:36:39,25/03/03 19:38:06,40,1
50,6,25/03/03 19:39:49,25/03/03 19:41:28,40,1
110,7,25/03/03 19:45:02,25/03/03 19:48:13,40,1
110,8,25/03/03 19:48:19,25/03/03 19:49:33,40,0
110,9,25/03/03 19:49:35,25/03/03 19:50:48,40,0
110,10,25/03/03 19:50:50,25/03/03 19:52:02,40,0
130,11,25/03/03 19:53:29,25/03/03 19:55:21,40,1
130,12,25/03/03 19:56:01,25/03/03 19:57:14,40,0
130,13,25/03/03 19:57:17,25/03/03 19:58:29,40,0
130,14,25/03/03 19:58:31,25/03/03 19:59:44,40,0
130,15,25/03/03 19:59:46,25/03/03 20:01:40,40,1
150,16,25/03/03 20:02:38,25/03/03 20:04:00,40,0
150,17,25/03/03 20:04:39,25/03/03 20:05:51,40,0
150,18,25/03/03 20:05:53,25/03/03 20:07:26,40,0
10,19,25/03/03 20:09:33,25/03/03 20:12:47,40,1
10,20,25/03/03 20:12:49,25/03/03 20:14:02,40,0
10,21,25/03/03 22:04:47,25/03/03 22:06:15,40,0
10,22,25/03/03 22:06:18,25/03/03 22:07:30,40,0
30,23,25/03/03 22:08:57,25/03/03 22:10:37,40,1
30,24,25/03/03 22:10:46,25/03/03 22:12:00,40,0
30,25,25/03/03 22:12:01,25/03/03 22:13:13,40,0
30,26,25/03/03 22:13:25,25/03/03 22:17:05,40,1
150,27,25/03/03 22:18:05,25/03/03 22:20:47,40,1
150,28,25/03/03 22:20:53,25/03/03 22:22:07,40,0
130,29,25/03/03 22:22:33,25/03/03 22:24:17,40,0
130,30,25/03/03 22:24:20,25/03/03 22:25:33,40,0
110,31,25/03/03 22:26:59,25/03/03 22:29:39,40,1
110,32,25/03/03 22:30:11,25/03/03 22:31:23,40,0
90,33,25/03/03 22:33:57,25/03/03 22:36:37,40,1
90,34,25/03/03 22:36:40,25/03/03 22:38:37,40,1
90,35,25/03/03 22:38:49,25/03/03 22:41:16,40,1
50,36,25/03/03 22:41:57,25/03/03 22:43:19,40,0
50,37,25/03/03 22:43:23,25/03/03 22:44:32,40,0
70,38,25/03/03 22:46:15,25/03/03 22:47:36,40,0
70,39,25/03/03 22:47:38,25/03/03 22:48:47,40,0
70,40,25/03/04 00:22:32,25/03/04 00:27:53,40,4
70,41,25/03/04 00:27:56,25/03/04 00:37:11,40,4
70,42,25/03/04 00:37:13,25/03/04 00:38:21,40,0
70,42,25/03/04 00:38:36,25/03/04 00:38:49,4,0
50,43,25/03/04 00:39:18,25/03/04 00:40:39,40,0
50,44,25/03/04 00:40:55,25/03/04 00:42:15,40,0
50,45,25/03/04 00:42:17,25/03/04 00:43:27,40,0
90,46,25/03/04 00:44:35,25/03/04 00:47:49,40,1
90,47,25/03/04 00:48:11,25/03/04 00:52:25,40,2
110,48,25/03/04 00:53:22,25/03/04 00:57:15,40,2
110,49,25/03/04 00:57:16,25/03/04 00:58:29,40,0
150,50,25/03/04 00:59:48,25/03/04 01:01:13,40,0
150,51,25/03/04 01:01:14,25/03/04 01:02:27,40,0
150,52,25/03/04 01:02:35,25/03/04 01:03:48,40,0
150,53,25/03/04 01:54:13,25/03/04 01:55:48,40,1
150,54,25/03/04 01:55:49,25/03/04 01:57:38,40,2
110,55,25/03/04 01:58:05,25/03/04 01:59:31,40,0
110,56,25/03/04 01:59:33,25/03/04 02:00:45,40,0
130,57,25/03/04 02:03:48,25/03/04 02:05:41,40,1
130,58,25/03/04 02:06:05,25/03/04 02:07:18,40,0
130,59,25/03/04 02:07:21,25/03/04 02:08:34,40,0
10,60,25/03/04 02:12:01,25/03/04 02:16:57,40,1
10,61,25/03/04 02:17:01,25/03/04 02:18:18,40,0
10,62,25/03/04 02:18:21,25/03/04 02:19:37,40,0
10,63,25/03/04 02:19:43,25/03/04 02:20:58,40,0
30,64,25/03/04 02:23:09,25/03/04 02:25:04,40,1
30,65,25/03/04 02:25:10,25/03/04 02:26:22,40,0
30,66,25/03/04 02:26:38,25/03/04 02:27:50,40,0
50,67,25/03/04 02:30:19,25/03/04 02:34:42,40,1
50,68,25/03/04 02:34:44,25/03/04 02:35:54,40,0
70,69,25/03/04 02:37:23,25/03/04 02:39:10,40,1
70,70,25/03/04 02:39:12,25/03/04 02:43:57,40,4
9000,2,25/03/04 07:05:03,25/03/04 07:05:17,3,1
9010,3,25/03/04 07:05:33,25/03/04 07:05:40,1,0
80,4,25/03/04 08:47:36,25/03/04 08:51:28,40,1
60,5,25/03/04 08:53:43,25/03/04 08:55:10,40,0
60,6,25/03/04 08:55:29,25/03/04 08:56:50,40,1
90,7,25/03/04 08:57:19,25/03/04 08:58:48,40,0
90,8,25/03/04 08:59:49,25/03/04 09:00:58,40,0
90,9,25/03/04 09:01:01,25/03/04 09:02:22,40,0
100,10,25/03/04 09:02:28,25/03/04 09:03:38,40,0
100,11,25/03/04 09:03:44,25/03/04 09:05:23,40,0
30,12,25/03/04 09:07:31,25/03/04 09:11:15,40,1
30,13,25/03/04 09:11:18,25/03/04 09:12:31,40,0
40,14,25/03/04 09:12:48,25/03/04 09:15:05,40,1
10,15,25/03/04 09:16:49,25/03/04 09:18:56,40,0
20,16,25/03/04 09:19:03,25/03/04 09:20:13,40,0
20,17,25/03/04 09:21:05,25/03/04 09:25:51,40,1
20,18,25/03/04 09:25:54,25/03/04 09:27:03,40,0
40,19,25/03/04 09:27:39,25/03/04 09:29:04,40,0
40,20,25/03/04 09:29:16,25/03/04 09:30:25,40,0
130,21,25/03/04 09:34:03,25/03/04 09:40:43,40,1
140,22,25/03/04 09:41:55,25/03/04 09:43:12,40,0
140,23,25/03/04 09:44:02,25/03/04 09:55:13,40,0
140,24,25/03/04 09:55:16,25/03/04 09:56:33,40,0
160,25,25/03/04 09:57:20,25/03/04 10:00:57,40,2
160,26,25/03/04 10:01:13,25/03/04 10:02:29,40,0
110,27,25/03/04 10:02:59,25/03/04 10:04:26,40,0
120,28,25/03/04 10:04:32,25/03/04 10:05:48,40,0
120,29,25/03/04 10:05:51,25/03/04 10:07:07,40,0
100,30,25/03/04 10:10:32,25/03/04 10:13:29,40,0
70,31,25/03/04 10:14:09,25/03/04 10:16:19,40,2
80,32,25/03/04 10:16:20,25/03/04 10:17:47,40,1
80,33,25/03/04 10:17:51,25/03/04 10:19:00,40,0
80,33,25/03/04 11:58:22,25/03/04 12:00:52,1,3
80,34,25/03/04 13:34:57,25/03/04 13:36:08,40,0
80,35,25/03/04 13:36:15,25/03/04 13:37:25,40,0
100,36,25/03/04 13:37:50,25/03/04 13:39:18,40,0
100,37,25/03/04 13:39:28,25/03/04 13:40:37,40,0
60,38,25/03/04 13:42:04,25/03/04 13:43:31,40,0
60,39,25/03/04 13:43:34,25/03/04 13:44:43,40,0
60,40,25/03/04 13:44:45,25/03/04 13:45:54,40,0
120,41,25/03/04 13:47:54,25/03/04 13:52:04,40,2
120,42,25/03/04 13:52:34,25/03/04 13:54:17,40,0
120,42,25/03/04 13:54:59,25/03/04 13:56:17,40,0
160,43,25/03/04 13:56:43,25/03/04 14:00:19,40,1
160,44,25/03/04 14:01:03,25/03/04 14:02:19,40,0
160,45,25/03/04 14:02:26,25/03/04 14:03:42,40,0
160,46,25/03/04 14:03:45,25/03/04 14:05:01,40,0
140,47,25/03/04 14:05:33,25/03/04 14:07:42,40,1
140,48,25/03/04 14:07:44,25/03/04 14:09:00,40,0
140,49,25/03/04 14:09:05,25/03/04 14:10:21,40,0
40,50,25/03/04 16:53:45,25/03/04 16:56:59,40,1
40,51,25/03/04 16:57:22,25/03/04 16:58:33,40,0
20,52,25/03/04 16:59:12,25/03/04 17:01:47,40,1
20,53,25/03/04 17:01:50,25/03/04 17:02:58,40,0
170,54,25/03/04 17:13:21,25/03/04 17:16:42,40,2
170,55,25/03/04 17:16:45,25/03/04 17:17:59,40,0
170,56,25/03/04 17:18:02,25/03/04 17:19:16,40,0
170,57,25/03/04 17:19:21,25/03/04 17:20:35,40,0
170,58,25/03/04 17:20:46,25/03/04 17:22:00,40,0
170,59,25/03/04 17:22:02,25/03/04 17:23:26,40,0
240,60,25/03/04 17:23:50,25/03/04 17:25:17,40,0
240,61,25/03/04 17:26:08,25/03/04 17:27:15,40,0
240,62,25/03/04 17:27:18,25/03/04 17:28:25,40,0
240,63,25/03/04 17:28:33,25/03/04 17:29:40,40,0
190,64,25/03/04 17:30:54,25/03/04 17:32:21,40,0
190,65,25/03/04 17:32:23,25/03/04 17:33:37,40,0
190,66,25/03/04 17:33:45,25/03/04 17:34:59,40,0
190,67,25/03/04 17:35:06,25/03/04 17:36:19,40,0
190,68,25/03/04 17:36:21,25/03/04 17:37:35,40,0
190,69,25/03/04 17:37:37,25/03/04 17:38:51,40,0
190,70,25/03/04 17:39:00,25/03/04 17:40:13,40,0
190,71,25/03/04 17:40:16,25/03/04 17:41:30,40,0
180,72,25/03/04 18:13:41,25/03/04 18:17:14,40,5
180,73,25/03/04 18:17:16,25/03/04 18:18:29,40,0
180,74,25/03/04 18:18:33,25/03/04 18:19:46,40,0
180,75,25/03/04 18:19:48,25/03/04 18:21:02,40,0
180,76,25/03/04 18:21:04,25/03/04 18:22:18,40,0
180,77,25/03/04 18:22:22,25/03/04 18:23:36,40,0
180,78,25/03/04 18:23:38,25/03/04 18:24:52,40,0
9000,2,25/03/04 19:25:51,25/03/04 19:26:15,3,2
9010,3,25/03/04 19:26:24,25/03/04 19:26:31,1,0
100,4,25/03/04 19:28:23,25/03/04 19:31:46,40,1
100,5,25/03/04 19:31:49,25/03/04 19:32:59,40,0
100,6,25/03/04 19:33:08,25/03/04 19:34:17,40,0
60,7,25/03/04 19:34:58,25/03/04 19:37:11,40,1
60,8,25/03/04 19:37:14,25/03/04 19:38:23,40,0
60,9,25/03/04 19:38:25,25/03/04 19:39:33,40,0
80,10,25/03/04 19:41:14,25/03/04 19:44:14,40,2
80,11,25/03/04 19:44:16,25/03/04 19:45:25,40,0
80,12,25/03/04 19:45:31,25/03/04 19:46:40,40,0
20,13,25/03/04 19:48:54,25/03/04 19:55:28,40,1
20,14,25/03/04 19:55:39,25/03/04 19:56:50,40,0
20,15,25/03/04 19:56:57,25/03/04 19:58:06,40,0
40,16,25/03/04 19:58:59,25/03/04 20:01:40,40,3
40,17,25/03/04 20:01:42,25/03/04 20:03:05,40,0
40,18,25/03/04 20:03:06,25/03/04 20:04:31,40,0
120,19,25/03/04 21:56:33,25/03/04 21:59:59,40,1
120,20,25/03/04 22:00:00,25/03/04 22:01:18,40,0
120,21,25/03/04 22:01:19,25/03/04 22:02:36,40,0
120,22,25/03/04 22:02:40,25/03/04 22:04:43,40,1
140,23,25/03/04 22:05:15,25/03/04 22:06:45,40,0
140,24,25/03/04 22:06:47,25/03/04 22:08:03,40,0
140,25,25/03/04 22:08:04,25/03/04 22:10:17,40,1
140,26,25/03/04 22:10:18,25/03/04 22:13:58,40,2
160,27,25/03/04 22:15:24,25/03/04 22:18:00,40,2
160,28,25/03/04 22:18:02,25/03/04 22:19:18,40,0
160,29,25/03/04 22:19:20,25/03/04 22:20:36,40,0
100,30,25/03/04 22:21:45,25/03/04 22:24:29,40,1
100,31,25/03/04 22:24:31,25/03/04 22:25:41,40,0
60,32,25/03/04 22:26:29,25/03/04 22:28:33,40,1
60,33,25/03/04 22:28:37,25/03/04 22:29:46,40,0
60,34,25/03/05 00:13:03,25/03/05 00:14:17,40,1
60,35,25/03/05 00:14:24,25/03/05 00:15:34,40,0
80,35,25/03/05 00:18:39,25/03/05 00:20:10,6,2
80,36,25/03/05 00:22:29,25/03/05 00:24:16,35,1
80,37,25/03/05 00:24:18,25/03/05 00:25:28,40,0
80,38,25/03/05 00:25:30,25/03/05 00:26:39,40,0
80,39,25/03/05 00:27:00,25/03/05 00:29:34,40,1
100,40,25/03/05 00:29:55,25/03/05 00:31:16,40,0
100,41,25/03/05 00:31:24,25/03/05 00:32:33,40,0
20,42,25/03/05 00:36:13,25/03/05 00:39:53,40,1
20,43,25/03/05 00:39:55,25/03/05 00:41:05,40,0
20,44,25/03/05 00:41:07,25/03/05 00:42:16,40,0
20,45,25/03/05 00:42:21,25/03/05 00:43:30,40,0
40,46,25/03/05 00:44:58,25/03/05 00:47:18,40,1
40,47,25/03/05 00:47:20,25/03/05 00:48:40,40,0
40,48,25/03/05 00:48:45,25/03/05 00:49:55,40,0
40,49,25/03/05 00:50:05,25/03/05 00:51:15,40,0
120,50,25/03/05 00:52:52,25/03/05 00:57:21,40,1
120,51,25/03/05 00:57:23,25/03/05 00:59:58,40,1
120,52,25/03/05 02:16:36,25/03/05 02:18:08,40,1
120,53,25/03/05 02:18:14,25/03/05 02:19:30,40,0
140,54,25/03/05 02:20:27,25/03/05 02:21:56,40,0
140,55,25/03/05 02:21:58,25/03/05 02:23:14,40,0
140,56,25/03/05 02:23:16,25/03/05 02:24:32,40,0
140,57,25/03/05 02:24:35,25/03/05 02:25:51,40,0
160,58,25/03/05 02:27:46,25/03/05 02:33:11,40,3
160,59,25/03/05 02:33:13,25/03/05 02:34:29,40,0
160,60,25/03/05 02:34:32,25/03/05 02:35:48,40,0
160,61,25/03/05 02:35:51,25/03/05 02:37:07,40,0
9000,2,25/03/05 07:23:07,25/03/05 07:23:17,3,0
9010,3,25/03/05 07:23:20,25/03/05 07:23:26,1,0
80,12,25/03/05 08:50:11,25/03/05 08:54:32,40,1
80,13,25/03/05 08:54:38,25/03/05 08:55:48,40,0
80,14,25/03/05 08:55:50,25/03/05 08:56:59,40,0
100,15,25/03/05 08:57:19,25/03/05 08:58:48,40,0
100,16,25/03/05 08:58:54,25/03/05 09:00:03,40,0
100,17,25/03/05 09:00:05,25/03/05 09:01:14,40,0
60,18,25/03/05 09:02:49,25/03/05 09:04:16,40,1
60,19,25/03/05 09:04:21,25/03/05 09:05:30,40,0
20,21,25/03/05 09:06:38,25/03/05 09:11:07,40,1
40,24,25/03/05 09:11:39,25/03/05 09:12:59,40,0
40,25,25/03/05 09:13:02,25/03/05 09:14:12,40,0
40,26,25/03/05 09:14:16,25/03/05 09:15:25,40,0
20,27,25/03/05 09:15:51,25/03/05 09:17:17,40,0
20,28,25/03/05 09:37:07,25/03/05 09:38:16,40,0
20,29,25/03/05 09:38:27,25/03/05 09:40:17,40,1
20,30,25/03/05 09:40:32,25/03/05 09:41:41,40,0
40,31,25/03/05 09:42:09,25/03/05 09:43:31,40,0
40,32,25/03/05 09:43:35,25/03/05 09:44:44,40,0
160,33,25/03/05 09:48:31,25/03/05 09:52:22,40,1
160,34,25/03/05 09:52:23,25/03/05 09:53:41,40,0
160,35,25/03/05 09:53:48,25/03/05 09:55:05,40,0
160,36,25/03/05 09:55:09,25/03/05 09:56:25,40,0
140,37,25/03/05 09:58:00,25/03/05 10:00:02,40,2
140,38,25/03/05 10:00:04,25/03/05 10:01:20,40,0
140,39,25/03/05 10:01:57,25/03/05 10:03:14,40,0
140,40,25/03/05 10:03:16,25/03/05 10:04:32,40,0
120,41,25/03/05 10:06:39,25/03/05 10:08:23,40,2
120,42,25/03/05 10:08:28,25/03/05 10:09:44,40,0
60,47,25/03/05 12:38:44,25/03/05 12:42:22,40,1
60,48,25/03/05 12:42:24,25/03/05 12:43:34,40,0
60,49,25/03/05 12:43:49,25/03/05 12:44:58,40,0
60,50,25/03/05 12:45:05,25/03/05 12:46:14,40,0
60,51,25/03/05 12:46:16,25/03/05 12:47:25,40,0
100,52,25/03/05 12:48:03,25/03/05 12:50:29,40,1
100,53,25/03/05 12:50:44,25/03/05 12:51:53,40,0
100,54,25/03/05 12:51:56,25/03/05 12:53:05,40,0
100,55,25/03/05 12:53:25,25/03/05 12:54:33,40,0
80,56,25/03/05 13:01:55,25/03/05 13:04:32,40,2
80,57,25/03/05 13:04:45,25/03/05 13:05:54,40,0
80,58,25/03/05 13:05:59,25/03/05 13:08:46,40,1
80,59,25/03/05 13:08:54,25/03/05 13:15:40,40,3
120,60,25/03/05 13:32:25,25/03/05 13:37:47,40,1
120,61,25/03/05 13:37:54,25/03/05 13:39:11,40,0
120,62,25/03/05 13:39:57,25/03/05 13:41:13,40,0
120,63,25/03/05 13:43:08,25/03/05 13:44:39,40,0
120,64,25/03/05 13:46:06,25/03/05 13:47:24,40,0
160,65,25/03/05 13:48:17,25/03/05 13:50:10,40,1
160,66,25/03/05 13:50:16,25/03/05 13:56:43,80,1
140,67,25/03/05 13:58:37,25/03/05 14:00:22,40,0
140,68,25/03/05 14:03:00,25/03/05 14:05:54,40,1
140,69,25/03/05 14:06:39,25/03/05 14:07:56,40,0
20,70,25/03/05 14:10:30,25/03/05 14:22:15,40,1
20,71,25/03/05 14:22:47,25/03/05 14:23:57,40,0
20,72,25/03/05 14:24:06,25/03/05 14:25:15,40,0
40,73,25/03/05 14:25:38,25/03/05 14:28:44,40,1
40,74,25/03/05 14:28:49,25/03/05 14:30:08,40,0
9010,2,25/03/05 19:26:22,25/03/05 19:26:32,1,0
9000,3,25/03/05 19:26:39,25/03/05 19:26:45,3,0
40,4,25/03/05 19:27:48,25/03/05 19:34:41,40,1
40,5,25/03/05 19:34:57,25/03/05 19:36:07,40,0
40,6,25/03/05 19:36:19,25/03/05 19:37:28,40,0
20,7,25/03/05 19:39:27,25/03/05 19:40:50,40,0
20,8,25/03/05 19:40:55,25/03/05 19:42:04,40,0
60,9,25/03/05 19:46:25,25/03/05 19:49:04,40,1
60,10,25/03/05 19:49:29,25/03/05 19:50:39,40,0
60,11,25/03/05 19:50:45,25/03/05 19:51:54,40,0
80,12,25/03/05 19:53:32,25/03/05 19:58:39,40,3
80,13,25/03/05 19:58:42,25/03/05 19:59:51,40,0
80,14,25/03/05 19:59:53,25/03/05 20:01:01,40,0
100,15,25/03/05 20:02:43,25/03/05 20:04:47,40,2
100,16,25/03/05 20:04:49,25/03/05 20:05:58,40,0
100,17,25/03/05 20:06:00,25/03/05 20:07:09,40,0
100,18,25/03/05 21:57:24,25/03/05 21:58:33,40,0
100,19,25/03/05 21:58:35,25/03/05 21:59:44,40,0
80,20,25/03/05 22:00:08,25/03/05 22:01:29,40,0
80,21,25/03/05 22:01:32,25/03/05 22:02:40,40,0
80,22,25/03/05 22:02:43,25/03/05 22:03:52,40,0
60,23,25/03/05 22:05:21,25/03/05 22:06:48,40,1
60,24,25/03/05 22:06:49,25/03/05 22:07:58,40,0
120,25,25/03/05 22:09:31,25/03/05 22:15:06,40,3
120,26,25/03/05 22:15:15,25/03/05 22:16:31,40,0
120,27,25/03/05 22:17:11,25/03/05 22:18:28,40,0
140,28,25/03/05 22:20:16,25/03/05 22:21:50,40,1
140,29,25/03/05 22:22:04,25/03/05 22:23:20,40,0
140,30,25/03/05 22:23:23,25/03/05 22:24:40,40,0
160,31,25/03/05 22:25:13,25/03/05 22:28:06,40,1
160,32,25/03/05 22:28:08,25/03/05 22:29:24,40,0
160,33,25/03/05 22:29:26,25/03/05 22:30:42,40,0
160,34,25/03/05 22:30:44,25/03/05 22:32:00,40,0
160,35,25/03/06 00:13:10,25/03/06 00:14:32,40,1
140,36,25/03/06 00:15:09,25/03/06 00:16:37,40,0
140,37,25/03/06 00:16:47,25/03/06 00:18:04,40,0
20,38,25/03/06 00:22:11,25/03/06 00:25:49,40,1
20,39,25/03/06 00:25:50,25/03/06 00:27:01,40,0
20,40,25/03/06 00:27:03,25/03/06 00:28:12,40,0
20,41,25/03/06 00:28:13,25/03/06 00:32:12,40,2
40,42,25/03/06 00:33:55,25/03/06 00:36:10,40,0
40,43,25/03/06 00:36:22,25/03/06 00:37:32,40,0
40,44,25/03/06 00:37:34,25/03/06 00:38:42,40,0
40,45,25/03/06 00:38:44,25/03/06 00:39:53,40,0
60,46,25/03/06 00:43:16,25/03/06 00:46:27,40,1
60,47,25/03/06 00:46:52,25/03/06 00:48:02,40,0
80,48,25/03/06 00:48:54,25/03/06 00:50:14,40,0
80,49,25/03/06 00:50:15,25/03/06 00:51:24,40,0
80,50,25/03/06 01:40:49,25/03/06 01:41:58,40,0
80,51,25/03/06 01:42:00,25/03/06 01:43:09,40,0
60,52,25/03/06 01:43:29,25/03/06 01:45:13,40,0
60,53,25/03/06 01:45:15,25/03/06 01:46:25,40,0
100,54,25/03/06 01:48:18,25/03/06 01:50:22,40,1
100,55,25/03/06 01:50:24,25/03/06 01:51:32,40,0
100,56,25/03/06 01:51:34,25/03/06 01:52:43,40,0
100,57,25/03/06 01:53:00,25/03/06 01:54:09,40,0
120,58,25/03/06 01:58:15,25/03/06 02:01:56,40,1
120,59,25/03/06 02:02:41,25/03/06 02:03:58,40,0
120,60,25/03/06 02:04:59,25/03/06 02:06:15,40,0
120,61,25/03/06 02:06:17,25/03/06 02:07:34,40,0
140,62,25/03/06 02:10:38,25/03/06 02:13:12,40,2
140,63,25/03/06 02:13:31,25/03/06 02:14:48,40,0
160,64,25/03/06 02:15:27,25/03/06 02:18:39,40,1
160,65,25/03/06 02:18:41,25/03/06 02:19:57,40,0
160,66,25/03/06 02:19:59,25/03/06 02:21:15,40,0
9000,2,25/03/06 07:26:14,25/03/06 07:26:56,3,1
9010,3,25/03/06 07:26:58,25/03/06 07:27:05,1,0
20,4,25/03/06 07:29:36,25/03/06 07:34:27,40,1
20,5,25/03/06 07:34:29,25/03/06 07:35:39,40,0
20,6,25/03/06 07:35:41,25/03/06 07:38:14,40,2
20,7,25/03/06 07:38:20,25/03/06 07:41:59,40,1
40,8,25/03/06 07:44:02,25/03/06 07:45:37,40,1
40,9,25/03/06 07:45:41,25/03/06 07:48:12,40,0
40,10,25/03/06 07:48:56,25/03/06 07:50:06,40,0
40,11,25/03/06 07:50:14,25/03/06 07:52:38,40,0
50,13,25/03/06 09:19:32,25/03/06 09:25:01,40,1
50,14,25/03/06 09:25:06,25/03/06 09:26:27,40,0
60,15,25/03/06 09:27:02,25/03/06 09:28:12,40,0
60,16,25/03/06 09:28:34,25/03/06 09:29:44,40,0
70,17,25/03/06 09:31:19,25/03/06 09:32:42,40,1
70,18,25/03/06 09:32:51,25/03/06 09:34:00,40,0
80,19,25/03/06 09:34:08,25/03/06 09:35:17,40,0
80,20,25/03/06 09:38:43,25/03/06 09:39:52,40,0
90,21,25/03/06 09:42:25,25/03/06 09:59:54,40,3
90,22,25/03/06 09:59:57,25/03/06 10:01:05,40,0
100,23,25/03/06 10:01:10,25/03/06 10:02:19,40,0
100,24,25/03/06 10:02:23,25/03/06 10:03:32,40,0
110,25,25/03/06 10:04:35,25/03/06 10:07:19,40,1
120,26,25/03/06 10:07:56,25/03/06 10:09:14,40,0
120,27,25/03/06 10:09:22,25/03/06 10:10:38,40,0
130,28,25/03/06 11:13:25,25/03/06 11:15:00,40,2
130,29,25/03/06 11:15:04,25/03/06 11:16:16,40,0
140,30,25/03/06 11:16:21,25/03/06 11:17:38,40,0
140,31,25/03/06 11:17:39,25/03/06 11:18:56,40,0
150,32,25/03/06 11:19:28,25/03/06 11:21:11,40,1
150,33,25/03/06 11:21:13,25/03/06 11:22:25,40,0
160,34,25/03/06 11:22:34,25/03/06 11:23:50,40,0
150,35,25/03/06 11:55:07,25/03/06 11:56:21,40,0
150,36,25/03/06 12:51:05,25/03/06 12:52:19,40,0
110,37,25/03/06 12:53:30,25/03/06 12:55:16,40,0
110,38,25/03/06 12:55:21,25/03/06 12:56:34,40,0
10,39,25/03/06 12:59:50,25/03/06 13:08:52,40,3
10,40,25/03/06 13:08:55,25/03/06 13:10:07,40,0
10,41,25/03/06 13:10:13,25/03/06 13:11:26,40,0
30,42,25/03/06 15:48:16,25/03/06 15:49:49,40,1
30,43,25/03/06 15:50:54,25/03/06 15:52:45,40,1
30,44,25/03/06 15:52:47,25/03/06 15:54:01,40,0
150,45,25/03/06 15:57:47,25/03/06 16:01:17,40,1
150,46,25/03/06 16:01:19,25/03/06 16:02:33,40,0
130,47,25/03/06 16:08:52,25/03/06 16:12:23,40,2
130,48,25/03/06 16:12:25,25/03/06 16:14:48,40,1
110,49,25/03/06 18:19:42,25/03/06 18:21:15,40,1
9000,2,25/03/06 19:23:40,25/03/06 19:24:04,3,0
9010,3,25/03/06 19:24:05,25/03/06 19:24:12,1,0
70,4,25/03/06 19:26:16,25/03/06 19:30:19,40,1
70,5,25/03/06 19:30:21,25/03/06 19:31:31,40,0
70,6,25/03/06 19:31:33,25/03/06 19:32:42,40,0
70,7,25/03/06 19:32:44,25/03/06 19:33:52,40,0
90,8,25/03/06 19:34:16,25/03/06 19:35:37,40,0
90,9,25/03/06 19:35:41,25/03/06 19:36:50,40,0
90,10,25/03/06 19:36:54,25/03/06 19:38:02,40,0
50,11,25/03/06 19:39:21,25/03/06 19:41:24,40,3
50,12,25/03/06 19:41:27,25/03/06 19:42:35,40,0
50,13,25/03/06 19:42:37,25/03/06 19:43:46,40,0
110,14,25/03/06 19:45:17,25/03/06 19:48:15,40,1
110,15,25/03/06 19:48:27,25/03/06 19:49:41,40,0
110,16,25/03/06 19:49:45,25/03/06 19:50:58,40,0
130,17,25/03/06 19:53:16,25/03/06 19:54:52,40,1
130,18,25/03/06 19:54:53,25/03/06 19:56:06,40,0
150,19,25/03/06 19:56:26,25/03/06 19:57:51,40,0
150,20,25/03/06 19:58:22,25/03/06 19:59:35,40,0
10,21,25/03/06 20:04:52,25/03/06 20:08:00,40,1
10,22,25/03/06 20:11:16,25/03/06 20:12:29,40,0
10,23,25/03/06 20:12:45,25/03/06 20:13:57,40,0
10,24,25/03/06 20:13:59,25/03/06 20:15:11,40,0
30,25,25/03/06 22:29:06,25/03/06 22:30:36,40,1
30,26,25/03/06 22:30:38,25/03/06 22:31:50,40,0
30,27,25/03/06 22:31:52,25/03/06 22:33:04,40,0
30,28,25/03/06 22:33:07,25/03/06 22:34:19,40,0
50,29,25/03/06 22:36:52,25/03/06 22:39:40,40,1
50,30,25/03/06 22:39:42,25/03/06 22:40:52,40,0
50,31,25/03/06 22:40:54,25/03/06 22:42:03,40,0
50,37,25/03/06 22:42:37,25/03/06 22:43:47,40,0
70,38,25/03/06 22:45:28,25/03/06 22:46:49,40,0
70,39,25/03/06 22:46:50,25/03/06 22:47:59,40,0
70,32,25/03/06 22:48:12,25/03/06 22:49:22,40,0
70,33,25/03/06 22:49:26,25/03/06 22:50:36,40,0
90,34,25/03/06 22:51:34,25/03/06 22:53:08,40,2
90,35,25/03/06 22:53:10,25/03/06 22:54:18,40,0
90,36,25/03/06 22:54:25,25/03/06 22:55:34,40,0
90,40,25/03/06 22:55:36,25/03/06 22:56:45,40,0
110,41,25/03/06 23:03:52,25/03/06 23:06:31,40,1
110,42,25/03/06 23:06:33,25/03/06 23:08:03,40,0
110,43,25/03/06 23:08:13,25/03/06 23:09:27,40,0
130,44,25/03/06 23:11:34,25/03/06 23:12:59,40,0
130,45,25/03/06 23:13:29,25/03/06 23:14:42,40,0
130,46,25/03/06 23:15:11,25/03/06 23:16:24,40,0
150,47,25/03/06 23:16:48,25/03/06 23:18:13,40,0
150,48,25/03/06 23:18:15,25/03/06 23:19:27,40,0
150,49,25/03/06 23:19:29,25/03/06 23:20:42,40,0
10,50,25/03/06 23:25:47,25/03/06 23:30:20,40,2
10,51,25/03/06 23:30:34,25/03/06 23:31:47,40,0
10,52,25/03/06 23:31:49,25/03/06 23:33:01,40,0
30,53,25/03/06 23:33:20,25/03/06 23:36:18,40,1
30,54,25/03/06 23:36:20,25/03/06 23:37:34,40,0
30,55,25/03/07 01:28:00,25/03/07 01:29:18,40,1
30,56,25/03/07 01:29:20,25/03/07 01:30:34,40,0
10,57,25/03/07 01:32:34,25/03/07 01:34:00,40,0
10,58,25/03/07 01:34:04,25/03/07 01:35:17,40,0
50,59,25/03/07 01:41:25,25/03/07 01:45:07,40,1
50,60,25/03/07 01:45:22,25/03/07 01:46:33,40,0
70,61,25/03/07 01:48:28,25/03/07 01:50:02,40,2
70,62,25/03/07 01:50:05,25/03/07 01:51:14,40,0
90,63,25/03/07 01:55:38,25/03/07 01:57:46,40,1
90,64,25/03/07 01:57:59,25/03/07 01:59:08,40,0
90,65,25/03/07 01:59:09,25/03/07 02:00:18,40,0
110,66,25/03/07 02:02:39,25/03/07 02:06:02,40,1
110,67,25/03/07 02:06:11,25/03/07 02:07:25,40,0
110,68,25/03/07 02:09:27,25/03/07 02:10:40,40,0
130,69,25/03/07 02:11:07,25/03/07 02:12:33,40,0
130,70,25/03/07 02:12:54,25/03/07 02:14:06,40,0
130,71,25/03/07 02:14:22,25/03/07 02:15:35,40,0
150,72,25/03/07 02:16:46,25/03/07 02:18:13,40,1
150,73,25/03/07 02:19:13,25/03/07 02:20:26,40,0
150,74,25/03/07 02:20:28,25/03/07 02:21:40,40,0
9000,2,25/03/07 07:10:29,25/03/07 07:10:42,3,1
9010,3,25/03/07 07:11:49,25/03/07 07:11:56,1,0
150,4,25/03/07 08:24:43,25/03/07 08:29:36,40,1
150,5,25/03/07 08:29:38,25/03/07 08:31:04,40,0
130,6,25/03/07 08:31:29,25/03/07 08:35:41,40,1
130,7,25/03/07 08:36:02,25/03/07 08:37:15,40,0
110,8,25/03/07 08:37:55,25/03/07 08:39:21,40,0
90,9,25/03/07 08:45:06,25/03/07 08:48:23,40,1
90,10,25/03/07 08:48:26,25/03/07 08:49:48,40,0
50,11,25/03/07 08:50:22,25/03/07 08:54:08,40,4
50,12,25/03/07 08:54:10,25/03/07 08:55:19,40,0
50,13,25/03/07 08:55:23,25/03/07 08:56:32,40,0
70,14,25/03/07 08:57:05,25/03/07 08:58:53,40,0
70,15,25/03/07 08:58:56,25/03/07 09:00:04,40,0
10,16,25/03/07 09:02:25,25/03/07 09:05:31,40,1
10,17,25/03/07 09:05:35,25/03/07 09:06:49,40,0
30,18,25/03/07 09:07:07,25/03/07 09:08:33,40,0
30,19,25/03/07 09:08:37,25/03/07 09:09:49,40,0
30,20,25/03/07 09:11:03,25/03/07 09:12:15,40,0
30,21,25/03/07 09:12:18,25/03/07 09:18:25,40,3
10,22,25/03/07 09:18:54,25/03/07 09:21:06,40,0
10,23,25/03/07 09:21:11,25/03/07 09:22:24,40,0
10,24,25/03/07 09:22:27,25/03/07 09:23:39,40,0
70,25,25/03/07 11:02:54,25/03/07 11:09:29,40,1
70,26,25/03/07 11:09:32,25/03/07 11:10:51,40,0
90,27,25/03/07 11:12:21,25/03/07 11:13:49,40,0
110,28,25/03/07 11:15:12,25/03/07 11:18:22,40,1
110,29,25/03/07 11:18:59,25/03/07 11:20:13,40,0
130,30,25/03/07 11:20:40,25/03/07 11:22:18,40,1
130,31,25/03/07 11:22:27,25/03/07 11:23:40,40,0
130,32,25/03/07 11:25:37,25/03/07 11:26:50,40,0
130,33,25/03/07 11:27:05,25/03/07 11:28:18,40,0
150,34,25/03/07 11:29:56,25/03/07 11:31:38,40,1
150,35,25/03/07 11:32:03,25/03/07 11:33:15,40,0
150,36,25/03/07 13:31:41,25/03/07 13:34:05,40,2
150,37,25/03/07 13:34:07,25/03/07 13:35:20,40,0
110,38,25/03/07 13:36:00,25/03/07 13:37:31,40,0
110,39,25/03/07 13:37:36,25/03/07 13:38:49,40,0
110,40,25/03/07 13:38:50,25/03/07 13:40:03,40,0
90,41,25/03/07 13:41:18,25/03/07 13:44:56,40,1
90,42,25/03/07 13:47:13,25/03/07 13:48:23,40,0
50,43,25/03/07 13:48:50,25/03/07 13:50:45,40,1
50,44,25/03/07 13:50:48,25/03/07 13:51:57,40,0
50,45,25/03/07 13:52:12,25/03/07 13:53:21,40,0
70,46,25/03/07 14:36:33,25/03/07 14:37:58,40,0
70,47,25/03/07 14:38:58,25/03/07 14:40:08,40,0
70,48,25/03/07 14:40:13,25/03/07 14:41:22,40,0
70,49,25/03/07 14:41:24,25/03/07 14:42:32,40,0
10,50,25/03/07 14:45:50,25/03/07 14:57:54,40,1
10,51,25/03/07 14:58:24,25/03/07 14:59:38,40,0
10,52,25/03/07 14:59:41,25/03/07 15:00:53,40,0
30,53,25/03/07 15:02:18,25/03/07 15:03:44,40,0
30,54,25/03/07 15:03:49,25/03/07 15:05:01,40,0
30,55,25/03/07 15:05:04,25/03/07 15:15:19,40,1
30,56,25/03/07 15:15:24,25/03/07 15:16:37,40,0
50,57,25/03/07 15:19:21,25/03/07 16:09:45,40,2
50,58,25/03/07 16:09:47,25/03/07 16:10:56,40,0
90,59,25/03/07 16:11:18,25/03/07 16:13:29,40,1
90,60,25/03/07 16:13:31,25/03/07 16:14:40,40,0
9000,2,25/03/07 19:22:58,25/03/07 19:23:08,3,0
9010,3,25/03/07 19:23:11,25/03/07 19:23:18,1,0
90,4,25/03/07 20:32:01,25/03/07 20:35:39,40,1
90,5,25/03/07 20:35:42,25/03/07 20:39:31,120,0
50,6,25/03/07 20:40:57,25/03/07 20:42:18,40,0
50,7,25/03/07 20:42:19,25/03/07 20:43:28,40,0
50,7,25/03/07 20:43:30,25/03/07 20:46:03,78,0
70,9,25/03/07 20:49:12,25/03/07 20:50:38,40,2
70,10,25/03/07 20:50:40,25/03/07 20:51:49,40,0
110,11,25/03/07 20:53:49,25/03/07 20:56:20,40,1
110,12,25/03/07 20:56:28,25/03/07 20:57:42,40,0
110,13,25/03/07 20:57:52,25/03/07 20:59:05,40,0
130,14,25/03/07 20:59:46,25/03/07 21:01:11,40,0
150,15,25/03/07 21:01:52,25/03/07 21:03:18,40,0
150,16,25/03/07 21:03:19,25/03/07 21:04:32,40,0
150,17,25/03/07 21:04:34,25/03/07 21:05:55,40,0
150,18,25/03/07 21:06:05,25/03/07 21:07:18,40,0
130,19,25/03/07 21:10:43,25/03/07 21:12:31,44,0
130,20,25/03/07 21:12:39,25/03/07 21:14:11,40,0
130,21,25/03/07 21:14:13,25/03/07 21:15:43,40,0
130,22,25/03/07 21:17:27,25/03/07 21:18:41,40,0
150,23,25/03/07 21:19:10,25/03/07 21:20:36,40,0
110,24,25/03/07 21:22:40,25/03/07 21:24:44,40,2
110,25,25/03/07 21:24:45,25/03/07 21:25:59,40,0
10,26,25/03/07 21:29:41,25/03/07 21:34:25,40,1
10,27,25/03/07 21:48:20,25/03/07 21:49:34,40,0
10,28,25/03/07 21:49:35,25/03/07 21:50:48,40,0
10,29,25/03/07 21:50:59,25/03/07 21:52:11,40,0
30,30,25/03/07 21:53:26,25/03/07 21:54:50,40,0
30,31,25/03/07 21:54:51,25/03/07 21:57:26,40,1
30,32,25/03/07 21:57:27,25/03/07 21:58:41,40,0
30,33,25/03/07 21:58:42,25/03/07 22:01:07,40,1
30,34,25/03/08 00:42:46,25/03/08 00:45:12,40,2
30,35,25/03/08 00:45:13,25/03/08 00:46:27,40,0
10,36,25/03/08 00:46:50,25/03/08 00:48:29,40,0
10,37,25/03/08 00:49:05,25/03/08 00:50:19,40,0
70,38,25/03/08 00:53:54,25/03/08 00:58:00,40,1
70,39,25/03/08 00:58:03,25/03/08 00:59:13,40,0
70,40,25/03/08 00:59:21,25/03/08 01:00:29,40,0
50,41,25/03/08 01:01:37,25/03/08 01:02:59,40,0
50,42,25/03/08 01:03:03,25/03/08 01:04:12,40,0
50,43,25/03/08 01:04:14,25/03/08 01:05:23,40,0
90,44,25/03/08 01:07:09,25/03/08 01:09:14,40,1
90,45,25/03/08 01:09:23,25/03/08 01:10:31,40,0
90,46,25/03/08 01:10:34,25/03/08 01:15:01,40,2
110,47,25/03/08 01:17:01,25/03/08 01:20:25,40,1
110,48,25/03/08 01:20:27,25/03/08 01:21:41,40,0
130,49,25/03/08 01:25:26,25/03/08 01:32:20,40,4
130,50,25/03/08 01:32:28,25/03/08 01:34:31,40,0
130,51,25/03/08 01:36:06,25/03/08 01:37:37,46,0
130,52,25/03/08 01:43:09,25/03/08 01:44:37,40,1
130,53,25/03/08 01:44:39,25/03/08 01:45:52,40,0
150,54,25/03/08 01:47:43,25/03/08 01:50:17,40,2
150,55,25/03/08 01:50:33,25/03/08 01:51:45,40,0
150,56,25/03/08 01:51:49,25/03/08 01:53:01,40,0
150,57,25/03/08 01:53:06,25/03/08 01:54:19,40,0
110,58,25/03/08 01:55:02,25/03/08 01:58:19,40,3
110,59,25/03/08 01:58:37,25/03/08 01:59:49,40,0
10,60,25/03/08 02:04:27,25/03/08 02:07:50,40,2
10,61,25/03/08 02:07:52,25/03/08 02:09:06,40,0
9000,2,25/03/10 07:32:45,25/03/10 07:33:22,3,2
9010,3,25/03/10 07:33:25,25/03/10 07:33:32,1,0
70,4,25/03/10 07:35:37,25/03/10 07:38:23,40,1
70,5,25/03/10 07:38:40,25/03/10 07:39:55,40,1
70,6,25/03/10 07:39:58,25/03/10 07:41:43,40,2
70,7,25/03/10 07:41:55,25/03/10 07:43:19,40,0
50,8,25/03/10 07:45:14,25/03/10 07:46:38,40,1
50,9,25/03/10 07:46:41,25/03/10 07:47:50,40,0
50,10,25/03/10 07:48:00,25/03/10 07:49:09,40,0
50,11,25/03/10 07:49:11,25/03/10 07:50:20,40,0
90,12,25/03/10 07:52:03,25/03/10 07:58:57,40,1
90,13,25/03/10 07:59:00,25/03/10 08:00:09,40,0
90,14,25/03/10 08:00:28,25/03/10 08:01:36,40,0
90,15,25/03/10 08:01:38,25/03/10 08:02:47,40,0
110,16,25/03/10 08:04:47,25/03/10 08:07:45,40,3
110,17,25/03/10 08:07:54,25/03/10 08:09:07,40,0
150,18,25/03/10 08:10:00,25/03/10 08:11:25,40,0
150,19,25/03/10 08:11:27,25/03/10 08:13:12,40,2
30,20,25/03/10 08:15:15,25/03/10 08:18:33,40,1
30,21,25/03/10 08:18:35,25/03/10 08:19:49,40,0
30,22,25/03/10 08:19:50,25/03/10 08:21:03,40,0
30,23,25/03/10 08:21:05,25/03/10 08:22:33,40,2
10,24,25/03/10 10:34:54,25/03/10 10:37:15,40,1
10,25,25/03/10 10:37:16,25/03/10 10:39:34,40,1
10,26,25/03/10 10:39:36,25/03/10 10:40:48,40,0
10,27,25/03/10 10:40:51,25/03/10 10:42:03,40,0
30,28,25/03/10 10:42:37,25/03/10 10:43:59,40,0
30,29,25/03/10 10:44:07,25/03/10 10:45:19,40,0
130,30,25/03/10 10:47:02,25/03/10 10:54:38,40,4
130,31,25/03/10 10:54:40,25/03/10 10:55:53,40,0
130,32,25/03/10 10:55:58,25/03/10 10:58:28,40,1
130,33,25/03/10 10:58:29,25/03/10 11:01:51,40,1
150,34,25/03/10 11:02:50,25/03/10 11:05:18,40,2
150,35,25/03/10 11:05:50,25/03/10 11:07:03,40,0
150,36,25/03/10 11:10:56,25/03/10 11:12:54,40,1
110,37,25/03/10 11:13:15,25/03/10 11:15:34,40,2
110,38,25/03/10 11:15:44,25/03/10 11:17:30,40,1
90,39,25/03/10 11:19:45,25/03/10 11:22:39,40,1
90,40,25/03/10 11:26:49,25/03/10 11:28:29,40,4
90,41,25/03/10 11:28:59,25/03/10 11:30:08,40,0
50,42,25/03/10 11:32:36,25/03/10 11:36:46,40,3
50,43,25/03/10 11:36:52,25/03/10 11:39:40,40,1
50,44,25/03/10 11:39:42,25/03/10 11:40:51,40,0
70,45,25/03/10 11:41:42,25/03/10 11:44:13,40,1
70,46,25/03/10 11:44:40,25/03/10 11:45:50,40,0
70,47,25/03/10 11:45:52,25/03/10 11:47:01,40,0
70,48,25/03/10 11:47:04,25/03/10 11:48:12,40,0
50,49,25/03/10 13:33:13,25/03/10 13:36:40,40,5
90,50,25/03/10 13:38:02,25/03/10 13:39:26,40,1
110,51,25/03/10 13:40:26,25/03/10 13:44:51,40,1
110,52,25/03/10 13:44:54,25/03/10 13:46:08,40,0
110,53,25/03/10 13:46:13,25/03/10 13:47:26,40,0
130,54,25/03/10 13:49:23,25/03/10 13:57:23,40,2
130,55,25/03/10 14:00:02,25/03/10 14:01:21,40,1
150,56,25/03/10 14:03:08,25/03/10 14:05:05,40,2
150,57,25/03/10 14:05:10,25/03/10 14:07:04,40,2
30,58,25/03/10 14:11:31,25/03/10 14:18:17,40,1
30,59,25/03/10 14:18:19,25/03/10 14:19:32,40,0
30,60,25/03/10 14:19:34,25/03/10 14:20:46,40,0
30,61,25/03/10 14:23:37,25/03/10 14:24:49,40,0
10,62,25/03/10 14:26:59,25/03/10 14:30:17,40,0
10,63,25/03/10 14:30:19,25/03/10 14:31:32,40,0
10,64,25/03/10 14:31:34,25/03/10 14:33:06,40,0
10,64,25/03/10 14:33:37,25/03/10 14:34:47,35,0
70,66,25/03/10 14:38:07,25/03/10 14:41:34,40,1
70,67,25/03/10 14:41:36,25/03/10 14:42:46,40,0
50,68,25/03/10 14:43:15,25/03/10 14:44:37,40,0
90,69,25/03/10 14:46:22,25/03/10 14:47:43,40,0
9000,2,25/03/10 19:16:53,25/03/10 19:17:06,3,1
9010,3,25/03/10 19:18:50,25/03/10 19:18:57,1,0
130,4,25/03/10 19:21:27,25/03/10 19:42:38,40,1
130,5,25/03/10 19:42:40,25/03/10 19:43:54,40,0
130,6,25/03/10 19:45:53,25/03/10 19:47:06,40,0
130,7,25/03/10 19:47:08,25/03/10 19:48:21,40,0
150,8,25/03/10 19:50:53,25/03/10 19:52:32,40,1
150,9,25/03/10 19:52:43,25/03/10 19:55:06,40,2
150,10,25/03/10 19:55:07,25/03/10 19:56:20,40,0
110,11,25/03/10 19:57:06,25/03/10 20:01:30,80,2
110,12,25/03/10 20:01:40,25/03/10 20:02:53,40,0
10,18,25/03/10 20:09:22,25/03/10 20:17:52,40,3
10,19,25/03/10 20:18:04,25/03/10 20:19:33,40,2
30,20,25/03/10 21:47:32,25/03/10 21:50:24,40,2
30,21,25/03/10 21:50:28,25/03/10 21:51:41,40,0
30,22,25/03/10 21:51:42,25/03/10 21:52:54,40,0
10,23,25/03/10 21:55:08,25/03/10 21:56:42,40,1
10,24,25/03/10 21:56:44,25/03/10 22:00:49,40,2
90,25,25/03/10 22:02:12,25/03/10 22:07:02,40,1
90,26,25/03/10 22:07:08,25/03/10 22:08:19,40,0
90,27,25/03/10 22:08:28,25/03/10 22:09:37,40,0
90,28,25/03/10 22:09:38,25/03/10 22:11:02,40,2
50,29,25/03/10 22:11:21,25/03/10 22:13:19,40,2
50,30,25/03/10 22:13:21,25/03/10 22:16:14,40,3
50,31,25/03/10 22:16:37,25/03/10 22:18:07,40,2
50,32,25/03/10 22:18:09,25/03/10 22:19:18,40,0
70,33,25/03/10 22:19:39,25/03/10 22:21:42,40,2
70,34,25/03/10 22:21:47,25/03/10 22:22:56,40,0
70,35,25/03/10 22:22:58,25/03/10 22:24:06,40,0
70,36,25/03/10 22:24:08,25/03/10 22:25:17,40,0
110,37,25/03/11 01:01:45,25/03/11 01:05:08,40,1
110,38,25/03/11 01:06:06,25/03/11 01:07:20,40,0
110,39,25/03/11 01:07:22,25/03/11 01:08:34,40,0
110,40,25/03/11 01:08:37,25/03/11 01:09:50,40,0
150,41,25/03/11 01:10:12,25/03/11 01:13:34,40,2
150,42,25/03/11 01:13:37,25/03/11 01:15:24,40,2
150,43,25/03/11 01:15:50,25/03/11 01:17:08,40,1
150,44,25/03/11 01:17:12,25/03/11 01:18:25,40,0
150,45,25/03/11 01:18:28,25/03/11 01:19:41,40,0
130,46,25/03/11 01:22:22,25/03/11 01:24:05,40,3
130,47,25/03/11 01:24:09,25/03/11 01:25:37,40,2
130,48,25/03/11 01:25:40,25/03/11 01:26:53,40,0
130,49,25/03/11 01:27:02,25/03/11 01:28:14,40,0
90,50,25/03/11 01:30:15,25/03/11 01:32:56,40,1
90,51,25/03/11 01:32:58,25/03/11 01:34:08,40,0
50,52,25/03/11 01:36:00,25/03/11 01:37:27,40,0
50,53,25/03/11 01:37:37,25/03/11 01:38:59,40,1
70,54,25/03/11 01:39:46,25/03/11 01:41:08,40,0
70,55,25/03/11 01:41:11,25/03/11 01:42:19,40,0
10,56,25/03/11 02:40:07,25/03/11 02:48:49,80,1
10,57,25/03/11 02:48:51,25/03/11 02:52:25,80,4
30,58,25/03/11 02:53:25,25/03/11 02:56:10,40,4
30,59,25/03/11 02:56:12,25/03/11 02:57:24,40,0
30,60,25/03/11 02:57:26,25/03/11 02:58:38,40,0
30,61,25/03/11 02:58:40,25/03/11 02:59:52,40,0
30,62,25/03/11 03:00:00,25/03/11 03:01:13,40,0
50,63,25/03/11 03:04:00,25/03/11 03:09:28,40,3
50,64,25/03/11 03:09:32,25/03/11 03:10:40,40,0
90,67,25/03/11 03:11:13,25/03/11 03:12:33,40,0
90,68,25/03/11 03:12:35,25/03/11 03:13:45,40,0
70,65,25/03/11 03:15:41,25/03/11 03:17:06,40,0
70,66,25/03/11 03:17:08,25/03/11 03:18:17,40,0
9000,2,25/03/11 07:31:45,25/03/11 07:32:03,3,0
9010,3,25/03/11 07:32:06,25/03/11 07:32:12,1,0
50,4,25/03/11 07:34:48,25/03/11 07:38:22,40,2
50,5,25/03/11 07:38:28,25/03/11 07:39:59,40,0
70,6,25/03/11 07:40:35,25/03/11 07:42:38,40,1
70,7,25/03/11 07:42:45,25/03/11 07:44:08,40,2
90,8,25/03/11 07:46:04,25/03/11 07:49:13,40,1
90,9,25/03/11 07:49:16,25/03/11 07:51:09,40,2
110,10,25/03/11 07:53:42,25/03/11 07:56:23,40,1
110,11,25/03/11 07:56:39,25/03/11 07:57:53,40,0
110,12,25/03/11 07:58:08,25/03/11 07:59:21,40,0
110,13,25/03/11 07:59:22,25/03/11 08:00:35,40,0
130,14,25/03/11 08:00:54,25/03/11 08:02:51,40,1
130,15,25/03/11 08:02:55,25/03/11 08:04:32,40,0
130,16,25/03/11 08:04:43,25/03/11 08:07:22,40,1
130,17,25/03/11 08:07:28,25/03/11 08:10:52,40,0
150,18,25/03/11 08:13:23,25/03/11 08:17:12,40,3
150,19,25/03/11 08:17:13,25/03/11 08:18:26,40,0
150,20,25/03/11 08:18:28,25/03/11 08:19:41,40,0
10,21,25/03/11 10:31:53,25/03/11 10:34:47,40,3
10,22,25/03/11 10:34:49,25/03/11 10:36:01,40,0
10,23,25/03/11 10:36:02,25/03/11 10:37:15,40,0
10,24,25/03/11 10:37:16,25/03/11 10:38:29,40,0
30,25,25/03/11 10:39:55,25/03/11 10:41:24,40,1
30,26,25/03/11 10:41:26,25/03/11 10:43:45,40,4
30,27,25/03/11 10:43:47,25/03/11 10:44:59,40,0
30,28,25/03/11 10:45:01,25/03/11 10:46:13,40,0
30,27,25/03/11 10:55:52,25/03/11 10:57:50,1,2
150,29,25/03/11 11:34:58,25/03/11 11:37:43,40,1
150,30,25/03/11 11:38:00,25/03/11 11:39:14,40,0
110,31,25/03/11 11:39:32,25/03/11 11:40:59,40,0
110,32,25/03/11 11:41:28,25/03/11 11:42:40,40,0
110,33,25/03/11 11:43:25,25/03/11 11:45:19,40,4
110,34,25/03/11 11:45:21,25/03/11 11:47:06,40,2
150,35,25/03/11 11:47:32,25/03/11 11:49:30,40,2
150,36,25/03/11 11:49:33,25/03/11 11:50:46,40,0
130,37,25/03/11 11:52:15,25/03/11 11:56:02,40,6
130,38,25/03/11 11:56:04,25/03/11 11:59:52,40,1
130,39,25/03/11 11:59:54,25/03/11 12:02:21,40,1
130,40,25/03/11 12:02:23,25/03/11 12:03:37,40,0
90,41,25/03/11 12:06:47,25/03/11 12:09:39,40,1
90,42,25/03/11 12:09:42,25/03/11 12:10:52,40,0
90,43,25/03/11 12:10:53,25/03/11 12:12:02,40,0
90,44,25/03/11 12:12:07,25/03/11 12:13:17,40,0
50,45,25/03/11 12:43:32,25/03/11 12:47:01,40,1
50,46,25/03/11 12:47:05,25/03/11 12:48:15,40,0
50,47,25/03/11 12:48:16,25/03/11 12:49:25,40,0
50,48,25/03/11 12:49:27,25/03/11 12:50:36,40,0
70,49,25/03/11 12:51:03,25/03/11 12:53:08,40,1
70,50,25/03/11 12:53:10,25/03/11 12:54:19,40,0
70,51,25/03/11 12:54:20,25/03/11 12:55:29,40,0
70,52,25/03/11 12:55:31,25/03/11 12:56:40,40,0
50,53,25/03/11 14:48:52,25/03/11 14:50:19,40,2
50,54,25/03/11 14:50:30,25/03/11 14:51:39,40,0
90,55,25/03/11 14:51:56,25/03/11 14:54:14,40,1
90,56,25/03/11 14:54:28,25/03/11 14:56:33,40,4
30,57,25/03/11 14:57:57,25/03/11 15:01:23,40,1
30,58,25/03/11 15:01:24,25/03/11 15:03:51,40,3
30,59,25/03/11 15:03:54,25/03/11 15:05:06,40,0
30,60,25/03/11 15:05:08,25/03/11 15:06:20,40,0
10,61,25/03/11 15:08:00,25/03/11 15:09:55,40,1
10,62,25/03/11 15:09:56,25/03/11 15:11:09,40,0
10,63,25/03/11 15:11:10,25/03/11 15:13:17,40,4
10,64,25/03/11 15:13:19,25/03/11 15:14:31,40,0
110,65,25/03/11 15:16:58,25/03/11 15:19:37,40,1
110,66,25/03/11 15:32:30,25/03/11 15:33:44,40,0
150,67,25/03/11 15:35:38,25/03/11 15:37:09,40,1
150,68,25/03/11 15:37:11,25/03/11 15:38:39,40,2
150,69,25/03/11 15:38:41,25/03/11 15:39:54,40,0
9000,2,25/03/11 19:13:29,25/03/11 19:13:42,3,1
9010,3,25/03/11 19:14:01,25/03/11 19:14:08,1,0
150,4,25/03/11 19:36:00,25/03/11 19:41:14,40,1
130,5,25/03/11 19:42:57,25/03/11 19:45:23,40,1
130,6,25/03/11 19:45:26,25/03/11 19:46:40,40,0
130,7,25/03/11 19:46:42,25/03/11 19:48:28,40,2
130,8,25/03/11 19:48:33,25/03/11 19:49:46,40,0
110,9,25/03/11 19:50:17,25/03/11 19:52:20,40,2
110,10,25/03/11 19:52:24,25/03/11 20:05:05,40,2
90,11,25/03/11 20:06:24,25/03/11 20:09:25,40,1
90,12,25/03/11 20:10:07,25/03/11 20:11:47,40,4
70,13,25/03/11 20:12:20,25/03/11 20:14:46,40,3
70,14,25/03/11 20:14:48,25/03/11 20:15:57,40,0
70,15,25/03/11 20:15:59,25/03/11 20:17:07,40,0
50,16,25/03/11 20:17:40,25/03/11 20:19:07,40,1
50,16,25/03/11 20:19:37,25/03/11 20:22:08,14,2
10,18,25/03/11 20:24:08,25/03/11 20:27:22,40,1
10,19,25/03/11 22:13:23,25/03/11 22:14:59,40,1
10,20,25/03/11 22:15:01,25/03/11 22:16:13,40,0
10,21,25/03/11 22:16:15,25/03/11 22:17:27,40,0
30,22,25/03/11 22:19:24,25/03/11 22:21:15,40,2
30,23,25/03/11 22:21:17,25/03/11 22:22:30,40,0
30,24,25/03/11 22:22:50,25/03/11 22:24:02,40,0
50,25,25/03/11 22:26:28,25/03/11 22:30:21,25,1
50,26,25/03/11 22:30:23,25/03/11 22:31:33,40,0
50,27,25/03/11 22:31:37,25/03/11 22:32:46,40,0
70,28,25/03/11 22:35:14,25/03/11 22:36:49,40,1
70,29,25/03/11 22:37:10,25/03/11 22:38:19,40,0
70,30,25/03/11 22:38:22,25/03/11 22:39:46,40,2
90,31,25/03/11 22:40:27,25/03/11 22:42:14,40,4
90,32,25/03/11 22:42:17,25/03/11 22:43:26,40,0
110,33,25/03/12 00:53:23,25/03/12 00:58:33,40,1
110,34,25/03/12 00:58:34,25/03/12 00:59:58,40,0
110,35,25/03/12 01:00:00,25/03/12 01:01:14,40,0
110,36,25/03/12 01:01:18,25/03/12 01:02:31,40,0
130,37,25/03/12 01:03:33,25/03/12 01:06:43,40,3
130,38,25/03/12 01:06:50,25/03/12 01:08:03,40,0
130,39,25/03/12 01:08:05,25/03/12 01:09:18,40,0
130,40,25/03/12 01:09:21,25/03/12 01:10:33,40,0
150,41,25/03/12 01:11:43,25/03/12 01:13:59,40,3
150,42,25/03/12 01:14:00,25/03/12 01:15:13,40,0
150,43,25/03/12 01:15:15,25/03/12 01:16:28,40,0
150,44,25/03/12 01:16:29,25/03/12 01:17:42,40,0
10,45,25/03/12 02:37:11,25/03/12 02:40:13,40,1
10,46,25/03/12 02:40:17,25/03/12 02:41:56,40,1
10,47,25/03/12 02:42:04,25/03/12 02:43:30,40,2
10,48,25/03/12 02:43:33,25/03/12 02:44:45,40,0
30,49,25/03/12 02:45:57,25/03/12 02:47:39,40,2
30,50,25/03/12 02:47:42,25/03/12 02:48:54,40,0
30,51,25/03/12 02:48:56,25/03/12 02:50:09,40,0
30,52,25/03/12 02:50:10,25/03/12 02:51:22,40,0
50,53,25/03/12 02:53:16,25/03/12 02:58:04,40,3
50,54,25/03/12 02:58:36,25/03/12 02:59:45,40,0
50,55,25/03/12 03:05:42,25/03/12 03:08:39,40,2
50,56,25/03/12 03:08:42,25/03/12 03:09:51,40,0
70,57,25/03/12 03:10:21,25/03/12 03:11:57,40,2
70,58,25/03/12 03:11:59,25/03/12 03:13:08,40,0
70,59,25/03/12 03:13:10,25/03/12 03:14:19,40,0
70,60,25/03/12 03:14:22,25/03/12 03:16:02,40,4
90,61,25/03/12 03:17:07,25/03/12 03:18:32,40,0
90,62,25/03/12 03:18:34,25/03/12 03:19:57,40,2
90,63,25/03/12 03:19:58,25/03/12 03:21:21,40,2
90,64,25/03/12 03:21:23,25/03/12 03:22:32,40,0
9000,2,25/03/12 07:16:57,25/03/12 07:17:51,3,1
9010,3,25/03/12 07:18:22,25/03/12 07:18:28,1,0
50,4,25/03/12 07:35:30,25/03/12 07:39:08,40,3
50,5,25/03/12 07:39:13,25/03/12 07:40:22,40,0
70,6,25/03/12 07:40:56,25/03/12 07:42:21,40,0
90,7,25/03/12 07:43:23,25/03/12 07:44:58,40,0
110,8,25/03/12 07:47:57,25/03/12 07:50:39,40,3
110,9,25/03/12 07:50:45,25/03/12 07:52:13,40,2
110,10,25/03/12 07:53:19,25/03/12 07:55:03,40,2
110,11,25/03/12 07:55:05,25/03/12 07:57:00,40,2
150,12,25/03/12 07:57:41,25/03/12 07:59:39,40,1
150,13,25/03/12 07:59:46,25/03/12 08:00:58,40,0
150,14,25/03/12 08:01:22,25/03/12 08:02:35,40,0
130,15,25/03/12 08:03:25,25/03/12 08:06:11,40,1
130,16,25/03/12 08:06:13,25/03/12 08:07:26,40,0
130,17,25/03/12 08:07:30,25/03/12 08:08:43,40,0
30,18,25/03/12 08:11:38,25/03/12 08:16:06,40,1
30,19,25/03/12 08:16:14,25/03/12 08:17:27,40,0
30,20,25/03/12 11:10:46,25/03/12 11:14:38,40,1
30,21,25/03/12 11:14:40,25/03/12 11:15:52,40,0
30,22,25/03/12 11:15:54,25/03/12 11:17:06,40,0
10,23,25/03/12 11:17:38,25/03/12 11:19:11,40,1
10,24,25/03/12 11:19:31,25/03/12 11:20:43,40,0
10,25,25/03/12 11:20:45,25/03/12 11:22:50,40,4
10,26,25/03/12 11:22:52,25/03/12 11:24:04,40,0
50,27,25/03/12 11:26:50,25/03/12 11:30:31,40,3
50,28,25/03/12 11:30:33,25/03/12 11:31:41,40,0
70,29,25/03/12 11:34:03,25/03/12 11:35:27,40,1
70,30,25/03/12 11:35:35,25/03/12 11:36:44,40,0
90,31,25/03/12 11:37:45,25/03/12 11:39:05,40,0
90,32,25/03/12 11:39:35,25/03/12 11:40:43,40,0
90,33,25/03/12 11:40:53,25/03/12 11:42:07,40,1
110,34,25/03/12 11:42:50,25/03/12 11:44:51,40,0
110,35,25/03/12 11:44:53,25/03/12 11:46:07,40,0
150,36,25/03/12 11:46:38,25/03/12 11:48:13,40,1
150,37,25/03/12 11:48:14,25/03/12 11:49:27,40,0
150,38,25/03/12 11:49:29,25/03/12 11:50:42,40,0
130,39,25/03/12 12:33:52,25/03/12 12:37:48,40,2
130,40,25/03/12 12:37:50,25/03/12 12:41:21,40,1
130,41,25/03/12 12:43:46,25/03/12 14:03:05,40,2
130,42,25/03/12 14:03:07,25/03/12 14:07:13,40,4
130,43,25/03/12 14:07:14,25/03/12 14:12:05,40,5
110,44,25/03/12 14:12:31,25/03/12 14:13:58,40,0
110,45,25/03/12 14:14:14,25/03/12 14:15:27,40,0
90,46,25/03/12 14:16:13,25/03/12 14:19:34,40,3
70,48,25/03/12 14:21:08,25/03/12 14:23:05,40,2
70,49,25/03/12 14:23:06,25/03/12 14:24:15,40,0
70,50,25/03/12 14:26:29,25/03/12 14:27:38,40,0
70,51,25/03/12 14:27:49,25/03/12 14:28:58,40,0
50,52,25/03/12 14:29:18,25/03/12 14:30:40,40,0
50,53,25/03/12 14:30:55,25/03/12 14:32:04,40,0
50,54,25/03/12 14:32:06,25/03/12 14:33:15,40,0
50,55,25/03/12 14:33:17,25/03/12 14:36:20,40,2
90,56,25/03/12 14:37:12,25/03/12 14:38:47,40,2
90,57,25/03/12 14:38:49,25/03/12 14:39:58,40,0
90,58,25/03/12 14:39:59,25/03/12 14:41:21,40,2
110,59,25/03/12 14:42:22,25/03/12 14:44:43,40,1
110,60,25/03/12 14:44:47,25/03/12 14:46:01,40,0
150,61,25/03/12 14:47:18,25/03/12 14:48:44,40,0
150,62,25/03/12 14:48:45,25/03/12 14:50:46,40,2
150,63,25/03/12 14:50:48,25/03/12 14:52:01,40,0
150,64,25/03/12 14:52:02,25/03/12 14:53:15,40,0
10,65,25/03/12 14:55:26,25/03/12 15:00:55,40,1
10,66,25/03/12 15:00:57,25/03/12 15:02:11,40,0
10,67,25/03/12 15:02:25,25/03/12 15:03:37,40,0
30,68,25/03/12 15:04:25,25/03/12 15:06:24,40,2
30,69,25/03/12 15:06:26,25/03/12 15:07:51,40,0
30,70,25/03/12 15:07:53,25/03/12 15:09:06,40,0
9000,2,25/03/12 19:33:23,25/03/12 19:33:36,3,1
9010,3,25/03/12 19:33:42,25/03/12 19:33:48,1,0
30,4,25/03/12 20:48:24,25/03/12 20:55:25,40,1
30,5,25/03/12 20:55:31,25/03/12 20:57:10,40,0
10,6,25/03/12 20:57:40,25/03/12 20:59:09,40,0
10,7,25/03/12 20:59:12,25/03/12 21:00:24,40,0
10,8,25/03/12 21:00:26,25/03/12 21:02:27,40,0
130,9,25/03/12 21:05:17,25/03/12 21:09:33,40,1
130,10,25/03/12 21:10:36,25/03/12 21:12:15,40,1
130,11,25/03/12 21:12:17,25/03/12 21:13:31,40,0
150,12,25/03/12 21:20:05,25/03/12 21:23:22,40,1
150,13,25/03/12 21:23:58,25/03/12 21:29:55,120,2
70,20,25/03/12 21:35:48,25/03/12 21:38:36,40,1
50,21,25/03/12 21:40:18,25/03/12 21:42:23,40,1
50,22,25/03/12 21:42:32,25/03/12 21:43:52,40,0
50,23,25/03/12 21:43:55,25/03/12 21:45:05,40,0
50,24,25/03/12 21:45:07,25/03/12 21:46:16,40,0
70,25,25/03/12 21:46:40,25/03/12 21:48:03,40,0
70,26,25/03/12 21:48:04,25/03/12 21:50:00,40,2
70,27,25/03/12 21:50:05,25/03/12 21:51:24,40,0
90,28,25/03/12 21:53:26,25/03/12 21:56:00,40,2
90,29,25/03/12 21:56:02,25/03/12 21:57:11,40,0
90,30,25/03/12 21:57:12,25/03/12 21:58:36,40,2
90,31,25/03/12 21:58:38,25/03/12 21:59:47,40,0
110,32,25/03/12 22:00:49,25/03/12 22:03:46,40,1
110,33,25/03/12 22:03:48,25/03/12 22:05:02,40,0
110,34,25/03/12 22:05:12,25/03/12 22:11:36,40,1
110,35,25/03/12 22:11:39,25/03/12 22:12:53,40,0
130,35,25/03/12 23:30:50,25/03/13 01:00:03,30,1
10,38,25/03/13 01:04:31,25/03/13 01:08:37,40,1
10,39,25/03/13 01:08:39,25/03/13 01:09:53,40,0
10,40,25/03/13 01:09:55,25/03/13 01:11:07,40,0
10,41,25/03/13 01:11:09,25/03/13 01:12:21,40,0
30,42,25/03/13 01:13:50,25/03/13 01:15:17,40,1
30,43,25/03/13 01:15:22,25/03/13 01:17:07,40,2
30,44,25/03/13 01:17:09,25/03/13 01:18:22,40,0
30,45,25/03/13 01:18:30,25/03/13 01:19:42,40,0
50,46,25/03/13 02:06:42,25/03/13 02:11:40,40,1
50,47,25/03/13 02:11:42,25/03/13 02:13:22,40,1
50,48,25/03/13 02:13:29,25/03/13 02:14:38,40,0
50,49,25/03/13 02:15:04,25/03/13 02:16:18,40,1
130,58,25/03/13 02:18:55,25/03/13 02:22:57,40,1
130,59,25/03/13 02:23:06,25/03/13 02:26:02,40,1
130,60,25/03/13 02:27:15,25/03/13 02:29:10,40,1
130,61,25/03/13 02:29:18,25/03/13 02:31:19,40,1
130,62,25/03/13 02:31:27,25/03/13 02:32:41,40,0
70,50,25/03/13 02:35:57,25/03/13 02:39:40,40,2
70,51,25/03/13 02:39:42,25/03/13 02:41:06,40,1
70,52,25/03/13 02:41:33,25/03/13 02:42:47,40,1
70,53,25/03/13 02:43:24,25/03/13 02:44:47,40,2
90,54,25/03/13 02:46:09,25/03/13 02:47:38,40,0
90,55,25/03/13 02:48:45,25/03/13 02:50:08,40,2
90,56,25/03/13 02:50:10,25/03/13 02:51:19,40,0
90,57,25/03/13 02:51:21,25/03/13 02:52:45,40,2
110,63,25/03/13 02:54:07,25/03/13 02:57:46,40,1
110,64,25/03/13 02:57:55,25/03/13 02:59:09,40,0
110,65,25/03/13 02:59:16,25/03/13 03:00:30,40,0
110,66,25/03/13 03:00:37,25/03/13 03:01:51,40,0
150,67,25/03/13 03:04:45,25/03/13 03:06:48,40,1
150,68,25/03/13 03:06:49,25/03/13 03:08:34,40,2
150,69,25/03/13 03:08:37,25/03/13 03:09:50,40,0
150,70,25/03/13 03:09:52,25/03/13 03:11:04,40,0
9000,2,25/03/13 07:28:42,25/03/13 07:28:52,3,0
9010,3,25/03/13 07:29:46,25/03/13 07:29:53,1,0
10,4,25/03/13 07:34:01,25/03/13 07:37:38,40,1
10,5,25/03/13 07:37:39,25/03/13 07:38:53,40,0
10,6,25/03/13 07:38:58,25/03/13 07:40:10,40,0
30,7,25/03/13 07:41:38,25/03/13 07:43:05,40,1
30,8,25/03/13 07:43:07,25/03/13 07:44:19,40,0
30,9,25/03/13 07:44:54,25/03/13 07:46:06,40,0
30,10,25/03/13 07:47:34,25/03/13 07:53:14,60,1
150,11,25/03/13 07:55:03,25/03/13 07:59:42,40,3
150,12,25/03/13 07:59:47,25/03/13 08:01:00,40,0
130,13,25/03/13 08:02:49,25/03/13 08:04:12,40,0
130,14,25/03/13 08:04:24,25/03/13 08:05:37,40,0
110,15,25/03/13 08:07:01,25/03/13 08:10:52,40,2
110,16,25/03/13 08:10:54,25/03/13 08:14:58,40,4
110,16,25/03/13 09:59:33,25/03/13 10:01:04,39,1
70,21,25/03/13 10:03:56,25/03/13 10:07:15,40,3
70,22,25/03/13 10:07:16,25/03/13 10:08:25,40,0
70,23,25/03/13 10:08:27,25/03/13 10:09:36,40,0
70,24,25/03/13 10:09:38,25/03/13 10:12:18,80,2
90,18,25/03/13 10:12:59,25/03/13 10:14:29,40,1
90,19,25/03/13 10:14:30,25/03/13 10:16:24,40,3
90,20,25/03/13 10:16:26,25/03/13 10:17:35,40,0
50,25,25/03/13 10:17:53,25/03/13 10:19:14,40,0
50,26,25/03/13 10:19:33,25/03/13 10:22:02,40,2
50,27,25/03/13 10:22:03,25/03/13 10:23:12,40,0
50,28,25/03/13 10:23:14,25/03/13 10:25:05,40,4
10,29,25/03/13 10:26:33,25/03/13 10:29:24,40,1
10,30,25/03/13 10:29:26,25/03/13 10:30:40,40,0
10,31,25/03/13 10:30:41,25/03/13 10:32:24,40,2
30,32,25/03/13 10:32:50,25/03/13 10:35:17,40,2
30,33,25/03/13 10:35:19,25/03/13 10:36:31,40,0
30,34,25/03/13 12:43:37,25/03/13 12:45:34,40,1
30,35,25/03/13 12:45:36,25/03/13 12:46:49,40,0
10,36,25/03/13 12:47:27,25/03/13 12:49:30,40,3
10,37,25/03/13 12:49:32,25/03/13 12:51:09,40,2
150,38,25/03/13 12:54:04,25/03/13 12:56:45,40,1
150,39,25/03/13 12:57:34,25/03/13 12:58:58,40,0
150,40,25/03/13 12:59:01,25/03/13 13:00:15,40,0
150,41,25/03/13 13:00:19,25/03/13 13:01:31,40,0
130,42,25/03/13 13:02:39,25/03/13 13:05:19,40,1
130,43,25/03/13 13:05:21,25/03/13 13:06:34,40,0
130,44,25/03/13 13:06:36,25/03/13 13:07:48,40,0
130,45,25/03/13 13:07:57,25/03/13 13:09:09,40,0
130,46,25/03/13 13:09:11,25/03/13 13:10:53,40,2
110,47,25/03/13 13:11:33,25/03/13 13:13:04,40,1
110,48,25/03/13 13:13:18,25/03/13 13:14:30,40,0
110,49,25/03/13 13:14:36,25/03/13 13:16:43,40,2
90,50,25/03/13 13:19:28,25/03/13 13:22:06,40,1
90,51,25/03/13 13:22:08,25/03/13 13:23:18,40,0
90,52,25/03/13 13:23:20,25/03/13 13:24:42,40,2
50,53,25/03/13 13:25:12,25/03/13 13:28:23,40,1
50,54,25/03/13 13:28:25,25/03/13 13:29:35,40,0
50,55,25/03/13 14:26:14,25/03/13 14:27:38,40,2
50,56,25/03/13 14:27:40,25/03/13 14:28:49,40,0
70,57,25/03/13 14:30:18,25/03/13 14:31:44,40,1
70,58,25/03/13 14:31:45,25/03/13 14:32:54,40,0
70,59,25/03/13 14:32:56,25/03/13 14:34:05,40,0
90,60,25/03/13 14:34:33,25/03/13 14:36:08,40,1
90,61,25/03/13 14:36:13,25/03/13 14:38:09,40,2
110,62,25/03/13 14:39:10,25/03/13 14:43:27,40,3
150,63,25/03/13 14:44:10,25/03/13 14:46:37,40,3
150,64,25/03/13 14:46:39,25/03/13 14:47:52,40,0
9000,2,25/03/13 19:22:09,25/03/13 19:22:19,3,0
9000,2,25/03/13 19:23:20,25/03/13 19:23:38,3,0
9010,3,25/03/13 19:24:02,25/03/13 19:24:09,1,0
30,4,25/03/13 20:31:32,25/03/13 20:37:30,40,1
30,5,25/03/13 20:37:58,25/03/13 20:39:37,40,0
30,6,25/03/13 20:39:40,25/03/13 20:40:53,40,0
30,7,25/03/13 20:40:58,25/03/13 20:42:11,40,0
10,8,25/03/13 20:43:30,25/03/13 20:47:35,40,3
10,9,25/03/13 20:47:54,25/03/13 20:49:06,40,0
50,10,25/03/13 20:52:18,25/03/13 21:09:17,40,2
50,11,25/03/13 21:09:20,25/03/13 21:10:30,40,0
50,10,25/03/13 21:12:29,25/03/13 21:13:49,40,0
50,11,25/03/13 21:14:09,25/03/13 21:15:19,40,0
70,12,25/03/13 21:15:42,25/03/13 21:18:03,40,1
70,13,25/03/13 21:18:13,25/03/13 21:19:22,40,0
70,14,25/03/13 21:19:26,25/03/13 21:20:35,40,0
70,15,25/03/13 21:20:51,25/03/13 21:22:31,40,1
90,16,25/03/13 21:23:23,25/03/13 21:24:45,40,0
90,17,25/03/13 21:25:05,25/03/13 21:26:29,40,2
90,18,25/03/13 21:26:39,25/03/13 21:27:48,40,0
90,19,25/03/13 21:27:50,25/03/13 21:28:59,40,0
110,20,25/03/13 21:30:27,25/03/13 21:33:41,40,3
110,21,25/03/13 21:33:49,25/03/13 21:35:02,40,0
110,22,25/03/13 21:35:03,25/03/13 21:37:33,40,4
110,23,25/03/13 21:37:35,25/03/13 21:39:26,40,2
130,24,25/03/13 21:40:53,25/03/13 21:42:25,40,0
130,25,25/03/13 21:42:27,25/03/13 22:01:53,40,2
130,26,25/03/13 22:02:02,25/03/13 22:03:14,40,0
130,27,25/03/13 22:03:16,25/03/13 22:04:29,40,0
130,28,25/03/13 22:04:55,25/03/13 22:06:07,40,0
150,29,25/03/13 22:06:32,25/03/13 22:09:14,40,1
150,30,25/03/13 22:09:15,25/03/13 22:10:28,40,0
150,31,25/03/13 22:10:30,25/03/13 22:12:15,40,2
150,32,25/03/13 22:12:18,25/03/13 22:13:31,40,0
10,33,25/03/13 23:37:36,25/03/13 23:42:37,40,1
10,34,25/03/13 23:42:39,25/03/13 23:43:53,40,0
10,35,25/03/13 23:43:55,25/03/13 23:45:18,40,0
10,36,25/03/13 23:45:21,25/03/13 23:48:25,40,0
10,37,25/03/13 23:48:39,25/03/13 23:49:53,40,0
30,38,25/03/13 23:52:17,25/03/13 23:54:12,40,2
30,39,25/03/13 23:54:34,25/03/13 23:56:24,40,2
30,39,25/03/13 23:56:26,25/03/14 00:53:59,14,0
50,42,25/03/14 01:58:20,25/03/14 02:02:32,40,1
50,43,25/03/14 02:02:35,25/03/14 02:03:45,40,0
70,44,25/03/14 02:05:16,25/03/14 02:06:41,40,0
70,45,25/03/14 02:07:06,25/03/14 02:08:15,40,0
70,46,25/03/14 02:08:16,25/03/14 02:09:41,40,2
70,47,25/03/14 02:09:49,25/03/14 02:10:58,40,0
50,48,25/03/14 02:12:08,25/03/14 02:13:31,40,0
50,49,25/03/14 02:13:45,25/03/14 02:14:54,40,0
90,50,25/03/14 02:17:10,25/03/14 02:18:39,40,0
90,51,25/03/14 02:18:44,25/03/14 02:19:53,40,0
90,52,25/03/14 02:20:08,25/03/14 02:22:50,40,8
90,53,25/03/14 02:22:55,25/03/14 02:25:58,40,8
130,54,25/03/14 02:27:29,25/03/14 02:31:20,40,1
130,55,25/03/14 02:31:22,25/03/14 02:34:47,40,2
110,58,25/03/14 02:49:18,25/03/14 02:52:06,40,4
110,59,25/03/14 02:52:18,25/03/14 02:53:31,40,0
110,60,25/03/14 02:57:03,25/03/14 02:58:16,40,0
110,61,25/03/14 03:00:41,25/03/14 03:01:54,40,0
110,62,25/03/14 03:01:56,25/03/14 03:03:09,40,0
150,63,25/03/14 03:04:07,25/03/14 03:05:36,40,0
150,64,25/03/14 03:05:38,25/03/14 03:06:51,40,0
150,65,25/03/14 03:07:06,25/03/14 03:08:19,40,0
150,66,25/03/14 03:08:21,25/03/14 03:12:14,40,4
10,69,25/03/14 06:25:17,25/03/14 06:28:15,40,0
10,70,25/03/14 06:29:16,25/03/14 06:31:42,40,5
10,71,25/03/14 06:31:57,25/03/14 06:33:11,40,0
9000,2,25/03/14 19:16:33,25/03/14 19:16:46,3,1
9010,3,25/03/14 19:17:12,25/03/14 19:17:19,1,0
30,4,25/03/14 20:27:40,25/03/14 20:35:24,40,1
30,5,25/03/14 20:35:36,25/03/14 20:37:26,40,0
30,6,25/03/14 20:37:29,25/03/14 20:40:12,40,0
130,8,25/03/14 20:43:18,25/03/14 20:49:57,40,2
130,9,25/03/14 20:50:03,25/03/14 20:51:31,40,1
130,10,25/03/14 20:51:33,25/03/14 20:52:56,40,0
130,11,25/03/14 20:53:00,25/03/14 20:54:14,40,0
90,21,25/03/14 22:43:56,25/03/14 22:59:02,40,1
90,22,25/03/14 22:59:23,25/03/14 23:00:33,40,0
110,23,25/03/14 23:02:01,25/03/14 23:05:23,40,1
110,24,25/03/14 23:05:26,25/03/14 23:08:19,40,0
150,27,25/03/14 23:37:50,25/03/14 23:39:02,40,4
150,28,25/03/14 23:39:35,25/03/14 23:41:24,40,2
150,29,25/03/14 23:41:28,25/03/14 23:42:41,40,0
150,30,25/03/14 23:43:07,25/03/14 23:44:24,40,1
130,31,25/03/14 23:45:02,25/03/14 23:47:46,40,4
130,31,25/03/14 23:47:49,25/03/14 23:49:33,38,2
10,35,25/03/14 23:51:52,25/03/14 23:57:25,40,1
30,41,25/03/15 00:13:57,25/03/15 00:17:00,40,1
30,41,25/03/15 00:52:51,25/03/15 00:59:20,29,1
50,44,25/03/15 01:02:59,25/03/15 01:13:44,40,2
50,45,25/03/15 01:13:49,25/03/15 01:16:30,40,2
50,46,25/03/15 01:16:32,25/03/15 01:17:41,40,0
50,47,25/03/15 01:17:43,25/03/15 01:18:52,40,0
90,48,25/03/15 01:21:08,25/03/15 01:27:39,40,5
90,49,25/03/15 01:27:44,25/03/15 01:29:20,40,2
70,50,25/03/15 01:29:41,25/03/15 01:31:46,40,1
70,51,25/03/15 01:31:52,25/03/15 01:33:14,40,1
110,52,25/03/15 01:52:45,25/03/15 02:00:48,40,2
110,53,25/03/15 02:01:17,25/03/15 02:02:29,40,0
110,54,25/03/15 02:02:52,25/03/15 02:04:05,40,0
130,55,25/03/15 02:06:04,25/03/15 02:07:42,40,0
130,56,25/03/15 02:08:05,25/03/15 02:09:18,40,0
10,56,25/03/15 02:14:52,25/03/15 02:33:33,37,3
70,58,25/03/15 02:43:59,25/03/15 02:49:08,40,1
70,59,25/03/15 02:49:10,25/03/15 02:50:20,40,0
50,60,25/03/15 02:52:03,25/03/15 02:53:48,40,1
90,61,25/03/15 02:56:01,25/03/15 02:57:30,40,0
90,62,25/03/15 02:57:32,25/03/15 02:58:41,40,0
110,63,25/03/15 02:59:52,25/03/15 03:02:41,40,1
110,64,25/03/15 03:02:44,25/03/15 03:04:13,40,0
130,65,25/03/15 03:06:30,25/03/15 03:09:06,40,2
130,66,25/03/15 03:09:11,25/03/15 03:10:33,40,0
150,67,25/03/15 03:12:02,25/03/15 03:14:25,40,4
150,68,25/03/15 03:14:29,25/03/15 03:16:18,40,0
150,69,25/03/15 03:16:19,25/03/15 03:18:07,40,2
9000,2,25/03/17 07:18:53,25/03/17 07:19:06,3,1
9010,3,25/03/17 07:19:13,25/03/17 07:19:20,1,0
10,4,25/03/17 09:10:05,25/03/17 09:24:30,40,2
10,5,25/03/17 09:26:56,25/03/17 09:31:19,120,0
30,6,25/03/17 09:44:03,25/03/17 09:46:23,27,2
30,7,25/03/17 09:46:25,25/03/17 09:47:37,40,0
30,8,25/03/17 09:47:41,25/03/17 09:48:54,40,0
30,9,25/03/17 09:48:57,25/03/17 09:50:09,40,0
30,10,25/03/17 09:50:21,25/03/17 09:51:33,40,0
50,11,25/03/17 09:53:59,25/03/17 09:58:25,40,1
50,12,25/03/17 09:58:28,25/03/17 10:00:18,40,0
50,13,25/03/17 10:00:21,25/03/17 10:01:30,40,0
70,14,25/03/17 10:03:11,25/03/17 10:04:37,40,1
70,15,25/03/17 10:04:39,25/03/17 10:05:48,40,0
70,16,25/03/17 10:05:55,25/03/17 10:07:03,40,0
70,17,25/03/17 10:07:05,25/03/17 10:08:14,40,0
90,18,25/03/17 10:10:09,25/03/17 10:17:13,40,5
90,19,25/03/17 10:17:18,25/03/17 10:20:09,40,3
90,20,25/03/17 10:20:12,25/03/17 10:21:35,40,1
110,21,25/03/17 10:24:14,25/03/17 10:31:06,40,1
110,22,25/03/17 10:31:13,25/03/17 10:32:26,40,0
110,23,25/03/17 10:32:28,25/03/17 10:34:03,40,0
110,24,25/03/17 10:34:05,25/03/17 10:35:31,40,1
150,25,25/03/17 10:37:07,25/03/17 10:38:37,40,1
150,26,25/03/17 13:48:44,25/03/17 13:50:06,40,0
150,27,25/03/17 13:50:11,25/03/17 13:53:57,40,1
150,28,25/03/17 13:54:06,25/03/17 13:55:19,40,0
160,29,25/03/17 13:55:41,25/03/17 14:00:51,160,0
130,30,25/03/17 14:02:27,25/03/17 14:04:31,40,2
130,31,25/03/17 14:04:34,25/03/17 14:09:16,40,4
130,32,25/03/17 14:09:19,25/03/17 14:10:33,40,0
140,33,25/03/17 14:10:35,25/03/17 14:11:52,40,0
140,34,25/03/17 14:11:54,25/03/17 14:13:10,40,0
140,35,25/03/17 14:13:13,25/03/17 14:14:29,40,0
140,36,25/03/17 14:14:32,25/03/17 14:15:50,40,0
120,37,25/03/17 14:17:35,25/03/17 14:19:05,40,1
120,38,25/03/17 14:19:08,25/03/17 14:22:14,40,1
120,39,25/03/17 14:22:16,25/03/17 14:23:32,40,0
120,40,25/03/17 14:23:48,25/03/17 14:25:05,40,0
100,41,25/03/17 14:26:32,25/03/17 14:30:03,40,1
100,42,25/03/17 14:30:11,25/03/17 14:31:21,40,0
100,43,25/03/17 14:31:46,25/03/17 14:33:12,40,2
100,44,25/03/17 14:33:17,25/03/17 14:34:40,40,2
60,45,25/03/17 14:36:21,25/03/17 14:37:50,40,1
60,46,25/03/17 14:37:57,25/03/17 14:39:06,40,0
60,47,25/03/17 14:39:09,25/03/17 14:40:18,40,0
60,48,25/03/17 14:40:20,25/03/17 14:41:43,40,2
80,50,25/03/17 14:43:39,25/03/17 14:46:21,40,1
80,51,25/03/17 14:46:24,25/03/17 14:47:33,40,0
80,52,25/03/17 14:47:38,25/03/17 14:48:47,40,0
80,53,25/03/17 14:48:53,25/03/17 14:50:02,40,0
40,54,25/03/17 14:56:01,25/03/17 15:01:09,40,1
40,55,25/03/17 15:01:11,25/03/17 15:02:34,40,0
40,56,25/03/17 15:07:07,25/03/17 15:32:00,40,0
20,57,25/03/17 15:34:05,25/03/17 15:35:38,40,1
20,58,25/03/17 15:35:39,25/03/17 15:36:58,40,0
20,59,25/03/17 15:37:02,25/03/17 15:38:12,40,0
9000,2,25/03/18 07:16:39,25/03/18 07:16:52,3,1
9010,3,25/03/18 07:16:55,25/03/18 07:17:01,1,0
20,4,25/03/18 08:51:26,25/03/18 09:05:21,40,1
20,5,25/03/18 09:05:35,25/03/18 09:06:44,40,0
40,6,25/03/18 09:10:27,25/03/18 09:12:49,40,1
40,7,25/03/18 09:12:51,25/03/18 09:14:00,40,0
40,8,25/03/18 09:16:50,25/03/18 09:23:02,40,1
40,9,25/03/18 09:23:16,25/03/18 09:24:25,40,0
20,10,25/03/18 09:27:56,25/03/18 09:29:19,40,1
20,11,25/03/18 09:29:21,25/03/18 09:30:30,40,0
60,12,25/03/18 09:33:44,25/03/18 09:39:57,40,1
60,13,25/03/18 09:40:00,25/03/18 09:41:45,40,2
60,14,25/03/18 09:41:48,25/03/18 09:42:57,40,0
80,15,25/03/18 09:44:27,25/03/18 09:52:52,40,1
80,16,25/03/18 09:52:56,25/03/18 09:54:05,40,0
80,17,25/03/18 09:54:10,25/03/18 09:55:18,40,0
100,18,25/03/18 09:56:57,25/03/18 09:58:24,40,1
100,19,25/03/18 09:58:30,25/03/18 10:00:52,40,2
100,20,25/03/18 10:00:57,25/03/18 10:03:35,40,2
100,21,25/03/18 10:03:39,25/03/18 10:04:48,40,0
120,22,25/03/18 10:10:18,25/03/18 10:16:48,40,3
120,23,25/03/18 10:17:05,25/03/18 10:18:22,40,0
120,24,25/03/18 10:18:47,25/03/18 10:20:03,40,0
160,25,25/03/18 10:22:36,25/03/18 10:26:13,40,4
160,26,25/03/18 10:26:19,25/03/18 10:27:36,40,0
160,27,25/03/18 10:27:38,25/03/18 10:28:55,40,0
160,28,25/03/18 10:28:59,25/03/18 10:30:30,40,2
140,29,25/03/18 10:31:31,25/03/18 10:33:56,40,0
140,30,25/03/18 10:34:35,25/03/18 10:35:51,40,0
140,31,25/03/18 10:35:53,25/03/18 10:37:09,40,0
140,32,25/03/18 13:09:13,25/03/18 13:10:29,40,0
140,33,25/03/18 13:10:32,25/03/18 13:11:49,40,0
160,34,25/03/18 13:12:56,25/03/18 13:14:53,40,1
120,35,25/03/18 13:17:53,25/03/18 13:23:59,40,1
120,36,25/03/18 13:24:17,25/03/18 13:28:53,40,4
100,37,25/03/18 13:29:40,25/03/18 13:34:19,40,5
100,36,25/03/18 13:36:57,25/03/18 13:40:11,1,2
80,38,25/03/18 13:58:26,25/03/18 14:04:27,40,1
80,39,25/03/18 14:04:35,25/03/18 14:07:33,40,0
80,39,25/03/18 14:08:19,25/03/18 14:11:56,80,7
60,40,25/03/18 14:13:27,25/03/18 14:14:52,40,1
60,41,25/03/18 14:15:17,25/03/18 14:16:54,40,2
60,42,25/03/18 14:17:05,25/03/18 14:18:38,40,0
60,43,25/03/18 14:18:43,25/03/18 14:19:53,40,0
100,44,25/03/18 14:20:17,25/03/18 14:21:46,40,0
100,45,25/03/18 14:21:51,25/03/18 14:23:01,40,0
20,46,25/03/18 14:32:29,25/03/18 14:47:34,40,1
20,47,25/03/18 14:47:42,25/03/18 14:50:32,40,0
20,48,25/03/18 14:50:34,25/03/18 14:51:43,40,0
20,49,25/03/18 14:51:58,25/03/18 14:53:07,40,0
40,50,25/03/18 14:55:40,25/03/18 14:57:10,40,1
40,51,25/03/18 14:57:13,25/03/18 15:03:54,40,1
40,52,25/03/18 15:03:55,25/03/18 15:05:07,40,0
40,53,25/03/18 15:05:10,25/03/18 15:06:19,40,0
120,54,25/03/18 15:07:25,25/03/18 15:10:53,40,1
120,55,25/03/18 15:10:56,25/03/18 15:12:14,40,0
9000,2,25/03/19 07:10:54,25/03/19 07:11:07,3,1
9010,3,25/03/19 07:17:27,25/03/19 07:17:33,1,0
160,4,25/03/19 07:21:41,25/03/19 07:36:16,40,1
160,5,25/03/19 07:36:20,25/03/19 07:37:37,40,0
160,6,25/03/19 07:37:43,25/03/19 07:39:00,40,0
160,7,25/03/19 07:39:02,25/03/19 07:40:19,40,0
140,8,25/03/19 07:42:11,25/03/19 07:43:42,40,1
140,9,25/03/19 07:45:09,25/03/19 07:46:26,40,0
140,10,25/03/19 07:46:27,25/03/19 07:47:44,40,0
140,11,25/03/19 07:47:48,25/03/19 07:49:05,40,0
120,12,25/03/19 07:49:29,25/03/19 07:51:02,40,0
120,13,25/03/19 07:51:03,25/03/19 07:52:20,40,0
20,14,25/03/19 07:55:15,25/03/19 08:02:32,40,1
20,15,25/03/19 08:02:35,25/03/19 08:03:44,40,0
40,16,25/03/19 08:05:55,25/03/19 08:09:23,40,5
40,17,25/03/19 08:09:30,25/03/19 08:10:39,40,0
40,18,25/03/19 10:40:35,25/03/19 10:43:18,40,3
40,19,25/03/19 10:43:21,25/03/19 10:46:16,40,4
20,20,25/03/19 10:47:43,25/03/19 10:50:13,40,3
20,21,25/03/19 10:50:16,25/03/19 10:51:25,40,0
60,22,25/03/19 10:56:49,25/03/19 11:01:30,40,3
60,23,25/03/19 11:01:32,25/03/19 11:02:51,40,0
60,24,25/03/19 11:02:52,25/03/19 11:04:18,40,0
60,25,25/03/19 11:04:19,25/03/19 11:06:00,40,4
100,30,25/03/19 11:06:41,25/03/19 11:08:20,40,2
100,31,25/03/19 11:08:22,25/03/19 11:09:31,40,0
100,32,25/03/19 11:09:33,25/03/19 11:10:55,40,2
100,33,25/03/19 11:10:59,25/03/19 11:13:22,40,7
80,34,25/03/19 11:14:46,25/03/19 11:16:08,40,0
80,35,25/03/19 12:44:12,25/03/19 12:46:45,40,1
80,36,25/03/19 12:46:53,25/03/19 12:48:03,40,0
80,37,25/03/19 12:48:05,25/03/19 12:49:14,40,0
80,38,25/03/19 12:49:15,25/03/19 12:50:24,40,0
100,39,25/03/19 12:50:46,25/03/19 12:52:13,40,0
120,40,25/03/19 12:54:05,25/03/19 12:57:17,40,1
120,41,25/03/19 12:57:19,25/03/19 12:58:37,40,0
120,42,25/03/19 12:58:42,25/03/19 13:00:14,40,2
120,43,25/03/19 13:00:16,25/03/19 13:01:33,40,0
140,45,25/03/19 13:04:56,25/03/19 13:06:50,40,3
140,46,25/03/19 13:07:01,25/03/19 13:08:18,40,0
140,47,25/03/19 13:08:38,25/03/19 13:09:54,40,0
140,48,25/03/19 13:09:59,25/03/19 13:11:15,40,0
160,49,25/03/19 13:13:15,25/03/19 13:15:52,40,4
160,50,25/03/19 13:15:54,25/03/19 13:17:24,40,1
160,51,25/03/19 13:17:25,25/03/19 13:19:15,40,2
160,52,25/03/19 13:19:16,25/03/19 13:20:33,40,0
160,53,25/03/19 14:11:43,25/03/19 14:14:37,40,3
160,54,25/03/19 14:14:41,25/03/19 14:15:57,40,0
140,55,25/03/19 14:16:17,25/03/19 14:17:48,40,0
40,56,25/03/19 14:21:29,25/03/19 14:26:10,40,1
40,57,25/03/19 14:26:14,25/03/19 14:28:16,40,0
40,58,25/03/19 14:28:20,25/03/19 14:29:29,40,0
40,59,25/03/19 14:29:35,25/03/19 14:30:44,40,0
20,60,25/03/19 14:32:19,25/03/19 14:33:46,40,1
20,61,25/03/19 14:34:33,25/03/19 14:35:42,40,0
20,62,25/03/19 14:35:44,25/03/19 14:36:53,40,0
60,63,25/03/19 14:38:04,25/03/19 14:42:09,40,3
60,64,25/03/19 14:42:13,25/03/19 14:43:21,40,0
60,65,25/03/19 14:43:23,25/03/19 14:44:46,40,2
80,66,25/03/19 14:45:08,25/03/19 14:46:53,40,2
80,67,25/03/19 14:46:56,25/03/19 14:48:05,40,0
9000,2,25/03/20 07:23:14,25/03/20 07:23:41,3,0
9010,3,25/03/20 07:23:44,25/03/20 07:23:51,1,0
100,7,25/03/20 08:35:13,25/03/20 08:40:54,40,1
100,8,25/03/20 08:41:07,25/03/20 08:42:22,40,1
100,9,25/03/20 08:42:25,25/03/20 08:45:10,40,4
100,10,25/03/20 08:46:36,25/03/20 08:47:45,40,0
60,13,25/03/20 09:12:31,25/03/20 09:14:34,40,0
60,14,25/03/20 09:14:37,25/03/20 09:15:46,40,0
80,15,25/03/20 09:17:28,25/03/20 09:19:12,40,1
80,16,25/03/20 09:19:14,25/03/20 09:20:22,40,0
20,17,25/03/20 09:24:53,25/03/20 09:28:00,40,1
20,18,25/03/20 09:28:04,25/03/20 09:29:14,40,0
20,19,25/03/20 09:29:18,25/03/20 09:30:27,40,0
20,20,25/03/20 09:30:29,25/03/20 09:31:38,40,0
30,21,25/03/20 09:33:03,25/03/20 09:34:54,40,2
40,22,25/03/20 09:34:56,25/03/20 09:36:05,40,0
40,23,25/03/20 09:36:08,25/03/20 09:37:17,40,0
40,24,25/03/20 09:37:24,25/03/20 09:39:43,40,4
120,25,25/03/20 10:00:45,25/03/20 10:06:42,40,4
120,26,25/03/20 10:06:43,25/03/20 10:08:00,40,0
120,27,25/03/20 10:08:09,25/03/20 10:09:26,40,0
120,28,25/03/20 10:09:31,25/03/20 10:11:08,40,1
120,29,25/03/20 11:02:39,25/03/20 11:04:53,40,1
140,30,25/03/20 11:17:13,25/03/20 11:18:45,40,0
140,31,25/03/20 11:18:47,25/03/20 11:20:03,40,0
140,32,25/03/20 11:20:07,25/03/20 11:21:23,40,0
140,33,25/03/20 11:21:39,25/03/20 11:22:55,40,0
160,34,25/03/20 11:25:13,25/03/20 11:28:43,40,3
160,35,25/03/20 11:28:51,25/03/20 11:30:49,40,2
160,36,25/03/20 11:31:05,25/03/20 11:32:22,40,0
160,37,25/03/20 11:32:23,25/03/20 11:34:49,40,4
150,38,25/03/20 11:35:08,25/03/20 11:36:21,40,0
150,39,25/03/20 11:36:24,25/03/20 11:37:37,40,0
130,40,25/03/20 11:38:10,25/03/20 11:39:37,40,0
130,41,25/03/20 11:39:39,25/03/20 11:40:51,40,0
110,42,25/03/20 11:42:28,25/03/20 11:46:44,40,3
110,43,25/03/20 11:46:52,25/03/20 11:48:05,40,0
100,44,25/03/20 11:49:53,25/03/20 11:53:32,40,1
100,45,25/03/20 11:53:34,25/03/20 11:55:16,40,4
90,46,25/03/20 11:55:57,25/03/20 11:57:19,40,2
90,47,25/03/20 11:57:32,25/03/20 11:58:40,40,0
50,48,25/03/20 12:00:08,25/03/20 12:01:54,40,2
50,49,25/03/20 12:01:59,25/03/20 12:03:08,40,0
60,50,25/03/20 12:03:13,25/03/20 12:07:45,40,1
60,51,25/03/20 12:07:53,25/03/20 12:09:02,40,0
70,52,25/03/20 12:13:16,25/03/20 12:42:16,40,0
70,53,25/03/20 12:42:19,25/03/20 12:43:29,40,0
80,54,25/03/20 12:43:31,25/03/20 12:44:40,40,0
80,55,25/03/20 12:44:42,25/03/20 12:46:05,40,2
70,56,25/03/20 15:08:02,25/03/20 15:09:16,40,1
70,57,25/03/20 15:09:22,25/03/20 15:10:44,40,1
50,58,25/03/20 15:11:01,25/03/20 15:12:37,40,1
50,59,25/03/20 15:13:16,25/03/20 15:14:53,40,4
90,60,25/03/20 15:15:36,25/03/20 15:18:11,40,2
90,61,25/03/20 15:18:54,25/03/20 15:20:49,40,6
90,62,25/03/20 15:37:38,25/03/20 15:38:47,40,0
10,63,25/03/20 15:41:55,25/03/20 15:45:24,40,1
10,64,25/03/20 15:45:38,25/03/20 15:48:27,40,1
10,65,25/03/20 15:48:36,25/03/20 15:49:50,40,0
10,66,25/03/20 15:49:52,25/03/20 15:51:04,40,0
20,67,25/03/20 15:51:07,25/03/20 15:52:16,40,0
30,68,25/03/20 16:03:22,25/03/20 16:04:52,40,1
30,69,25/03/20 16:04:57,25/03/20 16:06:09,40,0
30,70,25/03/20 16:06:12,25/03/20 16:07:24,40,0
40,71,25/03/20 16:07:30,25/03/20 16:08:39,40,0
130,72,25/03/20 16:10:35,25/03/20 16:13:19,40,1
130,72,25/03/20 16:13:24,25/03/20 16:21:05,36,2
9000,2,25/03/21 07:16:49,25/03/21 07:17:02,3,1
9010,3,25/03/21 07:17:04,25/03/21 07:17:11,1,0
130,4,25/03/21 07:19:12,25/03/21 07:38:59,40,1
130,5,25/03/21 07:39:29,25/03/21 07:40:43,40,0
150,6,25/03/21 07:42:18,25/03/21 07:43:49,40,1
150,7,25/03/21 07:43:51,25/03/21 07:46:20,40,2
150,8,25/03/21 07:46:22,25/03/21 07:47:35,40,0
150,9,25/03/21 07:47:55,25/03/21 07:49:08,40,0
110,10,25/03/21 07:50:23,25/03/21 07:53:06,40,1
110,11,25/03/21 07:53:12,25/03/21 07:54:39,40,0
110,12,25/03/21 07:55:24,25/03/21 07:57:59,40,4
110,13,25/03/21 07:58:01,25/03/21 07:59:14,40,0
90,14,25/03/21 08:03:11,25/03/21 08:06:27,40,1
70,15,25/03/21 08:06:48,25/03/21 08:08:47,40,4
70,16,25/03/21 08:08:53,25/03/21 08:10:02,40,0
50,17,25/03/21 08:12:08,25/03/21 08:13:35,40,0
50,18,25/03/21 08:13:41,25/03/21 08:15:02,40,1
180,19,25/03/21 09:20:19,25/03/21 09:28:14,40,5
10,20,25/03/21 10:49:02,25/03/21 10:52:16,40,1
10,21,25/03/21 10:52:23,25/03/21 10:53:37,40,0
10,22,25/03/21 10:53:40,25/03/21 10:54:52,40,0
10,23,25/03/21 10:54:56,25/03/21 10:56:08,40,0
30,24,25/03/21 10:57:41,25/03/21 10:59:16,40,1
30,25,25/03/21 10:59:22,25/03/21 11:00:34,40,0
30,26,25/03/21 11:00:36,25/03/21 11:02:02,40,2
30,27,25/03/21 11:02:04,25/03/21 11:03:16,40,0
30,28,25/03/21 11:52:02,25/03/21 11:53:29,40,2
30,29,25/03/21 11:53:31,25/03/21 11:54:43,40,0
10,30,25/03/21 11:55:11,25/03/21 11:56:41,40,0
10,31,25/03/21 11:56:51,25/03/21 11:58:15,40,1
70,32,25/03/21 12:35:36,25/03/21 12:39:49,40,2
70,33,25/03/21 12:39:53,25/03/21 12:41:02,40,0
70,34,25/03/21 12:41:04,25/03/21 12:42:27,40,2
70,35,25/03/21 12:59:50,25/03/21 13:01:13,40,2
50,36,25/03/21 13:01:33,25/03/21 13:04:06,40,1
50,37,25/03/21 13:04:10,25/03/21 13:05:28,40,0
50,38,25/03/21 13:05:33,25/03/21 13:06:43,40,0
50,39,25/03/21 13:06:45,25/03/21 13:07:53,40,0
90,40,25/03/21 13:08:32,25/03/21 13:10:01,40,0
90,41,25/03/21 13:10:03,25/03/21 13:12:05,40,1
90,42,25/03/21 13:12:39,25/03/21 13:13:49,40,0
90,43,25/03/21 13:13:50,25/03/21 13:15:12,40,1
110,44,25/03/21 13:16:31,25/03/21 13:27:50,40,1
110,45,25/03/21 13:27:52,25/03/21 13:30:02,40,4
110,46,25/03/21 13:30:04,25/03/21 13:31:17,40,0
130,47,25/03/21 13:32:55,25/03/21 13:34:21,40,0
130,48,25/03/21 13:34:25,25/03/21 13:35:38,40,0
130,49,25/03/21 13:35:41,25/03/21 13:36:54,40,0
130,50,25/03/21 13:36:56,25/03/21 13:38:08,40,0
150,51,25/03/21 13:39:24,25/03/21 13:40:59,40,1
150,52,25/03/21 13:41:01,25/03/21 13:42:14,40,0
150,53,25/03/21 13:42:17,25/03/21 13:43:29,40,0
150,54,25/03/21 15:43:53,25/03/21 15:45:06,40,0
150,55,25/03/21 15:45:07,25/03/21 15:46:54,40,2
130,56,25/03/21 15:47:15,25/03/21 15:50:21,40,3
130,57,25/03/21 15:50:25,25/03/21 15:51:38,40,0
110,58,25/03/21 15:51:55,25/03/21 15:53:26,40,0
110,59,25/03/21 15:53:28,25/03/21 15:54:41,40,0
110,60,25/03/21 15:54:44,25/03/21 15:56:23,40,3
90,61,25/03/21 15:58:50,25/03/21 16:02:04,40,1
90,62,25/03/21 16:02:06,25/03/21 16:03:16,40,0
50,63,25/03/21 16:03:35,25/03/21 16:07:34,40,6
50,64,25/03/21 16:07:36,25/03/21 16:08:45,40,0
70,65,25/03/21 16:09:04,25/03/21 16:10:27,40,0
70,66,25/03/21 16:10:28,25/03/21 16:11:51,40,2
9000,2,25/03/24 07:50:53,25/03/24 07:51:06,3,1
9000,2,25/03/24 07:54:11,25/03/24 07:54:22,3,1
9010,3,25/03/24 07:54:38,25/03/24 07:54:49,1,1
10,4,25/03/24 08:06:39,25/03/24 08:14:04,40,1
10,5,25/03/24 08:15:02,25/03/24 08:16:16,40,0
10,6,25/03/24 08:17:06,25/03/24 08:18:19,40,0
10,7,25/03/24 08:19:04,25/03/24 08:20:22,40,1
30,8,25/03/24 08:22:35,25/03/24 08:28:55,40,1
30,9,25/03/24 08:32:51,25/03/24 08:35:52,40,1
30,9,25/03/24 08:36:08,25/03/24 08:38:02,40,0
30,10,25/03/24 08:42:47,25/03/24 08:46:46,40,1
30,11,25/03/24 08:47:37,25/03/24 08:48:51,40,0
70,12,25/03/24 08:50:19,25/03/24 08:55:16,40,1
70,13,25/03/24 08:55:38,25/03/24 08:56:48,40,0
50,14,25/03/24 08:59:30,25/03/24 09:02:36,40,2
50,15,25/03/24 09:03:46,25/03/24 09:04:56,40,0
90,16,25/03/24 09:05:19,25/03/24 09:07:21,40,1
90,17,25/03/24 09:07:26,25/03/24 09:08:35,40,0
110,18,25/03/24 09:10:58,25/03/24 09:15:50,40,1
110,19,25/03/24 09:18:12,25/03/24 09:21:24,40,1
110,20,25/03/24 09:22:02,25/03/24 09:24:36,40,2
110,21,25/03/24 09:24:50,25/03/24 09:27:47,40,3
130,22,25/03/24 09:28:15,25/03/24 09:29:40,40,0
130,23,25/03/24 09:43:49,25/03/24 09:46:34,40,1
130,24,25/03/24 09:46:37,25/03/24 09:47:49,40,0
130,25,25/03/24 09:47:51,25/03/24 09:49:04,40,0
150,26,25/03/24 09:50:46,25/03/24 09:52:21,40,1
150,27,25/03/24 09:52:23,25/03/24 09:53:36,40,0
150,28,25/03/24 09:53:38,25/03/24 09:54:50,40,0
150,29,25/03/24 09:54:53,25/03/24 09:56:06,40,0
90,30,25/03/24 10:01:04,25/03/24 10:05:21,40,3
90,31,25/03/24 10:05:31,25/03/24 10:06:39,40,0
70,32,25/03/24 10:07:11,25/03/24 10:08:29,40,0
70,33,25/03/24 10:09:09,25/03/24 10:10:18,40,0
50,34,25/03/24 10:10:44,25/03/24 10:12:07,40,0
50,35,25/03/24 10:12:20,25/03/24 10:13:29,40,0
50,36,25/03/24 12:49:41,25/03/24 12:50:56,40,1
50,37,25/03/24 12:51:01,25/03/24 12:52:11,40,0
70,38,25/03/24 12:53:48,25/03/24 12:55:26,40,1
70,39,25/03/24 12:55:31,25/03/24 12:56:39,40,0
90,40,25/03/24 13:00:08,25/03/24 13:03:17,40,1
90,41,25/03/24 13:03:24,25/03/24 13:04:34,40,0
10,42,25/03/24 13:06:23,25/03/24 13:11:40,40,1
10,43,25/03/24 13:12:02,25/03/24 13:14:59,40,0
10,44,25/03/24 13:18:07,25/03/24 13:21:12,40,1
10,45,25/03/24 13:21:43,25/03/24 13:22:56,40,0
10,46,25/03/24 13:23:00,25/03/24 13:25:08,40,1
30,47,25/03/24 13:27:27,25/03/24 13:29:59,40,1
30,48,25/03/24 13:30:01,25/03/24 13:32:08,40,2
30,49,25/03/24 13:33:02,25/03/24 13:35:30,40,1
30,50,25/03/24 13:35:33,25/03/24 13:36:45,40,0
30,51,25/03/24 13:36:58,25/03/24 13:38:10,40,0
90,52,25/03/24 13:40:28,25/03/24 13:44:38,40,1
90,53,25/03/24 13:44:54,25/03/24 13:46:20,40,0
110,54,25/03/24 13:47:19,25/03/24 13:52:24,40,1
110,55,25/03/24 13:52:32,25/03/24 13:55:49,40,1
110,56,25/03/24 13:55:57,25/03/24 13:58:16,40,2
130,57,25/03/24 13:58:52,25/03/24 14:00:15,40,0
130,58,25/03/24 14:01:09,25/03/24 14:02:22,40,0
130,59,25/03/24 14:02:24,25/03/24 14:03:36,40,0
150,60,25/03/24 14:04:07,25/03/24 14:05:33,40,0
150,61,25/03/24 14:06:56,25/03/24 14:08:14,40,1
150,62,25/03/24 14:08:16,25/03/24 14:09:29,40,0
150,63,25/03/24 14:09:31,25/03/24 14:10:44,40,0
9000,2,25/03/25 07:28:44,25/03/25 07:28:55,3,0
9010,3,25/03/25 07:28:58,25/03/25 07:29:06,1,0
150,4,25/03/25 08:28:28,25/03/25 08:35:07,40,1
160,5,25/03/25 08:35:18,25/03/25 08:36:36,40,0
160,6,25/03/25 08:36:44,25/03/25 08:38:01,40,0
130,7,25/03/25 08:38:51,25/03/25 08:40:17,40,0
140,8,25/03/25 08:40:51,25/03/25 08:42:08,40,0
140,9,25/03/25 08:42:09,25/03/25 08:46:40,40,2
140,10,25/03/25 08:46:42,25/03/25 08:47:58,40,0
110,11,25/03/25 08:48:18,25/03/25 08:50:26,40,1
120,12,25/03/25 08:50:31,25/03/25 08:52:13,40,0
120,13,25/03/25 08:52:16,25/03/25 08:55:11,40,4
120,14,25/03/25 08:55:18,25/03/25 08:56:34,40,0
90,15,25/03/25 08:58:02,25/03/25 09:02:05,40,1
100,16,25/03/25 09:02:45,25/03/25 09:07:01,40,1
100,17,25/03/25 09:07:03,25/03/25 09:08:12,40,0
100,18,25/03/25 09:08:39,25/03/25 09:09:48,40,0
50,19,25/03/25 09:10:11,25/03/25 09:11:37,40,0
50,20,25/03/25 09:11:45,25/03/25 09:12:54,40,0
60,21,25/03/25 09:13:58,25/03/25 09:15:08,40,0
60,22,25/03/25 09:15:10,25/03/25 09:16:20,40,0
60,23,25/03/25 09:16:29,25/03/25 09:17:38,40,0
70,24,25/03/25 09:19:52,25/03/25 09:21:18,40,1
70,25,25/03/25 09:21:27,25/03/25 09:22:35,40,0
80,26,25/03/25 09:23:19,25/03/25 09:24:28,40,0
80,27,25/03/25 09:24:31,25/03/25 09:25:40,40,0
80,28,25/03/25 09:25:42,25/03/25 09:26:51,40,0
10,29,25/03/25 09:28:13,25/03/25 09:46:35,40,1
20,30,25/03/25 09:46:48,25/03/25 09:47:58,40,0
20,31,25/03/25 09:48:05,25/03/25 09:49:14,40,0
40,32,25/03/25 09:51:05,25/03/25 09:52:28,40,0
40,33,25/03/25 09:52:33,25/03/25 09:53:42,40,0
40,34,25/03/25 12:36:28,25/03/25 12:39:08,40,1
40,35,25/03/25 12:39:16,25/03/25 12:40:39,40,0
40,36,25/03/25 12:40:49,25/03/25 12:41:59,40,0
20,37,25/03/25 12:42:26,25/03/25 12:43:52,40,0
20,38,25/03/25 12:44:06,25/03/25 12:45:15,40,0
20,39,25/03/25 12:45:19,25/03/25 12:46:53,40,1
60,40,25/03/25 12:51:49,25/03/25 12:57:10,40,1
60,41,25/03/25 12:57:21,25/03/25 12:58:32,40,0
80,42,25/03/25 12:59:01,25/03/25 13:00:19,40,0
80,43,25/03/25 13:00:25,25/03/25 13:01:34,40,0
100,44,25/03/25 13:04:07,25/03/25 13:05:33,40,1
100,45,25/03/25 13:05:36,25/03/25 13:06:45,40,0
120,46,25/03/25 13:08:49,25/03/25 13:13:18,40,1
120,47,25/03/25 13:13:47,25/03/25 13:15:05,40,0
120,48,25/03/25 13:15:09,25/03/25 13:16:27,40,0
120,49,25/03/25 13:16:39,25/03/25 13:17:56,40,0
140,50,25/03/25 13:19:13,25/03/25 13:22:19,40,1
140,51,25/03/25 13:22:21,25/03/25 13:23:37,40,0
140,52,25/03/25 13:23:43,25/03/25 13:27:05,40,3
160,53,25/03/25 13:29:52,25/03/25 13:31:36,40,2
160,54,25/03/25 13:31:38,25/03/25 13:32:54,40,0
160,55,25/03/25 13:32:56,25/03/25 13:34:12,40,0
160,56,25/03/25 13:34:14,25/03/25 13:35:30,40,0
100,57,25/03/25 13:36:47,25/03/25 13:40:19,40,1
100,58,25/03/25 13:40:35,25/03/25 13:41:44,40,0
60,59,25/03/25 13:42:56,25/03/25 13:44:13,40,0
80,60,25/03/25 13:46:45,25/03/25 13:48:38,40,0
20,61,25/03/25 13:52:41,25/03/25 13:57:04,40,1
40,62,25/03/25 13:58:55,25/03/25 14:01:22,40,2
9000,2,25/03/26 07:08:28,25/03/26 07:08:58,3,0
9010,3,25/03/26 07:09:00,25/03/26 07:09:08,1,0
20,4,25/03/26 07:33:04,25/03/26 07:38:24,40,1
20,5,25/03/26 07:38:30,25/03/26 07:40:01,40,0
40,6,25/03/26 07:40:35,25/03/26 07:42:03,40,0
40,7,25/03/26 07:42:16,25/03/26 07:43:25,40,0
60,8,25/03/26 07:47:17,25/03/26 07:51:44,40,1
60,9,25/03/26 07:51:48,25/03/26 07:52:58,40,0
60,10,25/03/26 07:54:29,25/03/26 07:55:38,40,0
80,11,25/03/26 07:56:44,25/03/26 07:58:07,40,0
80,12,25/03/26 07:59:07,25/03/26 08:00:43,40,2
80,13,25/03/26 08:01:12,25/03/26 08:03:09,40,3
100,14,25/03/26 08:03:29,25/03/26 08:04:47,40,0
100,15,25/03/26 08:05:06,25/03/26 08:08:25,40,1
100,16,25/03/26 08:08:28,25/03/26 08:09:37,40,0
120,17,25/03/26 08:10:19,25/03/26 08:13:47,40,1
120,18,25/03/26 08:13:52,25/03/26 08:18:40,40,1
140,19,25/03/26 08:22:27,25/03/26 08:24:46,40,0
140,20,25/03/26 08:25:23,25/03/26 08:26:40,40,0
140,21,25/03/26 08:26:58,25/03/26 08:28:27,40,0
160,22,25/03/26 08:28:48,25/03/26 08:30:14,40,0
160,23,25/03/26 08:30:26,25/03/26 08:31:43,40,0
160,24,25/03/26 11:10:57,25/03/26 11:15:05,40,1
160,25,25/03/26 11:15:38,25/03/26 11:16:56,40,0
160,26,25/03/26 11:17:14,25/03/26 11:18:31,40,0
160,27,25/03/26 11:19:12,25/03/26 11:20:30,40,0
140,28,25/03/26 11:20:54,25/03/26 11:23:44,40,1
140,29,25/03/26 11:23:46,25/03/26 11:25:02,40,0
140,30,25/03/26 11:25:11,25/03/26 11:26:27,40,0
120,31,25/03/26 11:26:59,25/03/26 11:28:25,40,0
120,32,25/03/26 11:29:09,25/03/26 11:30:25,40,0
120,33,25/03/26 11:30:30,25/03/26 11:31:46,40,0
120,34,25/03/26 11:31:55,25/03/26 11:33:11,40,0
100,35,25/03/26 11:34:00,25/03/26 11:37:44,40,1
100,36,25/03/26 11:38:19,25/03/26 11:39:29,40,0
100,37,25/03/26 11:39:39,25/03/26 11:40:48,40,0
60,38,25/03/26 11:42:12,25/03/26 11:46:30,40,3
60,39,25/03/26 11:46:31,25/03/26 11:47:40,40,0
60,40,25/03/26 11:47:42,25/03/26 11:48:51,40,0
80,41,25/03/26 11:49:14,25/03/26 11:50:37,40,0
80,42,25/03/26 11:51:43,25/03/26 11:52:51,40,0
80,43,25/03/26 11:52:53,25/03/26 11:54:02,40,0
40,44,25/03/26 11:54:58,25/03/26 11:59:13,40,1
40,45,25/03/26 12:36:31,25/03/26 12:37:40,40,1
40,46,25/03/26 12:38:22,25/03/26 12:39:37,40,1
20,47,25/03/26 12:43:46,25/03/26 12:47:56,40,1
20,48,25/03/26 12:48:38,25/03/26 12:49:48,40,0
20,49,25/03/26 12:49:50,25/03/26 12:50:59,40,0
10,50,25/03/26 15:24:17,25/03/26 15:27:51,40,1
20,51,25/03/26 15:27:52,25/03/26 15:29:02,40,0
20,52,25/03/26 15:29:04,25/03/26 15:30:13,40,0
30,53,25/03/26 15:30:37,25/03/26 15:32:11,40,0
40,54,25/03/26 15:32:30,25/03/26 15:34:14,40,2
40,55,25/03/26 15:34:17,25/03/26 15:35:26,40,0
50,56,25/03/26 15:36:11,25/03/26 15:39:50,40,1
60,57,25/03/26 15:39:58,25/03/26 15:41:08,40,0
70,58,25/03/26 15:42:36,25/03/26 15:45:18,40,1
80,59,25/03/26 15:45:21,25/03/26 15:46:30,40,0
90,60,25/03/26 15:46:50,25/03/26 15:50:12,40,2
100,61,25/03/26 15:50:24,25/03/26 15:51:32,40,0
9000,2,25/03/27 07:25:49,25/03/27 07:25:59,3,0
9010,3,25/03/27 07:26:09,25/03/27 07:26:17,1,0
90,4,25/03/27 09:17:50,25/03/27 09:21:43,40,1
90,5,25/03/27 09:21:50,25/03/27 09:23:00,40,0
90,6,25/03/27 09:23:10,25/03/27 09:25:59,40,0
90,6,25/03/27 09:26:08,25/03/27 09:27:18,27,0
130,16,25/03/27 09:29:28,25/03/27 09:45:03,40,0
130,17,25/03/27 09:45:06,25/03/27 09:46:20,40,0
70,8,25/03/27 09:56:34,25/03/27 09:59:27,40,9
70,9,25/03/27 09:59:30,25/03/27 10:00:39,40,0
70,10,25/03/27 10:00:40,25/03/27 10:02:03,40,0
70,11,25/03/27 10:02:06,25/03/27 10:03:16,40,0
110,21,25/03/27 10:05:23,25/03/27 10:08:05,40,1
110,22,25/03/27 10:08:07,25/03/27 10:09:34,40,1
110,23,25/03/27 10:09:35,25/03/27 10:10:48,40,0
150,26,25/03/27 10:12:23,25/03/27 10:13:46,40,0
150,27,25/03/27 10:13:49,25/03/27 10:15:02,40,0
50,31,25/03/27 10:16:03,25/03/27 10:18:08,40,1
50,32,25/03/27 10:18:10,25/03/27 10:19:20,40,0
30,33,25/03/27 10:19:59,25/03/27 10:25:44,40,1
30,34,25/03/27 10:25:49,25/03/27 10:27:02,40,0
10,35,25/03/27 10:28:22,25/03/27 10:29:47,40,0
10,36,25/03/27 10:29:49,25/03/27 10:31:01,40,0
10,37,25/03/27 10:31:17,25/03/27 10:32:29,40,0
10,38,25/03/27 10:32:31,25/03/27 10:35:26,40,2
30,39,25/03/27 10:35:44,25/03/27 10:37:10,40,0
30,40,25/03/27 10:37:12,25/03/27 10:38:24,40,0
130,41,25/03/27 10:40:49,25/03/27 10:43:35,40,0
130,42,25/03/27 10:43:38,25/03/27 10:44:51,40,0
130,43,25/03/27 10:44:53,25/03/27 10:46:06,40,0
140,44,25/03/27 10:46:10,25/03/27 10:47:27,40,0
150,45,25/03/27 10:47:47,25/03/27 10:49:14,40,0
150,46,25/03/27 10:49:59,25/03/27 10:51:40,40,0
150,47,25/03/27 10:54:41,25/03/27 10:55:54,40,0
110,48,25/03/27 10:56:19,25/03/27 10:57:41,40,0
110,49,25/03/27 10:57:49,25/03/27 10:59:02,40,0
110,50,25/03/27 13:06:20,25/03/27 13:09:10,40,1
110,51,25/03/27 13:09:12,25/03/27 13:10:26,40,0
110,52,25/03/27 13:10:29,25/03/27 13:11:42,40,0
50,58,25/03/27 13:13:01,25/03/27 13:16:17,40,1
50,59,25/03/27 13:16:20,25/03/27 13:17:30,40,0
50,60,25/03/27 13:17:32,25/03/27 13:18:40,40,0
50,61,25/03/27 13:18:42,25/03/27 13:19:51,40,0
50,62,25/03/27 13:19:53,25/03/27 13:21:01,40,0
90,63,25/03/27 13:21:21,25/03/27 13:22:42,40,0
90,64,25/03/27 13:22:57,25/03/27 13:24:06,40,0
90,65,25/03/27 13:24:08,25/03/27 13:25:17,40,0
70,66,25/03/27 13:25:41,25/03/27 13:27:51,40,1
70,67,25/03/27 13:28:21,25/03/27 13:29:30,40,0
130,68,25/03/27 13:30:18,25/03/27 13:32:54,40,1
130,69,25/03/27 13:33:06,25/03/27 13:34:20,40,0
130,70,25/03/27 13:34:21,25/03/27 13:35:34,40,0
150,71,25/03/27 13:35:57,25/03/27 13:37:19,40,0
150,72,25/03/27 13:38:03,25/03/27 13:39:15,40,0
30,73,25/03/27 13:40:50,25/03/27 13:44:55,40,1
30,74,25/03/27 13:44:57,25/03/27 13:46:22,40,0
30,75,25/03/27 13:46:24,25/03/27 13:47:52,40,0
30,76,25/03/27 13:47:55,25/03/27 13:49:36,40,0
30,77,25/03/27 13:50:21,25/03/27 13:51:34,40,0
10,78,25/03/27 13:54:03,25/03/27 13:55:33,40,2
10,79,25/03/27 13:55:34,25/03/27 13:56:47,40,0
10,80,25/03/27 13:56:48,25/03/27 13:58:00,40,0
10,81,25/03/27 13:58:34,25/03/27 13:59:47,40,0
9000,2,25/03/28 07:20:24,25/03/28 07:20:34,3,0
9010,3,25/03/28 07:20:36,25/03/28 07:20:44,1,0
10,4,25/03/28 07:22:31,25/03/28 07:30:22,40,1
10,5,25/03/28 07:30:54,25/03/28 07:32:07,40,0
30,6,25/03/28 07:35:04,25/03/28 07:38:11,40,1
30,7,25/03/28 07:38:13,25/03/28 07:39:26,40,0
150,8,25/03/28 07:41:16,25/03/28 07:45:21,40,1
150,9,25/03/28 07:45:58,25/03/28 07:47:12,40,0
150,10,25/03/28 07:47:16,25/03/28 07:48:29,40,0
130,11,25/03/28 07:49:03,25/03/28 07:50:25,40,0
130,12,25/03/28 07:51:03,25/03/28 07:52:34,40,0
130,13,25/03/28 07:52:37,25/03/28 07:54:04,40,0
110,14,25/03/28 07:54:28,25/03/28 07:55:56,40,0
110,15,25/03/28 07:56:23,25/03/28 07:57:35,40,0
90,16,25/03/28 07:58:11,25/03/28 08:01:16,40,1
90,17,25/03/28 08:01:19,25/03/28 08:02:29,40,0
90,18,25/03/28 08:02:34,25/03/28 08:04:03,40,0
70,19,25/03/28 08:04:31,25/03/28 08:06:39,40,1
70,20,25/03/28 08:07:04,25/03/28 08:08:13,40,0
70,21,25/03/28 08:08:15,25/03/28 08:09:24,40,0
50,22,25/03/28 08:13:14,25/03/28 08:15:11,40,3
50,23,25/03/28 08:15:17,25/03/28 08:16:26,40,0
50,24,25/03/28 08:16:27,25/03/28 08:17:36,40,0
50,25,25/03/28 10:34:52,25/03/28 10:36:31,40,1
50,26,25/03/28 10:36:34,25/03/28 10:37:44,40,0
70,27,25/03/28 10:38:05,25/03/28 10:39:26,40,0
70,28,25/03/28 10:39:50,25/03/28 10:40:59,40,0
70,29,25/03/28 10:41:01,25/03/28 10:44:35,40,1
90,30,25/03/28 10:45:00,25/03/28 10:46:22,40,0
90,31,25/03/28 10:47:07,25/03/28 10:48:16,40,0
90,32,25/03/28 10:48:17,25/03/28 10:49:26,40,0
110,33,25/03/28 10:50:09,25/03/28 10:53:50,40,1
110,34,25/03/28 10:53:52,25/03/28 10:55:06,40,0
110,35,25/03/28 10:55:08,25/03/28 10:56:21,40,0
110,36,25/03/28 10:56:30,25/03/28 10:57:43,40,0
130,37,25/03/28 10:58:06,25/03/28 10:59:33,40,0
130,38,25/03/28 11:00:06,25/03/28 11:01:19,40,0
130,39,25/03/28 11:01:22,25/03/28 11:02:34,40,0
130,40,25/03/28 11:02:37,25/03/28 11:03:49,40,0
150,41,25/03/28 11:04:12,25/03/28 11:05:42,40,0
150,42,25/03/28 11:06:13,25/03/28 11:07:25,40,0
150,43,25/03/28 11:07:58,25/03/28 11:11:14,40,1
150,44,25/03/28 11:11:16,25/03/28 11:12:29,40,0
10,45,25/03/28 11:14:49,25/03/28 11:19:39,40,1
10,46,25/03/28 11:20:59,25/03/28 11:22:27,40,0
10,47,25/03/28 11:22:29,25/03/28 11:24:03,40,0
10,48,25/03/28 11:24:05,25/03/28 11:25:18,40,0
30,49,25/03/28 11:26:35,25/03/28 11:27:57,40,0
30,50,25/03/28 11:27:58,25/03/28 11:29:11,40,0
30,51,25/03/28 11:29:12,25/03/28 11:30:25,40,0
30,52,25/03/28 11:30:26,25/03/28 11:33:33,40,1
30,53,25/03/28 14:53:47,25/03/28 14:57:28,40,1
10,54,25/03/28 14:57:53,25/03/28 14:59:23,40,0
10,55,25/03/28 15:14:04,25/03/28 15:15:16,40,0
50,56,25/03/28 15:20:28,25/03/28 15:25:25,40,1
50,57,25/03/28 15:26:31,25/03/28 15:27:56,40,0
50,58,25/03/28 15:27:58,25/03/28 15:29:08,40,0
70,59,25/03/28 15:29:34,25/03/28 15:31:56,40,1
70,60,25/03/28 15:32:17,25/03/28 15:33:26,40,0
90,61,25/03/28 15:33:56,25/03/28 15:36:21,40,2
90,62,25/03/28 15:36:37,25/03/28 15:37:45,40,0
110,63,25/03/28 15:39:00,25/03/28 15:42:06,40,1
110,64,25/03/28 15:42:08,25/03/28 15:43:22,40,0
130,65,25/03/28 15:43:48,25/03/28 15:45:12,40,0
9000,2,25/04/07 19:18:19,25/04/07 19:18:32,3,1
9010,3,25/04/07 19:18:42,25/04/07 19:18:49,1,0
150,4,25/04/07 20:31:34,25/04/07 20:37:45,40,1
150,5,25/04/07 20:38:07,25/04/07 20:39:21,40,0
150,6,25/04/07 20:39:38,25/04/07 20:40:51,40,0
150,7,25/04/07 20:40:55,25/04/07 20:42:08,40,0
130,8,25/04/07 20:43:43,25/04/07 20:45:47,40,2
130,9,25/04/07 20:46:42,25/04/07 20:47:54,40,0
130,10,25/04/07 20:47:56,25/04/07 20:49:09,40,0
110,11,25/04/07 20:49:28,25/04/07 20:52:41,40,1
110,12,25/04/07 20:52:45,25/04/07 20:53:59,40,0
90,13,25/04/07 20:55:37,25/04/07 21:02:53,40,2
90,14,25/04/07 21:02:56,25/04/07 21:04:06,40,0
90,15,25/04/07 21:04:09,25/04/07 21:05:18,40,0
70,16,25/04/07 21:31:06,25/04/07 21:35:16,80,2
70,17,25/04/07 21:35:44,25/04/07 21:38:04,80,0
50,18,25/04/07 21:38:29,25/04/07 21:39:54,40,0
50,19,25/04/07 21:39:57,25/04/07 21:41:05,40,0
50,20,25/04/07 21:41:18,25/04/07 21:42:27,40,0
50,21,25/04/07 21:42:30,25/04/07 21:43:39,40,0
10,22,25/04/07 22:41:35,25/04/07 22:45:26,40,1
10,23,25/04/07 22:45:59,25/04/07 22:47:11,40,0
10,24,25/04/07 22:47:18,25/04/07 22:48:39,40,0
10,25,25/04/07 22:48:41,25/04/07 22:50:11,40,0
30,26,25/04/07 22:50:39,25/04/07 22:52:04,40,0
30,27,25/04/07 22:52:11,25/04/07 22:53:23,40,0
30,28,25/04/07 22:53:28,25/04/07 22:54:40,40,0
30,29,25/04/07 22:54:45,25/04/07 22:55:57,40,0
30,30,25/04/08 01:23:47,25/04/08 01:26:34,40,1
70,32,25/04/08 01:41:31,25/04/08 01:45:43,40,1
70,33,25/04/08 01:45:48,25/04/08 01:46:58,40,0
90,34,25/04/08 01:48:23,25/04/08 01:49:46,40,0
90,35,25/04/08 01:49:47,25/04/08 01:50:56,40,0
90,36,25/04/08 01:51:01,25/04/08 01:52:10,40,0
110,37,25/04/08 01:53:15,25/04/08 01:56:35,40,1
110,38,25/04/08 02:10:06,25/04/08 02:11:55,40,1
110,39,25/04/08 02:22:51,25/04/08 02:24:05,40,0
130,40,25/04/08 02:24:26,25/04/08 02:30:25,40,6
130,40,25/04/08 02:30:28,25/04/08 02:31:31,33,0
150,43,25/04/08 02:31:53,25/04/08 02:33:20,40,0
150,44,25/04/08 02:33:54,25/04/08 02:35:06,40,0
150,45,25/04/08 02:35:14,25/04/08 02:36:26,40,0
150,46,25/04/08 03:13:01,25/04/08 03:15:56,40,0
150,47,25/04/08 03:15:59,25/04/08 03:17:13,40,0
130,48,25/04/08 03:17:34,25/04/08 03:19:02,40,0
130,49,25/04/08 03:19:12,25/04/08 03:20:24,40,0
130,50,25/04/08 03:20:28,25/04/08 03:21:41,40,0
110,51,25/04/08 03:22:00,25/04/08 03:23:26,40,0
110,52,25/04/08 03:23:34,25/04/08 03:24:46,40,0
90,53,25/04/08 03:25:57,25/04/08 03:29:39,40,1
90,54,25/04/08 03:29:40,25/04/08 03:30:50,40,0
50,55,25/04/08 03:31:14,25/04/08 03:32:41,40,0
50,56,25/04/08 03:32:49,25/04/08 03:33:58,40,0
50,57,25/04/08 03:34:30,25/04/08 03:35:38,40,0
50,58,25/04/08 03:35:41,25/04/08 03:36:49,40,0
70,59,25/04/08 03:37:06,25/04/08 03:38:29,40,0
70,60,25/04/08 03:38:31,25/04/08 03:39:40,40,0
10,61,25/04/08 04:14:11,25/04/08 04:18:46,40,1
10,62,25/04/08 04:18:50,25/04/08 04:20:04,40,0
10,63,25/04/08 04:20:06,25/04/08 04:21:33,40,0
10,64,25/04/08 04:21:49,25/04/08 04:23:03,40,0
9000,2,25/04/08 19:18:02,25/04/08 19:18:36,3,1
9010,3,25/04/08 19:18:54,25/04/08 19:19:00,1,0
9000,2,25/04/08 19:20:27,25/04/08 19:20:46,3,1
9010,3,25/04/08 19:20:59,25/04/08 19:21:06,1,0
30,4,25/04/08 19:23:17,25/04/08 19:35:54,40,1
30,5,25/04/08 19:36:09,25/04/08 19:38:31,40,0
30,6,25/04/08 19:38:41,25/04/08 19:41:26,40,1
30,7,25/04/08 19:41:49,25/04/08 19:46:20,40,1
30,8,25/04/08 19:46:24,25/04/08 19:47:36,40,0
10,9,25/04/08 19:49:08,25/04/08 19:52:08,40,1
50,10,25/04/08 19:59:38,25/04/08 20:04:02,40,1
50,11,25/04/08 20:04:16,25/04/08 20:05:26,40,0
70,12,25/04/08 20:05:53,25/04/08 20:07:23,40,0
70,13,25/04/08 20:07:59,25/04/08 20:09:08,40,0
90,14,25/04/08 20:09:26,25/04/08 20:10:45,40,0
90,15,25/04/08 20:11:26,25/04/08 20:12:35,40,0
110,16,25/04/08 20:13:59,25/04/08 20:17:57,40,1
110,17,25/04/08 20:18:05,25/04/08 20:19:18,40,0
110,18,25/04/08 20:19:27,25/04/08 20:20:40,40,0
130,19,25/04/08 22:12:28,25/04/08 22:15:51,80,2
130,20,25/04/08 22:16:03,25/04/08 22:19:06,80,0
150,21,25/04/08 22:19:26,25/04/08 22:20:58,40,0
150,22,25/04/08 22:21:00,25/04/08 22:22:14,40,0
150,23,25/04/08 22:22:22,25/04/08 22:23:34,40,0
150,24,25/04/08 22:23:42,25/04/08 22:24:55,40,0
110,25,25/04/08 22:53:56,25/04/08 22:58:00,40,2
110,26,25/04/08 22:58:03,25/04/08 22:59:17,40,0
90,27,25/04/08 23:01:05,25/04/08 23:04:21,40,1
90,28,25/04/08 23:04:38,25/04/08 23:05:48,40,0
70,29,25/04/08 23:06:10,25/04/08 23:07:37,40,0
70,30,25/04/08 23:08:30,25/04/08 23:09:39,40,0
50,31,25/04/08 23:10:02,25/04/08 23:11:20,40,0
50,32,25/04/08 23:11:28,25/04/08 23:12:37,40,0
10,33,25/04/08 23:16:34,25/04/08 23:25:00,40,1
10,34,25/04/08 23:26:16,25/04/08 23:30:18,40,0
10,35,25/04/08 23:30:28,25/04/08 23:33:08,40,0
10,36,25/04/08 23:34:04,25/04/08 23:35:17,40,0
10,37,25/04/08 23:36:01,25/04/08 23:37:13,40,0
30,38,25/04/08 23:37:44,25/04/08 23:42:34,40,2
30,39,25/04/08 23:42:48,25/04/08 23:44:00,40,0
30,40,25/04/08 23:44:37,25/04/08 23:45:50,40,0
30,41,25/04/08 23:46:22,25/04/08 23:47:34,40,0
10,42,25/04/09 02:10:16,25/04/09 02:12:28,40,1
10,43,25/04/09 02:12:38,25/04/09 02:13:50,40,0
30,44,25/04/09 02:15:33,25/04/09 02:17:00,40,1
30,45,25/04/09 02:17:35,25/04/09 02:18:48,40,0
50,46,25/04/09 02:21:24,25/04/09 02:26:12,40,1
50,47,25/04/09 02:26:31,25/04/09 02:27:41,40,0
50,48,25/04/09 02:27:43,25/04/09 02:28:52,40,0
50,49,25/04/09 02:28:58,25/04/09 02:30:07,40,0
70,50,25/04/09 02:31:21,25/04/09 02:32:48,40,1
70,51,25/04/09 02:33:06,25/04/09 02:34:15,40,0
70,52,25/04/09 02:34:35,25/04/09 02:35:57,40,0
70,53,25/04/09 02:36:54,25/04/09 02:38:04,40,0
90,54,25/04/09 02:38:33,25/04/09 02:40:00,40,0
90,55,25/04/09 02:40:03,25/04/09 02:41:11,40,0
90,56,25/04/09 02:41:16,25/04/09 02:42:24,40,0
90,57,25/04/09 02:42:29,25/04/09 02:43:38,40,0
110,58,25/04/09 02:44:57,25/04/09 02:48:02,40,1
110,59,25/04/09 02:48:04,25/04/09 02:49:18,40,0
110,60,25/04/09 02:49:19,25/04/09 02:50:32,40,0
110,61,25/04/09 02:50:34,25/04/09 02:51:47,40,0
130,62,25/04/09 02:52:05,25/04/09 02:53:30,40,0
130,63,25/04/09 02:53:33,25/04/09 02:56:02,40,1
130,64,25/04/09 02:56:04,25/04/09 02:59:00,40,2
150,67,25/04/09 03:00:22,25/04/09 03:02:47,40,1
150,68,25/04/09 07:45:06,25/04/09 08:09:46,40,3
9000,2,25/04/09 19:19:16,25/04/09 19:19:59,3,0
9000,2,25/04/09 19:20:17,25/04/09 19:20:24,3,0
9010,3,25/04/09 19:20:27,25/04/09 19:20:34,1,0
150,4,25/04/09 19:39:46,25/04/09 19:53:01,40,1
150,5,25/04/09 19:53:03,25/04/09 19:56:09,40,0
150,6,25/04/09 19:56:24,25/04/09 19:59:16,40,0
160,7,25/04/09 21:42:24,25/04/09 21:48:08,120,1
130,8,25/04/09 21:50:10,25/04/09 21:51:40,40,1
130,9,25/04/09 21:51:51,25/04/09 21:55:06,40,0
140,10,25/04/09 21:55:08,25/04/09 21:58:21,40,0
140,11,25/04/09 21:58:49,25/04/09 22:00:05,40,0
140,12,25/04/09 22:00:51,25/04/09 22:02:07,40,0
110,13,25/04/09 22:03:44,25/04/09 22:05:17,40,1
120,14,25/04/09 22:05:25,25/04/09 22:06:42,40,0
120,15,25/04/09 22:06:45,25/04/09 22:08:10,40,0
120,16,25/04/09 22:08:16,25/04/09 22:09:33,40,0
90,17,25/04/09 22:11:37,25/04/09 22:15:24,40,1
100,18,25/04/09 22:16:27,25/04/09 22:17:37,40,0
100,19,25/04/09 22:22:31,25/04/09 22:23:40,40,0
100,20,25/04/09 22:23:43,25/04/09 22:24:52,40,0
80,21,25/04/09 22:25:53,25/04/09 22:27:20,40,0
80,22,25/04/09 22:27:25,25/04/09 22:28:33,40,0
80,23,25/04/09 22:28:36,25/04/09 22:29:45,40,0
140,28,25/04/09 22:37:25,25/04/09 22:43:48,40,3
140,28,25/04/09 22:50:59,25/04/09 22:52:55,22,0
130,9,25/04/09 23:24:26,25/04/09 23:33:57,40,10
130,8,25/04/09 23:36:47,25/04/09 23:37:06,1,0
140,10,25/04/09 23:37:16,25/04/09 23:39:32,40,1
50,24,25/04/10 00:02:18,25/04/10 00:08:20,40,1
60,25,25/04/10 00:08:23,25/04/10 00:09:33,40,0
60,26,25/04/10 00:09:34,25/04/10 00:10:43,40,0
60,27,25/04/10 00:10:47,25/04/10 00:11:56,40,0
60,30,25/04/10 00:13:00,25/04/10 00:57:19,40,1
80,31,25/04/10 00:59:55,25/04/10 01:01:14,40,0
80,32,25/04/10 01:01:17,25/04/10 01:02:26,40,0
100,33,25/04/10 01:05:17,25/04/10 01:07:23,40,1
100,34,25/04/10 01:07:26,25/04/10 01:08:35,40,0
20,35,25/04/10 01:10:51,25/04/10 01:16:26,40,1
40,38,25/04/10 01:18:07,25/04/10 01:19:26,40,0
40,39,25/04/10 01:19:29,25/04/10 01:20:39,40,0
40,40,25/04/10 01:20:40,25/04/10 01:23:54,40,0
40,41,25/04/10 01:24:13,25/04/10 01:31:40,40,1
30,45,25/04/10 01:32:14,25/04/10 01:33:27,40,0
20,46,25/04/10 01:33:59,25/04/10 01:35:58,40,1
20,47,25/04/10 01:36:00,25/04/10 01:37:08,40,0
20,48,25/04/10 01:37:11,25/04/10 01:38:19,40,0
20,49,25/04/10 03:20:17,25/04/10 03:21:41,40,1
20,50,25/04/10 03:21:54,25/04/10 03:23:03,40,0
40,51,25/04/10 03:25:09,25/04/10 03:34:26,40,1
40,52,25/04/10 03:34:30,25/04/10 03:35:39,40,0
160,53,25/04/10 03:38:55,25/04/10 03:41:58,40,1
160,54,25/04/10 03:42:07,25/04/10 03:43:36,40,0
160,55,25/04/10 03:43:47,25/04/10 03:45:05,40,0
160,56,25/04/10 03:45:29,25/04/10 03:48:19,40,0
120,57,25/04/10 03:48:56,25/04/10 03:50:26,40,0
120,58,25/04/10 03:50:32,25/04/10 03:51:58,40,0
120,59,25/04/10 03:52:01,25/04/10 03:53:19,40,0
120,60,25/04/10 03:53:22,25/04/10 03:54:39,40,0
9000,2,25/04/10 19:25:09,25/04/10 19:25:22,3,1
9010,3,25/04/10 19:25:27,25/04/10 19:25:34,1,0
160,4,25/04/10 19:33:12,25/04/10 19:39:48,40,1
140,5,25/04/10 19:41:53,25/04/10 19:44:08,40,2
140,6,25/04/10 19:44:10,25/04/10 19:45:36,40,0
120,7,25/04/10 19:45:55,25/04/10 19:47:26,40,0
100,8,25/04/10 19:54:32,25/04/10 19:58:11,40,1
100,9,25/04/10 19:58:14,25/04/10 19:59:24,40,0
100,10,25/04/10 19:59:29,25/04/10 20:00:38,40,0
60,11,25/04/10 20:01:04,25/04/10 20:02:28,40,0
60,12,25/04/10 20:02:35,25/04/10 20:03:44,40,0
60,13,25/04/10 20:03:46,25/04/10 20:04:55,40,0
60,14,25/04/10 20:05:02,25/04/10 20:06:10,40,0
80,15,25/04/10 20:08:01,25/04/10 20:10:27,40,4
80,16,25/04/10 20:10:29,25/04/10 20:11:37,40,0
80,17,25/04/10 20:11:41,25/04/10 20:12:49,40,0
20,18,25/04/10 20:16:03,25/04/10 20:21:48,40,1
20,19,25/04/10 20:22:33,25/04/10 20:24:18,40,0
40,20,25/04/10 20:24:58,25/04/10 20:26:34,40,0
40,21,25/04/10 20:26:53,25/04/10 20:28:09,40,0
40,24,25/04/10 22:49:23,25/04/10 22:50:47,40,0
40,25,25/04/10 22:50:53,25/04/10 22:52:02,40,0
20,26,25/04/10 22:52:36,25/04/10 23:02:10,40,0
20,27,25/04/10 23:02:19,25/04/10 23:03:27,40,0
60,28,25/04/10 23:06:21,25/04/10 23:10:16,40,3
140,32,25/04/10 23:13:53,25/04/10 23:17:54,40,1
140,33,25/04/10 23:18:37,25/04/10 23:19:56,40,0
140,34,25/04/10 23:19:58,25/04/10 23:21:14,40,0
140,35,25/04/10 23:21:16,25/04/10 23:22:42,40,0
140,36,25/04/10 23:22:47,25/04/10 23:24:05,40,0
160,37,25/04/10 23:26:57,25/04/10 23:28:39,40,1
160,38,25/04/10 23:28:51,25/04/10 23:30:08,40,0
160,39,25/04/10 23:30:15,25/04/10 23:31:40,40,0
160,40,25/04/10 23:31:44,25/04/10 23:33:02,40,0
160,41,25/04/10 23:33:31,25/04/10 23:34:47,40,0
120,42,25/04/10 23:35:12,25/04/10 23:36:41,40,0
120,43,25/04/10 23:36:47,25/04/10 23:38:04,40,0
120,44,25/04/10 23:38:17,25/04/10 23:39:33,40,0
120,45,25/04/10 23:39:37,25/04/10 23:40:53,40,0
100,46,25/04/10 23:43:07,25/04/10 23:47:00,40,1
100,47,25/04/10 23:47:08,25/04/10 23:48:18,40,0
100,48,25/04/10 23:48:50,25/04/10 23:49:59,40,0
100,49,25/04/10 23:50:08,25/04/10 23:52:24,40,0
80,50,25/04/10 23:52:45,25/04/10 23:54:24,40,0
80,51,25/04/10 23:54:25,25/04/10 23:55:34,40,0
80,52,25/04/10 23:55:43,25/04/10 23:56:52,40,0
80,53,25/04/10 23:56:54,25/04/10 23:58:03,40,0
60,54,25/04/11 00:03:26,25/04/11 00:07:14,40,3
60,54,25/04/11 00:07:52,25/04/11 02:05:56,7,2
60,55,25/04/11 02:06:20,25/04/11 02:07:19,33,0
60,56,25/04/11 02:07:23,25/04/11 02:08:32,40,0
60,57,25/04/11 02:08:39,25/04/11 02:09:47,40,0
60,58,25/04/11 02:09:53,25/04/11 02:11:01,40,0
140,59,25/04/11 02:14:44,25/04/11 02:17:23,40,1
140,60,25/04/11 02:17:25,25/04/11 02:18:42,40,0
120,61,25/04/11 02:20:19,25/04/11 02:21:54,40,1
120,62,25/04/11 02:22:07,25/04/11 02:23:23,40,0
160,63,25/04/11 02:23:56,25/04/11 02:25:29,40,0
40,64,25/04/11 02:28:28,25/04/11 02:32:54,40,2
40,65,25/04/11 02:32:59,25/04/11 02:34:38,40,0
40,66,25/04/11 02:34:44,25/04/11 02:35:53,40,0
40,67,25/04/11 02:35:59,25/04/11 02:37:08,40,0
20,68,25/04/11 02:38:17,25/04/11 02:39:50,40,0
20,69,25/04/11 02:39:53,25/04/11 02:41:02,40,0
20,70,25/04/11 02:41:06,25/04/11 02:42:15,40,0
20,71,25/04/11 02:42:17,25/04/11 02:43:26,40,0
9000,2,25/04/11 19:20:32,25/04/11 19:20:45,3,1
9010,3,25/04/11 19:21:00,25/04/11 19:21:07,1,0
170,4,25/04/11 20:02:30,25/04/11 20:06:22,40,1
170,5,25/04/11 20:06:27,25/04/11 20:10:00,40,1
170,6,25/04/11 20:10:02,25/04/11 20:11:16,40,0
170,7,25/04/11 20:11:34,25/04/11 20:14:01,40,0
170,8,25/04/11 20:14:09,25/04/11 20:15:24,40,0
170,9,25/04/11 20:16:32,25/04/11 20:17:46,40,0
80,10,25/04/11 20:24:00,25/04/11 20:25:20,40,0
80,11,25/04/11 20:25:25,25/04/11 20:26:33,40,0
80,12,25/04/11 20:26:35,25/04/11 20:27:44,40,0
80,13,25/04/11 20:27:47,25/04/11 20:28:56,40,0
100,14,25/04/11 20:30:00,25/04/11 20:31:26,40,1
100,15,25/04/11 20:31:31,25/04/11 20:32:39,40,0
100,16,25/04/11 20:32:42,25/04/11 20:33:50,40,0
100,17,25/04/11 20:34:26,25/04/11 20:35:34,40,0
160,18,25/04/11 20:36:58,25/04/11 20:42:02,40,1
160,19,25/04/11 20:42:08,25/04/11 20:45:25,40,0
160,20,25/04/11 20:45:29,25/04/11 20:46:36,40,0
160,21,25/04/11 20:47:19,25/04/11 20:48:26,40,0
160,22,25/04/11 20:48:47,25/04/11 20:49:54,40,0
160,23,25/04/11 20:50:27,25/04/11 20:51:33,40,0
160,24,25/04/11 20:51:35,25/04/11 20:52:41,40,0
160,25,25/04/11 20:52:50,25/04/11 20:53:55,40,0
40,26,25/04/11 21:11:47,25/04/11 21:17:04,40,4
40,27,25/04/11 21:17:11,25/04/11 21:18:20,40,0
40,28,25/04/11 21:18:22,25/04/11 21:19:31,40,0
40,29,25/04/11 21:19:34,25/04/11 21:20:42,40,0
20,30,25/04/11 21:21:01,25/04/11 21:23:56,40,1
20,31,25/04/11 21:23:58,25/04/11 21:25:06,40,0
20,32,25/04/11 21:25:08,25/04/11 21:26:17,40,0
10,33,25/04/11 21:26:19,25/04/11 21:27:31,40,0
180,34,25/04/11 21:29:00,25/04/11 21:33:39,40,1
180,35,25/04/11 21:33:42,25/04/11 21:34:56,40,0
180,36,25/04/11 21:34:59,25/04/11 21:36:13,40,0
180,37,25/04/11 21:36:25,25/04/11 21:37:39,40,0
180,38,25/04/11 21:37:45,25/04/11 21:38:59,40,0
180,39,25/04/11 21:39:02,25/04/11 21:40:16,40,0
180,40,25/04/11 22:27:47,25/04/11 22:31:25,80,1
180,41,25/04/11 22:31:27,25/04/11 22:32:41,40,0
90,42,25/04/11 22:32:45,25/04/11 22:33:54,40,0
100,43,25/04/11 22:34:19,25/04/11 22:35:28,40,0
50,44,25/04/11 22:38:47,25/04/11 22:40:06,40,0
60,45,25/04/11 22:40:39,25/04/11 22:41:56,40,0
60,46,25/04/11 22:41:59,25/04/11 22:43:07,40,0
60,47,25/04/11 22:43:14,25/04/11 22:44:23,40,0
70,48,25/04/11 22:45:00,25/04/11 22:46:25,40,0
70,49,25/04/11 22:47:12,25/04/11 22:49:04,40,0
80,50,25/04/11 22:49:24,25/04/11 22:50:32,40,0
170,51,25/04/11 22:52:52,25/04/11 22:54:28,40,1
170,52,25/04/11 22:54:48,25/04/11 22:56:02,40,0
170,53,25/04/11 22:56:06,25/04/11 22:57:20,40,0
170,54,25/04/11 22:57:24,25/04/11 22:58:38,40,0
170,55,25/04/11 23:00:02,25/04/11 23:01:16,40,0
170,56,25/04/11 23:01:20,25/04/11 23:02:34,40,0
170,57,25/04/11 23:02:40,25/04/11 23:03:53,40,0
170,58,25/04/11 23:06:11,25/04/11 23:07:25,40,0
140,59,25/04/11 23:16:22,25/04/11 23:22:36,24,1
140,60,25/04/11 23:22:39,25/04/11 23:23:56,40,0
140,61,25/04/11 23:24:16,25/04/11 23:25:32,40,0
140,62,25/04/11 23:25:39,25/04/11 23:26:55,40,0
150,63,25/04/11 23:27:26,25/04/11 23:28:50,40,0
160,64,25/04/11 23:28:57,25/04/11 23:30:25,40,0
160,65,25/04/11 23:31:05,25/04/11 23:32:22,40,0
160,66,25/04/11 23:32:31,25/04/11 23:33:48,40,0
160,67,25/04/11 23:34:16,25/04/11 23:35:32,40,0
110,68,25/04/11 23:37:10,25/04/11 23:38:43,40,1
120,69,25/04/11 23:44:26,25/04/11 23:45:43,40,0
120,70,25/04/11 23:45:50,25/04/11 23:47:06,40,0
120,71,25/04/11 23:47:18,25/04/11 23:48:34,40,0
120,72,25/04/11 23:48:42,25/04/11 23:49:58,40,0
110,73,25/04/11 23:50:04,25/04/11 23:51:17,40,0
130,76,25/04/11 23:53:53,25/04/11 23:55:24,40,1
130,77,25/04/11 23:55:26,25/04/11 23:56:39,40,0
150,78,25/04/12 01:51:11,25/04/12 01:54:41,40,2
150,79,25/04/12 01:56:36,25/04/12 01:57:48,40,0
150,80,25/04/12 01:57:56,25/04/12 01:59:09,40,0
150,81,25/04/12 01:59:26,25/04/12 02:00:38,40,0
110,82,25/04/12 02:03:00,25/04/12 02:04:31,40,1
110,83,25/04/12 02:04:34,25/04/12 02:05:47,40,0
130,84,25/04/12 02:07:06,25/04/12 02:08:32,40,0
130,85,25/04/12 02:08:35,25/04/12 02:09:48,40,0
160,86,25/04/12 02:11:07,25/04/12 02:16:47,40,1
160,87,25/04/12 02:16:51,25/04/12 02:17:58,40,0
160,88,25/04/12 02:17:59,25/04/12 02:19:05,40,0
160,89,25/04/12 02:19:12,25/04/12 02:20:18,40,0
160,90,25/04/12 02:20:45,25/04/12 02:21:51,40,0
160,91,25/04/12 02:21:53,25/04/12 02:22:58,40,0
160,92,25/04/12 02:23:02,25/04/12 02:24:08,40,0
10,93,25/04/12 02:25:41,25/04/12 02:33:16,40,1
10,94,25/04/12 02:33:25,25/04/12 02:34:38,40,0
10,95,25/04/12 02:34:46,25/04/12 02:35:58,40,0
10,96,25/04/12 02:36:05,25/04/12 02:37:17,40,0
30,97,25/04/12 03:00:36,25/04/12 03:02:07,40,1
30,98,25/04/12 03:02:09,25/04/12 03:03:21,40,0
30,99,25/04/12 03:03:49,25/04/12 03:05:02,40,0
30,100,25/04/12 03:05:04,25/04/12 03:06:17,40,0
30,101,25/04/12 03:06:19,25/04/12 03:07:31,40,0
70,102,25/04/12 03:09:23,25/04/12 03:12:57,40,2
70,103,25/04/12 03:13:01,25/04/12 03:14:09,40,0
70,104,25/04/12 03:14:17,25/04/12 03:15:26,40,0
70,105,25/04/12 03:15:27,25/04/12 03:16:36,40,0
50,106,25/04/12 03:17:56,25/04/12 03:21:50,40,1
50,107,25/04/12 03:21:59,25/04/12 03:23:07,40,0
50,108,25/04/12 03:24:30,25/04/12 03:25:38,40,0
50,109,25/04/12 03:25:41,25/04/12 03:26:50,40,0
90,110,25/04/12 03:28:20,25/04/12 03:29:48,40,1
90,111,25/04/12 04:14:43,25/04/12 04:15:51,40,0
90,112,25/04/12 04:15:53,25/04/12 04:17:01,40,0
90,113,25/04/12 04:17:03,25/04/12 04:18:12,40,0
170,114,25/04/12 04:19:04,25/04/12 04:20:37,40,0
170,115,25/04/12 04:20:44,25/04/12 04:21:58,40,0
170,116,25/04/12 04:22:03,25/04/12 04:23:16,40,0
9000,2,25/04/14 07:58:28,25/04/14 07:58:54,3,1
9010,3,25/04/14 07:58:59,25/04/14 07:59:05,1,0
10,10,25/04/14 08:39:08,25/04/14 08:45:23,40,1
10,11,25/04/14 08:45:42,25/04/14 08:48:17,40,0
10,12,25/04/14 08:49:07,25/04/14 08:50:19,40,0
10,13,25/04/14 08:50:47,25/04/14 08:51:59,40,0
30,14,25/04/14 08:54:11,25/04/14 08:55:40,40,1
30,15,25/04/14 08:55:47,25/04/14 08:57:10,40,0
30,16,25/04/14 08:57:13,25/04/14 08:58:26,40,0
30,17,25/04/14 08:58:28,25/04/14 08:59:40,40,0
70,18,25/04/14 09:02:07,25/04/14 09:06:54,40,1
70,19,25/04/14 09:06:56,25/04/14 09:08:05,40,0
70,20,25/04/14 09:08:09,25/04/14 09:11:00,40,3
70,21,25/04/14 09:11:03,25/04/14 09:12:35,40,0
50,22,25/04/14 09:14:02,25/04/14 09:24:22,40,1
50,23,25/04/14 09:24:24,25/04/14 09:25:33,40,0
50,24,25/04/14 09:25:37,25/04/14 09:26:46,40,0
90,25,25/04/14 09:27:09,25/04/14 09:28:32,40,0
90,26,25/04/14 09:28:35,25/04/14 09:29:43,40,0
90,27,25/04/14 09:30:14,25/04/14 09:31:23,40,0
130,28,25/04/14 09:32:48,25/04/14 09:36:49,40,1
130,29,25/04/14 09:36:52,25/04/14 09:38:16,40,0
130,30,25/04/14 09:38:19,25/04/14 09:39:33,40,0
130,31,25/04/14 09:39:36,25/04/14 09:40:49,40,0
130,32,25/04/14 09:40:50,25/04/14 09:42:03,40,0
150,33,25/04/14 09:43:34,25/04/14 09:45:07,40,1
150,33,25/04/14 09:45:15,25/04/14 09:46:21,36,0
110,37,25/04/14 09:46:47,25/04/14 09:48:22,40,0
110,38,25/04/14 09:48:26,25/04/14 09:49:39,40,0
110,39,25/04/14 12:07:40,25/04/14 12:11:41,120,1
110,40,25/04/14 12:11:44,25/04/14 12:12:57,40,0
150,41,25/04/14 12:13:22,25/04/14 12:14:48,40,0
150,42,25/04/14 12:14:52,25/04/14 12:16:05,40,0
150,43,25/04/14 12:16:06,25/04/14 12:17:19,40,0
150,44,25/04/14 12:17:22,25/04/14 12:18:34,40,0
130,45,25/04/14 13:22:58,25/04/14 13:25:20,40,1
90,46,25/04/14 13:26:38,25/04/14 13:30:11,40,1
90,47,25/04/14 13:31:06,25/04/14 13:32:16,40,0
90,48,25/04/14 13:32:21,25/04/14 13:33:29,40,0
90,49,25/04/14 13:33:31,25/04/14 13:34:40,40,0
50,50,25/04/14 13:36:12,25/04/14 13:37:41,40,1
50,51,25/04/14 13:38:18,25/04/14 13:39:27,40,0
50,52,25/04/14 13:39:29,25/04/14 13:40:37,40,0
50,53,25/04/14 13:40:40,25/04/14 13:41:49,40,0
70,54,25/04/14 13:42:21,25/04/14 13:43:39,40,0
70,55,25/04/14 13:43:43,25/04/14 13:44:52,40,0
70,56,25/04/14 13:44:53,25/04/14 13:46:02,40,0
10,57,25/04/14 13:52:19,25/04/14 13:57:28,40,1
10,58,25/04/14 13:57:59,25/04/14 13:59:12,40,0
10,59,25/04/14 13:59:15,25/04/14 14:00:28,40,0
10,60,25/04/14 14:00:33,25/04/14 14:01:45,40,0
30,61,25/04/14 14:02:23,25/04/14 14:04:03,40,0
30,62,25/04/14 14:04:06,25/04/14 14:05:18,40,0
30,63,25/04/14 14:05:20,25/04/14 14:06:32,40,0
30,64,25/04/14 14:06:35,25/04/14 14:08:30,40,1
130,65,25/04/14 14:18:12,25/04/14 14:22:41,40,1
130,66,25/04/14 14:22:45,25/04/14 14:23:58,40,0
130,67,25/04/14 14:24:12,25/04/14 14:25:24,40,0
150,68,25/04/14 15:43:33,25/04/14 15:45:15,40,1
150,69,25/04/14 15:45:21,25/04/14 15:46:34,40,0
110,70,25/04/14 15:47:38,25/04/14 15:49:30,40,1
110,71,25/04/14 15:49:36,25/04/14 15:50:48,40,0
9010,2,25/04/14 22:37:40,25/04/14 22:37:51,1,0
9000,3,25/04/14 22:37:57,25/04/14 22:38:03,3,0
110,4,25/04/14 22:39:46,25/04/14 22:48:43,40,3
110,5,25/04/14 22:48:49,25/04/14 22:50:01,40,0
150,6,25/04/14 22:50:29,25/04/14 22:51:59,40,0
130,7,25/04/14 22:55:47,25/04/14 22:57:18,40,1
90,8,25/04/14 22:59:51,25/04/14 23:03:44,40,1
90,9,25/04/14 23:03:52,25/04/14 23:05:02,40,0
50,10,25/04/14 23:06:41,25/04/14 23:08:14,40,1
50,11,25/04/14 23:08:16,25/04/14 23:09:25,40,0
70,12,25/04/14 23:11:51,25/04/14 23:13:12,40,0
70,13,25/04/14 23:13:47,25/04/14 23:14:57,40,0
10,14,25/04/14 23:17:30,25/04/14 23:25:17,40,2
30,15,25/04/14 23:25:53,25/04/14 23:28:53,40,0
9000,2,25/04/15 06:51:02,25/04/15 06:51:15,3,1
9010,3,25/04/15 06:51:30,25/04/15 06:51:37,1,0
150,4,25/04/15 07:12:51,25/04/15 07:17:24,40,1
150,5,25/04/15 07:17:52,25/04/15 07:19:06,40,0
150,6,25/04/15 07:20:49,25/04/15 07:22:25,40,0
150,7,25/04/15 07:22:50,25/04/15 07:24:15,40,0
130,8,25/04/15 07:29:08,25/04/15 07:31:09,40,2
130,9,25/04/15 07:31:20,25/04/15 07:32:32,40,0
130,10,25/04/15 07:32:38,25/04/15 07:33:51,40,0
130,11,25/04/15 07:34:02,25/04/15 07:35:15,40,0
110,12,25/04/15 07:36:23,25/04/15 07:37:55,40,0
110,13,25/04/15 07:37:59,25/04/15 07:39:12,40,0
110,14,25/04/15 07:39:16,25/04/15 07:40:29,40,0
110,15,25/04/15 07:40:32,25/04/15 07:41:44,40,0
110,16,25/04/15 07:44:54,25/04/15 07:46:07,40,0
130,17,25/04/15 07:46:32,25/04/15 07:48:12,40,0
150,18,25/04/15 07:49:11,25/04/15 07:50:33,40,0
130,19,25/04/15 08:09:53,25/04/15 08:12:01,40,1
9010,3,25/04/15 11:31:32,25/04/15 11:31:57,20,0
9010,3,25/04/15 13:00:53,25/04/15 13:17:23,3,2
9010,2,25/04/15 13:18:01,25/04/15 13:18:26,1,0
9010,2,25/04/15 13:18:45,25/04/15 13:19:06,1,0
9010,2,25/04/15 13:19:27,25/04/15 13:20:15,2,0
9010,2,25/04/15 13:22:01,25/04/15 13:23:39,10,0
110,20,25/04/15 15:31:16,25/04/15 15:38:29,40,0
150,21,25/04/15 15:39:02,25/04/15 15:41:15,40,1
150,22,25/04/15 15:41:17,25/04/15 15:42:30,40,0
9000,2,25/04/16 06:51:20,25/04/16 06:51:33,3,1
9010,3,25/04/16 06:51:36,25/04/16 06:51:43,1,0
150,4,25/04/16 08:27:18,25/04/16 08:31:03,40,1
150,5,25/04/16 08:31:06,25/04/16 08:32:20,40,0
130,6,25/04/16 08:34:18,25/04/16 08:36:25,40,2
130,7,25/04/16 08:36:28,25/04/16 08:39:23,40,3
110,8,25/04/16 08:39:51,25/04/16 08:42:47,40,1
110,9,25/04/16 08:42:50,25/04/16 08:44:03,40,0
90,10,25/04/16 08:45:25,25/04/16 08:51:45,40,2
90,11,25/04/16 08:51:49,25/04/16 08:52:58,40,0
90,12,25/04/16 08:53:00,25/04/16 08:54:09,40,0
90,13,25/04/16 08:54:11,25/04/16 08:55:19,40,0
70,14,25/04/16 08:57:22,25/04/16 08:58:40,40,0
70,15,25/04/16 08:58:41,25/04/16 08:59:50,40,0
70,16,25/04/16 08:59:52,25/04/16 09:01:00,40,0
70,17,25/04/16 09:01:02,25/04/16 09:02:11,40,0
50,18,25/04/16 09:04:03,25/04/16 09:05:21,40,0
50,19,25/04/16 09:05:32,25/04/16 09:08:10,40,1
50,20,25/04/16 09:08:17,25/04/16 09:09:27,40,0
50,21,25/04/16 09:09:30,25/04/16 09:10:38,40,0
30,26,25/04/16 10:19:56,25/04/16 10:23:14,40,2
30,27,25/04/16 10:23:25,25/04/16 10:24:46,40,0
30,28,25/04/16 10:24:59,25/04/16 10:26:12,40,0
30,29,25/04/16 10:27:22,25/04/16 10:28:45,40,0
10,22,25/04/16 10:30:38,25/04/16 10:33:06,40,3
10,23,25/04/16 10:33:08,25/04/16 10:34:20,40,0
10,24,25/04/16 10:55:24,25/04/16 11:02:00,40,2
10,25,25/04/16 11:02:13,25/04/16 11:03:26,40,0
10,30,25/04/16 11:05:57,25/04/16 11:07:10,40,0
30,31,25/04/16 11:09:42,25/04/16 11:14:13,40,4
30,32,25/04/16 11:14:42,25/04/16 11:15:54,40,0
50,33,25/04/16 11:21:17,25/04/16 11:27:07,40,1
70,34,25/04/16 11:27:45,25/04/16 11:29:13,40,0
70,35,25/04/16 12:13:58,25/04/16 12:15:07,40,0
90,36,25/04/16 12:17:28,25/04/16 12:19:59,40,2
90,37,25/04/16 12:20:01,25/04/16 12:21:24,40,0
110,38,25/04/16 12:23:18,25/04/16 12:26:55,40,1
110,39,25/04/16 12:26:59,25/04/16 12:28:13,40,0
110,40,25/04/16 12:28:25,25/04/16 12:29:37,40,0
110,41,25/04/16 12:29:56,25/04/16 12:31:08,40,0
130,42,25/04/16 12:32:44,25/04/16 12:34:12,40,0
130,43,25/04/16 12:34:17,25/04/16 12:35:29,40,0
130,44,25/04/16 12:35:31,25/04/16 12:36:43,40,0
130,45,25/04/16 12:36:45,25/04/16 12:38:32,40,1
150,46,25/04/16 12:39:25,25/04/16 12:40:52,40,0
150,47,25/04/16 12:40:54,25/04/16 12:42:06,40,0
150,48,25/04/16 12:42:08,25/04/16 12:43:20,40,0
150,49,25/04/16 12:43:25,25/04/16 12:44:38,40,0
150,50,25/04/16 15:18:41,25/04/16 15:21:48,40,1
130,51,25/04/16 15:22:09,25/04/16 15:23:39,40,0
130,52,25/04/16 15:23:43,25/04/16 15:24:55,40,0
110,53,25/04/16 15:26:07,25/04/16 15:27:29,40,0
110,54,25/04/16 15:28:01,25/04/16 15:29:42,40,1
90,55,25/04/16 15:34:26,25/04/16 15:35:40,40,1
90,56,25/04/16 15:35:42,25/04/16 15:36:52,40,0
70,57,25/04/16 15:41:15,25/04/16 15:43:49,40,1
70,58,25/04/16 15:43:52,25/04/16 15:45:02,40,0
50,59,25/04/16 15:45:40,25/04/16 15:48:03,40,1
50,60,25/04/16 15:48:28,25/04/16 15:49:37,40,0
50,61,25/04/16 15:49:40,25/04/16 15:50:49,40,0
10,62,25/04/16 15:52:43,25/04/16 15:56:14,40,1
10,63,25/04/16 15:56:17,25/04/16 15:57:30,40,0
10,64,25/04/16 15:57:33,25/04/16 15:58:45,40,0
30,65,25/04/16 15:59:05,25/04/16 16:00:39,40,1
30,66,25/04/16 16:00:41,25/04/16 16:01:53,40,0
9000,2,25/04/17 06:47:24,25/04/17 06:47:37,3,1
9010,3,25/04/17 06:47:40,25/04/17 06:47:47,1,0
30,4,25/04/17 08:20:30,25/04/17 08:27:14,40,1
30,5,25/04/17 08:27:29,25/04/17 08:28:42,40,0
10,6,25/04/17 08:29:13,25/04/17 08:31:00,40,0
70,7,25/04/17 08:35:03,25/04/17 08:38:45,40,1
50,8,25/04/17 08:39:18,25/04/17 08:40:46,40,0
50,9,25/04/17 08:47:47,25/04/17 08:48:56,40,0
50,10,25/04/17 08:48:57,25/04/17 08:50:06,40,0
50,11,25/04/17 08:50:09,25/04/17 08:51:18,40,0
70,12,25/04/17 08:51:46,25/04/17 08:53:09,40,0
70,13,25/04/17 08:53:36,25/04/17 08:54:44,40,0
70,14,25/04/17 08:54:46,25/04/17 08:55:55,40,0
90,15,25/04/17 08:56:17,25/04/17 08:59:12,40,3
90,16,25/04/17 08:59:14,25/04/17 09:00:23,40,0
90,17,25/04/17 09:00:25,25/04/17 09:01:33,40,0
90,18,25/04/17 09:01:37,25/04/17 09:02:45,40,0
110,19,25/04/17 09:05:30,25/04/17 09:08:45,40,1
110,20,25/04/17 09:08:47,25/04/17 09:09:59,40,0
110,21,25/04/17 09:10:01,25/04/17 09:11:14,40,0
110,22,25/04/17 09:11:16,25/04/17 09:12:28,40,0
150,23,25/04/17 09:12:46,25/04/17 09:14:12,40,0
150,24,25/04/17 09:14:16,25/04/17 09:27:48,40,0
150,25,25/04/17 09:27:50,25/04/17 09:29:02,40,0
150,26,25/04/17 09:29:04,25/04/17 09:30:16,40,0
150,27,25/04/17 09:30:18,25/04/17 09:31:30,40,0
130,28,25/04/17 09:31:54,25/04/17 09:34:38,40,1
130,29,25/04/17 09:34:40,25/04/17 09:36:13,40,2
130,30,25/04/17 09:36:15,25/04/17 09:37:27,40,0
130,31,25/04/17 09:37:35,25/04/17 09:41:46,40,1
10,32,25/04/17 11:08:09,25/04/17 11:11:47,40,1
10,33,25/04/17 11:11:55,25/04/17 11:13:08,40,0
10,34,25/04/17 11:13:11,25/04/17 11:14:33,40,0
10,35,25/04/17 11:58:42,25/04/17 12:01:14,40,1
30,36,25/04/17 12:02:46,25/04/17 12:04:17,40,0
30,37,25/04/17 12:05:10,25/04/17 12:07:09,40,1
30,38,25/04/17 12:07:15,25/04/17 12:08:28,40,0
30,39,25/04/17 12:08:30,25/04/17 12:09:42,40,0
50,40,25/04/17 12:13:28,25/04/17 12:17:58,40,1
50,41,25/04/17 12:18:02,25/04/17 12:19:12,40,0
70,42,25/04/17 12:19:53,25/04/17 12:22:19,40,1
70,43,25/04/17 12:22:22,25/04/17 12:23:30,40,0
90,44,25/04/17 12:23:49,25/04/17 12:26:05,40,0
90,45,25/04/17 12:26:08,25/04/17 12:27:16,40,0
110,46,25/04/17 12:28:18,25/04/17 12:32:55,40,1
110,47,25/04/17 12:32:58,25/04/17 12:34:21,40,0
130,48,25/04/17 12:34:41,25/04/17 12:36:08,40,0
130,49,25/04/17 12:37:00,25/04/17 12:38:12,40,0
150,50,25/04/17 12:38:33,25/04/17 12:41:11,40,4
150,51,25/04/17 14:59:04,25/04/17 15:01:10,40,1
150,52,25/04/17 15:01:15,25/04/17 15:02:27,40,0
150,53,25/04/17 15:03:10,25/04/17 15:04:45,40,2
130,54,25/04/17 15:26:05,25/04/17 15:28:53,40,2
130,55,25/04/17 15:28:57,25/04/17 15:30:10,40,0
110,56,25/04/17 15:30:39,25/04/17 15:33:17,40,2
110,57,25/04/17 15:33:20,25/04/17 15:34:33,40,0
90,58,25/04/17 15:35:55,25/04/17 15:38:16,40,1
90,59,25/04/17 15:38:35,25/04/17 15:39:45,40,0
70,60,25/04/17 15:40:06,25/04/17 15:41:36,40,0
70,61,25/04/17 15:41:38,25/04/17 15:42:47,40,0
50,62,25/04/17 15:44:41,25/04/17 15:46:10,40,0
50,63,25/04/17 15:46:20,25/04/17 15:47:28,40,0
9010,2,25/04/21 07:03:06,25/04/21 07:03:17,1,0
9000,3,25/04/21 07:03:39,25/04/21 07:03:45,3,0
10,4,25/04/21 07:29:04,25/04/21 07:33:08,40,1
10,5,25/04/21 07:33:19,25/04/21 07:34:33,40,0
10,6,25/04/21 07:34:36,25/04/21 07:35:48,40,0
10,7,25/04/21 07:35:50,25/04/21 07:37:03,40,0
30,8,25/04/21 07:40:07,25/04/21 07:42:13,40,1
30,9,25/04/21 07:42:17,25/04/21 07:43:30,40,0
30,10,25/04/21 07:43:35,25/04/21 07:44:47,40,0
30,11,25/04/21 07:44:48,25/04/21 07:46:00,40,0
50,12,25/04/21 08:33:03,25/04/21 08:36:17,40,1
50,13,25/04/21 08:36:19,25/04/21 08:37:29,40,0
70,14,25/04/21 08:38:51,25/04/21 08:40:13,40,0
70,15,25/04/21 08:40:14,25/04/21 08:41:23,40,0
70,20,25/04/21 08:41:58,25/04/21 08:43:08,40,0
70,21,25/04/21 08:43:10,25/04/21 08:44:20,40,0
50,22,25/04/21 08:44:46,25/04/21 08:46:10,40,0
50,23,25/04/21 08:46:40,25/04/21 08:47:49,40,0
90,16,25/04/21 08:49:24,25/04/21 08:50:58,40,1
90,17,25/04/21 08:50:59,25/04/21 08:52:08,40,0
90,18,25/04/21 08:52:11,25/04/21 08:53:19,40,0
90,19,25/04/21 08:53:21,25/04/21 08:54:29,40,0
110,24,25/04/21 08:56:37,25/04/21 09:00:31,40,1
110,25,25/04/21 09:00:33,25/04/21 09:01:47,40,0
110,26,25/04/21 09:01:48,25/04/21 09:03:01,40,0
110,27,25/04/21 09:03:02,25/04/21 09:04:15,40,0
130,28,25/04/21 09:06:16,25/04/21 09:08:01,40,2
130,29,25/04/21 09:08:23,25/04/21 09:13:48,40,7
130,30,25/04/21 09:13:49,25/04/21 09:15:02,40,0
130,31,25/04/21 09:15:03,25/04/21 09:16:16,40,0
150,32,25/04/21 09:16:40,25/04/21 09:18:55,40,2
150,33,25/04/21 09:21:23,25/04/21 09:25:33,40,7
150,34,25/04/21 09:25:38,25/04/21 09:26:50,40,0
10,35,25/04/21 09:28:03,25/04/21 09:33:13,40,1
10,36,25/04/21 09:33:15,25/04/21 09:34:28,40,0
10,37,25/04/21 09:34:30,25/04/21 09:35:42,40,0
10,42,25/04/21 12:16:57,25/04/21 12:19:17,40,1
30,38,25/04/21 12:21:18,25/04/21 12:22:57,40,1
30,39,25/04/21 12:23:37,25/04/21 12:24:49,40,0
30,40,25/04/21 12:25:15,25/04/21 12:26:27,40,0
30,41,25/04/21 12:26:29,25/04/21 12:27:41,40,0
150,43,25/04/21 12:29:07,25/04/21 12:32:50,40,1
150,44,25/04/21 12:32:57,25/04/21 12:34:12,40,0
130,45,25/04/21 12:35:36,25/04/21 12:37:03,40,0
130,46,25/04/21 12:37:35,25/04/21 12:38:47,40,0
110,47,25/04/21 12:39:26,25/04/21 12:40:51,40,0
110,48,25/04/21 12:40:52,25/04/21 12:42:05,40,0
90,49,25/04/21 12:42:49,25/04/21 12:45:41,40,1
90,50,25/04/21 12:45:43,25/04/21 12:46:52,40,0
50,51,25/04/21 12:48:39,25/04/21 12:51:07,40,2
50,52,25/04/21 12:51:17,25/04/21 12:52:26,40,0
50,53,25/04/21 13:35:06,25/04/21 13:36:50,40,1
50,54,25/04/21 13:36:52,25/04/21 13:38:02,40,0
70,55,25/04/21 13:40:13,25/04/21 13:42:38,40,2
70,56,25/04/21 13:42:44,25/04/21 13:43:52,40,0
70,57,25/04/21 13:43:54,25/04/21 13:45:03,40,0
70,58,25/04/21 13:45:04,25/04/21 13:46:25,40,0
90,59,25/04/21 13:46:46,25/04/21 13:48:08,40,0
90,60,25/04/21 13:48:09,25/04/21 13:51:09,40,1
110,61,25/04/21 13:52:11,25/04/21 13:55:00,40,1
110,62,25/04/21 13:55:02,25/04/21 13:58:00,40,2
130,63,25/04/21 13:59:46,25/04/21 14:01:12,40,0
130,64,25/04/21 14:01:19,25/04/21 14:02:59,40,2
150,65,25/04/21 14:04:19,25/04/21 14:09:40,40,3
150,66,25/04/21 14:09:54,25/04/21 14:11:06,40,0
10,67,25/04/21 14:13:17,25/04/21 14:16:40,40,1
10,68,25/04/21 14:16:42,25/04/21 14:17:55,40,0
9010,2,25/04/22 07:07:45,25/04/22 07:08:07,1,0
9000,3,25/04/22 07:08:11,25/04/22 07:08:18,3,0
10,4,25/04/22 07:50:10,25/04/22 07:55:22,40,1
10,5,25/04/22 07:55:44,25/04/22 07:56:56,40,0
30,6,25/04/22 07:59:56,25/04/22 08:02:30,40,1
30,7,25/04/22 08:03:42,25/04/22 08:04:55,40,0
30,8,25/04/22 08:04:57,25/04/22 08:06:31,40,0
30,9,25/04/22 08:07:02,25/04/22 08:08:15,40,0
150,10,25/04/22 08:11:40,25/04/22 08:15:01,40,1
150,11,25/04/22 08:15:04,25/04/22 08:16:18,40,0
130,12,25/04/22 08:18:06,25/04/22 08:20:04,40,1
130,13,25/04/22 08:20:43,25/04/22 08:21:56,40,0
110,14,25/04/22 08:23:03,25/04/22 08:24:29,40,0
110,15,25/04/22 08:27:31,25/04/22 08:28:44,40,0
110,16,25/04/22 08:28:46,25/04/22 08:29:59,40,0
110,17,25/04/22 08:30:01,25/04/22 08:31:13,40,0
130,18,25/04/22 08:31:50,25/04/22 08:34:12,40,2
130,19,25/04/22 08:34:14,25/04/22 08:35:26,40,0
150,20,25/04/22 08:37:34,25/04/22 08:39:06,40,1
150,21,25/04/22 08:39:08,25/04/22 08:40:20,40,0
90,22,25/04/22 08:43:23,25/04/22 08:48:08,40,3
90,23,25/04/22 08:48:36,25/04/22 08:49:46,40,0
90,24,25/04/22 08:49:49,25/04/22 08:50:58,40,0
90,25,25/04/22 08:51:08,25/04/22 08:52:17,40,0
70,26,25/04/22 08:54:07,25/04/22 08:55:32,40,0
70,27,25/04/22 08:55:37,25/04/22 08:56:45,40,0
70,28,25/04/22 08:56:47,25/04/22 08:57:56,40,0
70,29,25/04/22 08:58:00,25/04/22 08:59:09,40,0
50,30,25/04/22 09:01:11,25/04/22 09:02:36,40,0
50,31,25/04/22 09:02:38,25/04/22 09:03:47,40,0
50,32,25/04/22 09:03:49,25/04/22 09:04:58,40,0
50,33,25/04/22 09:04:59,25/04/22 09:06:08,40,0
50,34,25/04/22 11:26:18,25/04/22 11:28:12,40,1
70,35,25/04/22 11:28:35,25/04/22 11:30:08,40,0
70,36,25/04/22 12:15:00,25/04/22 12:16:08,40,0
90,37,25/04/22 12:17:12,25/04/22 12:18:34,40,0
90,38,25/04/22 12:18:42,25/04/22 12:19:50,40,0
10,39,25/04/22 12:21:25,25/04/22 12:24:23,40,1
10,40,25/04/22 12:24:27,25/04/22 12:26:14,40,0
10,41,25/04/22 12:26:23,25/04/22 12:27:36,40,0
10,42,25/04/22 12:27:39,25/04/22 12:28:51,40,0
10,43,25/04/22 12:29:01,25/04/22 12:30:13,40,0
30,44,25/04/22 12:31:39,25/04/22 12:33:37,40,1
30,45,25/04/22 12:34:53,25/04/22 12:36:07,40,0
30,46,25/04/22 12:36:09,25/04/22 12:37:22,40,0
30,47,25/04/22 12:37:30,25/04/22 12:38:42,40,0
110,48,25/04/22 12:42:13,25/04/22 12:47:38,40,1
110,49,25/04/22 12:48:10,25/04/22 12:49:23,40,0
110,50,25/04/22 14:10:53,25/04/22 14:14:46,40,2
110,51,25/04/22 14:15:12,25/04/22 14:16:25,40,0
130,52,25/04/22 14:17:02,25/04/22 14:18:24,40,0
130,53,25/04/22 14:18:33,25/04/22 14:19:45,40,0
130,54,25/04/22 14:19:57,25/04/22 14:21:10,40,0
130,55,25/04/22 14:21:27,25/04/22 14:22:39,40,0
150,56,25/04/22 14:25:04,25/04/22 14:27:16,40,1
150,57,25/04/22 14:27:20,25/04/22 14:28:33,40,0
150,58,25/04/22 14:28:35,25/04/22 14:29:47,40,0
150,59,25/04/22 14:29:52,25/04/22 14:31:04,40,0
90,60,25/04/22 14:34:57,25/04/22 14:38:20,40,1
90,61,25/04/22 14:40:34,25/04/22 14:42:56,40,0
90,61,25/04/22 14:43:11,25/04/22 14:44:21,40,0
50,62,25/04/22 14:46:48,25/04/22 14:48:09,40,0
50,63,25/04/22 14:48:12,25/04/22 14:49:21,40,0
50,64,25/04/22 14:49:25,25/04/22 14:50:34,40,0
50,65,25/04/22 14:50:35,25/04/22 14:51:44,40,0
70,66,25/04/22 14:53:24,25/04/22 14:54:43,40,0
70,67,25/04/22 14:54:55,25/04/22 14:56:03,40,0
70,68,25/04/22 14:56:06,25/04/22 14:57:15,40,0
10,69,25/04/22 15:01:05,25/04/22 15:05:19,40,1
10,70,25/04/22 15:07:28,25/04/22 15:08:41,40,0
10,71,25/04/22 15:26:13,25/04/22 15:27:25,40,0
30,72,25/04/22 15:30:27,25/04/22 15:32:28,40,1
30,73,25/04/22 15:32:30,25/04/22 15:36:45,40,1
30,74,25/04/22 15:36:56,25/04/22 15:38:08,40,0
30,75,25/04/22 15:43:15,25/04/22 15:44:27,40,0
10,76,25/04/22 15:46:29,25/04/22 15:48:18,40,0
130,77,25/04/22 15:53:21,25/04/22 15:56:19,40,1
130,78,25/04/22 15:56:36,25/04/22 15:57:50,40,0
9000,2,25/04/22 18:56:24,25/04/22 18:56:37,3,1
9010,3,25/04/22 18:56:50,25/04/22 18:56:56,1,0
130,4,25/04/22 20:23:01,25/04/22 20:29:59,40,1
150,5,25/04/22 20:30:31,25/04/22 20:32:47,40,0
150,6,25/04/22 20:32:55,25/04/22 20:34:09,40,0
150,7,25/04/22 20:34:14,25/04/22 20:35:27,40,0
110,8,25/04/22 20:37:22,25/04/22 20:38:49,40,1
110,9,25/04/22 20:39:55,25/04/22 20:41:08,40,0
110,10,25/04/22 20:41:15,25/04/22 20:42:27,40,0
100,11,25/04/22 20:44:10,25/04/22 20:47:58,40,1
90,12,25/04/22 20:48:01,25/04/22 20:49:10,40,0
90,13,25/04/22 20:49:16,25/04/22 20:50:24,40,0
70,14,25/04/22 20:51:13,25/04/22 20:52:37,40,0
70,15,25/04/22 20:52:58,25/04/22 20:54:07,40,0
80,16,25/04/22 20:54:20,25/04/22 20:55:28,40,0
80,17,25/04/22 20:58:27,25/04/22 20:59:37,40,0
100,18,25/04/22 21:00:12,25/04/22 21:01:34,40,0
60,19,25/04/22 21:03:01,25/04/22 21:04:26,40,0
60,20,25/04/22 21:04:28,25/04/22 21:05:36,40,0
50,21,25/04/22 21:05:41,25/04/22 21:06:49,40,0
50,22,25/04/22 21:06:51,25/04/22 21:08:00,40,0
120,23,25/04/22 21:10:05,25/04/22 21:14:02,40,1
120,24,25/04/22 21:14:04,25/04/22 21:15:22,40,0
140,25,25/04/22 21:17:40,25/04/22 21:21:18,40,3
160,26,25/04/22 21:22:32,25/04/22 21:24:03,40,1
10,27,25/04/22 21:43:23,25/04/22 21:47:25,40,1
20,28,25/04/22 21:48:03,25/04/22 21:49:13,40,0
20,29,25/04/22 21:49:33,25/04/22 21:50:42,40,0
30,30,25/04/22 21:52:49,25/04/22 21:54:29,40,1
40,31,25/04/22 21:54:34,25/04/22 21:55:43,40,0
40,33,25/04/23 01:20:28,25/04/23 01:22:13,40,1
40,34,25/04/23 01:23:27,25/04/23 01:24:37,40,0
20,35,25/04/23 01:25:00,25/04/23 01:26:40,40,0
60,36,25/04/23 01:31:02,25/04/23 01:37:20,40,1
60,37,25/04/23 01:38:56,25/04/23 01:40:06,40,0
80,38,25/04/23 01:40:28,25/04/23 01:41:58,40,0
80,39,25/04/23 01:42:10,25/04/23 01:43:19,40,0
100,40,25/04/23 01:45:29,25/04/23 01:47:00,40,1
100,41,25/04/23 01:47:30,25/04/23 01:48:39,40,0
120,42,25/04/23 01:49:56,25/04/23 01:53:26,40,1
140,43,25/04/23 01:53:49,25/04/23 01:55:23,40,0
140,44,25/04/23 01:55:25,25/04/23 01:56:41,40,0
140,49,25/04/23 01:57:44,25/04/23 01:59:02,40,0
140,50,25/04/23 01:59:04,25/04/23 02:00:21,40,0
160,45,25/04/23 02:01:57,25/04/23 02:03:33,40,1
160,46,25/04/23 02:03:35,25/04/23 02:04:51,40,0
160,47,25/04/23 02:04:53,25/04/23 02:06:09,40,0
160,48,25/04/23 02:06:11,25/04/23 02:07:27,40,0
160,51,25/04/23 03:20:53,25/04/23 03:23:12,40,1
140,52,25/04/23 03:25:25,25/04/23 03:29:23,40,2
120,53,25/04/23 03:30:23,25/04/23 03:31:56,40,0
120,54,25/04/23 03:32:27,25/04/23 03:33:44,40,0
120,55,25/04/23 03:33:45,25/04/23 03:35:02,40,0
100,56,25/04/23 03:36:18,25/04/23 03:42:01,40,2
100,57,25/04/23 03:42:03,25/04/23 03:43:11,40,0
100,58,25/04/23 03:43:14,25/04/23 03:44:38,40,0
80,59,25/04/23 03:46:07,25/04/23 03:47:30,40,1
80,60,25/04/23 03:47:33,25/04/23 03:48:42,40,0
60,61,25/04/23 03:50:02,25/04/23 03:51:50,40,2
60,62,25/04/23 03:52:33,25/04/23 03:53:41,40,0
60,63,25/04/23 03:53:43,25/04/23 03:54:52,40,0
80,64,25/04/23 03:55:16,25/04/23 03:56:39,40,0
20,65,25/04/23 04:00:57,25/04/23 04:04:43,40,1
20,66,25/04/23 04:05:20,25/04/23 04:06:30,40,0
20,67,25/04/23 04:06:33,25/04/23 04:07:41,40,0
20,68,25/04/23 04:07:44,25/04/23 04:08:53,40,0
40,69,25/04/23 04:09:16,25/04/23 04:12:25,40,1
40,70,25/04/23 04:12:28,25/04/23 04:13:38,40,0
40,71,25/04/23 04:13:44,25/04/23 04:16:48,40,0
9010,2,25/04/23 07:07:15,25/04/23 07:07:25,1,0
9000,3,25/04/23 07:07:41,25/04/23 07:07:48,3,0
40,4,25/04/23 08:04:02,25/04/23 08:09:23,40,1
40,5,25/04/23 08:12:25,25/04/23 08:13:34,40,0
20,6,25/04/23 08:15:34,25/04/23 08:16:44,40,0
160,7,25/04/23 08:20:10,25/04/23 08:23:21,40,1
160,8,25/04/23 08:23:25,25/04/23 08:24:42,40,0
140,9,25/04/23 08:26:09,25/04/23 08:27:35,40,0
140,10,25/04/23 08:27:37,25/04/23 08:39:32,40,2
140,11,25/04/23 08:42:19,25/04/23 08:43:36,40,0
160,12,25/04/23 08:44:14,25/04/23 08:47:37,40,1
160,13,25/04/23 08:47:40,25/04/23 08:48:56,40,0
120,14,25/04/23 08:50:24,25/04/23 08:51:54,40,0
120,15,25/04/23 08:51:57,25/04/23 08:53:13,40,0
120,16,25/04/23 08:53:15,25/04/23 08:54:31,40,0
120,17,25/04/23 08:54:36,25/04/23 08:55:53,40,0
100,18,25/04/23 08:56:49,25/04/23 08:59:29,40,1
100,19,25/04/23 08:59:31,25/04/23 09:00:41,40,0
100,20,25/04/23 09:01:28,25/04/23 09:02:37,40,0
60,21,25/04/23 09:03:05,25/04/23 09:04:32,40,0
60,22,25/04/23 09:04:33,25/04/23 09:05:42,40,0
60,23,25/04/23 09:05:44,25/04/23 09:06:52,40,0
80,24,25/04/23 09:08:35,25/04/23 09:11:26,40,1
80,25,25/04/23 09:11:31,25/04/23 09:12:39,40,0
80,26,25/04/23 09:12:41,25/04/23 09:13:50,40,0
80,27,25/04/23 11:20:09,25/04/23 11:22:24,40,0
80,28,25/04/23 11:22:26,25/04/23 11:23:36,40,0
60,29,25/04/23 11:23:59,25/04/23 11:25:24,40,0
60,30,25/04/23 11:25:47,25/04/23 11:26:56,40,0
100,31,25/04/23 11:29:09,25/04/23 12:15:12,40,1
100,32,25/04/23 12:15:16,25/04/23 12:16:24,40,0
20,33,25/04/23 12:20:32,25/04/23 12:26:20,40,1
20,34,25/04/23 12:26:52,25/04/23 12:28:25,40,1
20,35,25/04/23 12:28:29,25/04/23 12:29:39,40,0
40,36,25/04/23 12:31:35,25/04/23 12:32:59,40,1
40,37,25/04/23 12:33:41,25/04/23 12:34:51,40,0
40,38,25/04/23 12:34:56,25/04/23 12:36:06,40,0
40,39,25/04/23 14:00:45,25/04/23 14:02:36,40,2
40,40,25/04/23 14:02:41,25/04/23 14:03:51,40,0
20,41,25/04/23 14:05:41,25/04/23 14:07:42,40,1
20,42,25/04/23 14:07:51,25/04/23 14:09:01,40,0
120,43,25/04/23 14:10:09,25/04/23 14:13:30,40,1
120,44,25/04/23 14:13:59,25/04/23 14:15:17,40,0
120,45,25/04/23 14:15:18,25/04/23 14:16:34,40,0
140,46,25/04/23 14:16:57,25/04/23 14:19:57,40,3
140,47,25/04/23 14:20:12,25/04/23 14:22:37,40,1
140,48,25/04/23 14:22:39,25/04/23 14:23:55,40,0
140,49,25/04/23 14:24:00,25/04/23 14:25:16,40,0
160,50,25/04/23 14:26:30,25/04/23 14:31:16,40,3
160,51,25/04/23 14:31:18,25/04/23 14:32:34,40,0
160,52,25/04/23 14:32:36,25/04/23 14:35:25,40,1
9000,2,25/04/23 19:01:11,25/04/23 19:01:24,3,1
9010,3,25/04/23 19:01:27,25/04/23 19:01:34,1,0
9010,4,25/04/23 19:02:16,25/04/23 19:02:28,1,1
60,4,25/04/23 19:19:16,25/04/23 19:23:59,40,1
60,5,25/04/23 19:24:10,25/04/23 19:25:43,40,0
60,6,25/04/23 19:26:02,25/04/23 19:27:11,40,0
60,7,25/04/23 19:27:22,25/04/23 19:28:30,40,0
80,8,25/04/23 19:29:53,25/04/23 19:31:21,40,1
80,9,25/04/23 19:31:24,25/04/23 19:32:32,40,0
80,10,25/04/23 19:32:44,25/04/23 19:33:53,40,0
80,11,25/04/23 19:33:55,25/04/23 19:35:03,40,0
100,12,25/04/23 19:35:31,25/04/23 19:36:56,40,0
100,13,25/04/23 19:37:41,25/04/23 19:38:50,40,0
100,14,25/04/23 19:38:54,25/04/23 19:40:02,40,0
100,15,25/04/23 19:40:05,25/04/23 19:41:14,40,0
120,16,25/04/23 19:42:58,25/04/23 19:48:13,40,1
120,17,25/04/23 19:48:24,25/04/23 19:49:41,40,0
140,18,25/04/23 19:50:16,25/04/23 19:53:54,40,2
140,19,25/04/23 19:53:58,25/04/23 19:55:14,40,0
160,20,25/04/23 19:55:47,25/04/23 19:57:26,40,0
160,21,25/04/23 19:57:38,25/04/23 19:58:54,40,0
20,22,25/04/23 20:02:08,25/04/23 20:08:12,40,1
20,23,25/04/23 20:08:30,25/04/23 20:09:40,40,0
40,24,25/04/23 20:10:30,25/04/23 20:11:55,40,0
40,25,25/04/23 20:12:07,25/04/23 20:13:16,40,0
40,26,25/04/23 21:41:15,25/04/23 21:42:23,40,0
20,27,25/04/23 21:42:46,25/04/23 21:44:09,40,0
20,28,25/04/23 21:45:12,25/04/23 21:46:21,40,0
160,29,25/04/23 21:53:43,25/04/23 21:57:12,40,1
160,30,25/04/23 21:57:15,25/04/23 21:58:33,40,0
140,31,25/04/23 21:58:53,25/04/23 22:00:29,40,1
140,32,25/04/23 22:00:32,25/04/23 22:01:48,40,0
120,33,25/04/23 22:04:09,25/04/23 22:05:40,40,0
120,34,25/04/23 22:05:44,25/04/23 22:07:00,40,0
120,35,25/04/24 01:10:10,25/04/24 01:11:32,40,1
140,36,25/04/24 01:11:56,25/04/24 01:13:28,40,0
160,37,25/04/24 01:15:45,25/04/24 01:18:59,40,3
100,38,25/04/24 01:21:26,25/04/24 01:35:57,40,1
100,39,25/04/24 01:36:16,25/04/24 01:37:45,40,0
100,40,25/04/24 01:37:50,25/04/24 01:38:58,40,0
80,41,25/04/24 01:39:40,25/04/24 01:41:05,40,0
80,42,25/04/24 01:42:28,25/04/24 01:43:37,40,0
80,43,25/04/24 01:45:32,25/04/24 01:46:41,40,0
60,44,25/04/24 01:47:17,25/04/24 01:48:46,40,0
60,45,25/04/24 01:48:49,25/04/24 01:49:57,40,0
60,46,25/04/24 01:50:08,25/04/24 01:51:16,40,0
20,47,25/04/24 01:54:55,25/04/24 01:58:53,40,1
40,48,25/04/24 02:00:49,25/04/24 02:02:14,40,0
40,49,25/04/24 02:02:25,25/04/24 02:03:33,40,0
40,50,25/04/24 02:04:01,25/04/24 02:05:09,40,0
40,51,25/04/24 02:05:11,25/04/24 02:06:21,40,0
20,52,25/04/24 02:06:57,25/04/24 02:08:29,40,0
20,53,25/04/24 02:08:58,25/04/24 02:10:08,40,0
60,54,25/04/24 02:12:01,25/04/24 02:18:40,40,1
60,55,25/04/24 02:18:51,25/04/24 02:20:00,40,0
80,56,25/04/24 02:20:22,25/04/24 02:21:44,40,0
80,57,25/04/24 02:23:09,25/04/24 02:24:18,40,0
100,58,25/04/24 02:25:25,25/04/24 02:26:50,40,0
100,59,25/04/24 02:27:17,25/04/24 02:28:26,40,0
120,60,25/04/24 02:29:52,25/04/24 02:35:15,40,1
120,61,25/04/24 02:35:17,25/04/24 02:36:34,40,0
140,62,25/04/24 02:37:00,25/04/24 02:38:30,40,0
140,63,25/04/24 02:39:11,25/04/24 02:40:27,40,0
160,64,25/04/24 02:40:50,25/04/24 02:43:01,40,2
160,65,25/04/24 02:43:03,25/04/24 02:44:35,40,1
160,66,25/04/24 05:30:21,25/04/24 05:31:37,40,0
160,67,25/04/24 05:31:42,25/04/24 05:33:08,40,0
140,68,25/04/24 05:33:27,25/04/24 05:35:06,40,0
140,69,25/04/24 05:36:12,25/04/24 05:39:30,40,1
120,70,25/04/24 05:39:58,25/04/24 05:41:26,40,0
120,71,25/04/24 05:42:15,25/04/24 05:44:04,40,1
100,72,25/04/24 05:47:22,25/04/24 05:50:59,40,1
100,73,25/04/24 05:51:03,25/04/24 05:52:12,40,0
60,74,25/04/24 05:52:39,25/04/24 05:56:48,40,1
60,75,25/04/24 05:56:54,25/04/24 05:58:03,40,0
80,76,25/04/24 05:59:54,25/04/24 06:02:55,40,1
9010,2,25/04/24 07:01:12,25/04/24 07:02:16,1,1
9000,3,25/04/24 07:02:20,25/04/24 07:02:26,3,0
20,4,25/04/24 07:45:49,25/04/24 07:50:27,40,1
20,5,25/04/24 07:51:05,25/04/24 07:52:15,40,0
20,6,25/04/24 07:52:43,25/04/24 07:53:53,40,0
20,7,25/04/24 07:54:20,25/04/24 07:55:31,40,0
40,8,25/04/24 07:58:36,25/04/24 08:01:39,40,1
40,9,25/04/24 08:02:05,25/04/24 08:03:14,40,0
40,10,25/04/24 08:03:50,25/04/24 08:05:00,40,0
80,11,25/04/24 08:07:03,25/04/24 08:11:05,40,1
80,12,25/04/24 08:11:08,25/04/24 08:12:18,40,0
80,13,25/04/24 08:12:23,25/04/24 08:13:31,40,0
60,14,25/04/24 08:16:29,25/04/24 08:17:48,40,0
60,15,25/04/24 08:17:52,25/04/24 08:19:01,40,0
100,16,25/04/24 08:21:09,25/04/24 08:22:33,40,0
100,17,25/04/24 08:22:35,25/04/24 08:23:44,40,0
120,18,25/04/24 08:27:01,25/04/24 08:34:26,40,3
120,19,25/04/24 08:35:05,25/04/24 08:36:21,40,0
120,20,25/04/24 08:36:22,25/04/24 08:37:39,40,0
140,21,25/04/24 08:38:01,25/04/24 08:39:30,40,0
140,22,25/04/24 08:40:06,25/04/24 08:41:22,40,0
140,23,25/04/24 08:41:43,25/04/24 08:45:43,40,2
160,24,25/04/24 08:46:29,25/04/24 08:52:30,40,2
160,25,25/04/24 08:52:37,25/04/24 08:53:53,40,0
160,26,25/04/24 08:53:56,25/04/24 08:55:12,40,0
140,27,25/04/24 11:04:04,25/04/24 11:06:41,40,1
140,28,25/04/24 11:06:43,25/04/24 11:08:01,40,0
20,29,25/04/24 11:14:05,25/04/24 11:15:29,40,2
20,30,25/04/24 11:16:20,25/04/24 11:17:30,40,0
20,31,25/04/24 11:17:53,25/04/24 11:19:03,40,0
40,32,25/04/24 11:20:37,25/04/24 11:22:10,40,1
40,33,25/04/24 11:22:32,25/04/24 11:23:42,40,0
40,34,25/04/24 11:23:47,25/04/24 11:24:57,40,0
40,35,25/04/24 11:25:03,25/04/24 11:27:20,40,0
60,36,25/04/24 12:14:37,25/04/24 12:19:21,40,0
60,37,25/04/24 12:19:31,25/04/24 12:20:41,40,0
60,38,25/04/24 12:20:53,25/04/24 12:22:02,40,0
80,39,25/04/24 12:22:24,25/04/24 12:23:56,40,0
80,40,25/04/24 12:24:03,25/04/24 12:25:12,40,0
80,41,25/04/24 12:25:14,25/04/24 12:26:23,40,0
100,42,25/04/24 12:28:42,25/04/24 12:30:03,40,0
100,43,25/04/24 12:30:12,25/04/24 12:31:20,40,0
100,44,25/04/24 12:31:24,25/04/24 12:32:33,40,0
120,45,25/04/24 12:35:30,25/04/24 12:39:27,40,1
120,46,25/04/24 12:39:38,25/04/24 12:40:56,40,0
160,47,25/04/24 12:41:17,25/04/24 12:42:46,40,0
160,48,25/04/24 12:42:48,25/04/24 12:47:44,40,3
160,49,25/04/24 14:36:11,25/04/24 14:37:27,40,0
160,50,25/04/24 14:37:29,25/04/24 14:38:45,40,0
140,51,25/04/24 14:40:13,25/04/24 14:45:45,40,6
140,52,25/04/24 14:45:48,25/04/24 14:47:05,40,0
120,53,25/04/24 14:47:36,25/04/24 14:49:04,40,0
120,54,25/04/24 14:49:06,25/04/24 14:50:22,40,0
100,55,25/04/24 14:52:39,25/04/24 14:55:11,40,1
100,56,25/04/24 14:55:13,25/04/24 14:56:22,40,0
100,57,25/04/24 14:58:17,25/04/24 14:59:26,40,0
60,58,25/04/24 15:00:03,25/04/24 15:01:26,40,0
60,59,25/04/24 15:01:28,25/04/24 15:02:37,40,0
60,60,25/04/24 15:02:38,25/04/24 15:05:19,40,3
80,61,25/04/24 15:07:38,25/04/24 15:09:24,40,1
80,62,25/04/24 15:24:48,25/04/24 15:25:58,40,0
80,63,25/04/24 15:26:00,25/04/24 15:27:09,40,0
20,64,25/04/24 15:29:17,25/04/24 15:32:19,40,1
20,65,25/04/24 15:32:26,25/04/24 15:33:36,40,0
20,66,25/04/24 15:33:42,25/04/24 15:34:52,40,0
40,67,25/04/24 15:36:04,25/04/24 15:37:32,40,1
40,68,25/04/24 15:37:37,25/04/24 15:38:47,40,0
9000,2,25/04/24 19:01:59,25/04/24 19:02:12,3,1
9010,3,25/04/24 19:02:21,25/04/24 19:02:28,1,0
40,4,25/04/24 19:13:23,25/04/24 19:17:23,40,1
40,5,25/04/24 19:17:46,25/04/24 19:18:56,40,0
40,6,25/04/24 19:18:59,25/04/24 19:20:17,40,0
20,7,25/04/24 19:22:23,25/04/24 19:25:05,40,1
20,8,25/04/24 19:25:08,25/04/24 19:26:38,40,0
20,9,25/04/24 19:26:44,25/04/24 19:27:53,40,0
60,10,25/04/24 19:31:07,25/04/24 19:34:56,40,1
60,11,25/04/24 19:35:37,25/04/24 19:36:47,40,0
60,12,25/04/24 19:36:49,25/04/24 19:37:58,40,0
80,13,25/04/24 19:39:26,25/04/24 19:40:54,40,1
80,14,25/04/24 19:40:56,25/04/24 19:42:04,40,0
80,15,25/04/24 19:42:07,25/04/24 19:43:16,40,0
100,17,25/04/24 19:43:54,25/04/24 19:45:19,40,0
100,18,25/04/24 19:45:37,25/04/24 19:46:46,40,0
100,19,25/04/24 19:46:49,25/04/24 19:47:57,40,0
120,20,25/04/24 19:49:30,25/04/24 19:53:11,40,1
120,21,25/04/24 19:53:15,25/04/24 19:54:32,40,0
120,22,25/04/24 19:54:56,25/04/24 19:56:12,40,0
120,23,25/04/24 19:56:14,25/04/24 19:57:30,40,0
140,24,25/04/24 19:57:49,25/04/24 20:00:51,40,1
140,25,25/04/24 20:01:42,25/04/24 20:02:58,40,0
140,26,25/04/24 20:03:00,25/04/24 20:04:16,40,0
140,27,25/04/24 20:04:17,25/04/24 20:05:34,40,0
160,28,25/04/24 20:05:58,25/04/24 20:09:03,40,1
160,29,25/04/24 20:09:05,25/04/24 20:10:21,40,0
160,30,25/04/24 20:10:22,25/04/24 20:11:38,40,0
160,31,25/04/24 20:11:42,25/04/24 20:12:58,40,0
160,32,25/04/24 22:39:50,25/04/24 22:41:51,40,2
140,33,25/04/24 22:42:20,25/04/24 22:44:09,40,1
120,34,25/04/24 22:45:44,25/04/24 22:47:15,40,1
20,35,25/04/24 22:52:23,25/04/24 22:57:26,40,1
20,36,25/04/24 22:58:07,25/04/24 22:59:17,40,0
40,37,25/04/24 23:12:26,25/04/24 23:13:44,40,0
40,38,25/04/24 23:14:07,25/04/24 23:15:52,40,0
40,39,25/04/24 23:16:22,25/04/24 23:17:32,40,0
40,40,25/04/24 23:18:08,25/04/24 23:19:16,40,0
20,41,25/04/24 23:20:01,25/04/24 23:21:36,40,0
20,42,25/04/24 23:22:07,25/04/24 23:23:16,40,0
60,43,25/04/24 23:25:20,25/04/25 00:18:21,40,1
60,44,25/04/25 00:18:27,25/04/25 00:19:37,40,0
60,45,25/04/25 00:19:40,25/04/25 00:20:48,40,0
80,46,25/04/25 00:21:15,25/04/25 00:22:43,40,0
80,47,25/04/25 00:23:29,25/04/25 00:24:37,40,0
80,48,25/04/25 00:25:09,25/04/25 00:26:17,40,0
100,49,25/04/25 00:26:48,25/04/25 00:28:06,40,0
100,50,25/04/25 00:28:12,25/04/25 00:30:16,40,1
100,51,25/04/25 00:30:19,25/04/25 00:31:57,40,2
120,52,25/04/25 00:34:21,25/04/25 00:38:31,40,1
120,53,25/04/25 00:38:43,25/04/25 00:40:01,40,0
140,54,25/04/25 00:41:21,25/04/25 00:43:04,40,1
140,55,25/04/25 00:43:27,25/04/25 00:44:56,40,1
160,56,25/04/25 00:45:22,25/04/25 00:46:52,40,0
160,57,25/04/25 00:46:56,25/04/25 00:48:12,40,0
160,58,25/04/25 03:39:36,25/04/25 03:45:21,40,1
150,59,25/04/25 03:45:23,25/04/25 03:46:37,40,0
150,60,25/04/25 03:46:39,25/04/25 03:47:51,40,0
150,61,25/04/25 03:47:53,25/04/25 03:49:05,40,0
130,62,25/04/25 03:49:39,25/04/25 03:51:20,40,0
130,63,25/04/25 03:51:23,25/04/25 03:53:05,40,2
130,64,25/04/25 03:53:10,25/04/25 03:55:07,40,2
110,65,25/04/25 03:57:20,25/04/25 04:03:17,120,5
110,66,25/04/25 04:03:36,25/04/25 04:05:53,40,4
90,67,25/04/25 04:07:18,25/04/25 04:13:07,40,5
90,68,25/04/25 04:13:52,25/04/25 04:16:33,40,6
70,71,25/04/25 04:17:04,25/04/25 04:18:26,40,0
70,72,25/04/25 04:18:29,25/04/25 04:19:38,40,0
70,73,25/04/25 04:19:42,25/04/25 04:20:51,40,0
70,74,25/04/25 04:20:56,25/04/25 04:22:05,40,0
50,75,25/04/25 04:23:20,25/04/25 04:39:14,40,1
50,76,25/04/25 04:39:21,25/04/25 04:40:30,40,0
50,77,25/04/25 04:40:31,25/04/25 04:41:40,40,0
50,78,25/04/25 04:41:53,25/04/25 04:43:15,40,2
10,79,25/04/25 04:45:25,25/04/25 04:58:10,40,3
10,80,25/04/25 04:58:12,25/04/25 04:59:24,40,0
30,83,25/04/25 05:00:59,25/04/25 05:02:27,40,1
30,84,25/04/25 05:02:29,25/04/25 06:03:43,40,5
30,85,25/04/25 06:03:50,25/04/25 06:09:29,40,7
30,85,25/04/25 06:09:32,25/04/25 06:23:04,36,6
9010,2,25/04/25 07:08:18,25/04/25 07:08:32,1,1
9000,3,25/04/25 07:08:47,25/04/25 07:08:53,3,0
30,4,25/04/25 07:10:21,25/04/25 07:13:47,40,1
10,5,25/04/25 07:15:55,25/04/25 07:18:14,40,1
10,6,25/04/25 07:18:57,25/04/25 07:20:09,40,0
10,7,25/04/25 07:20:13,25/04/25 07:21:25,40,0
90,8,25/04/25 07:22:41,25/04/25 07:25:31,40,1
90,9,25/04/25 07:26:02,25/04/25 07:27:12,40,0
90,10,25/04/25 07:27:14,25/04/25 07:28:23,40,0
90,11,25/04/25 07:28:27,25/04/25 07:29:35,40,0
50,12,25/04/25 07:29:56,25/04/25 07:31:14,40,0
50,13,25/04/25 07:31:23,25/04/25 07:32:33,40,0
70,14,25/04/25 07:34:14,25/04/25 07:35:39,40,1
70,15,25/04/25 07:35:46,25/04/25 07:36:55,40,0
110,16,25/04/25 07:38:18,25/04/25 07:41:30,40,1
110,17,25/04/25 07:41:40,25/04/25 07:42:54,40,0
130,18,25/04/25 07:44:20,25/04/25 07:45:45,40,0
130,19,25/04/25 07:45:47,25/04/25 07:46:59,40,0
130,20,25/04/25 07:47:21,25/04/25 07:48:33,40,0
150,21,25/04/25 07:49:11,25/04/25 07:50:36,40,0
150,22,25/04/25 07:50:38,25/04/25 07:51:51,40,0
150,23,25/04/25 10:00:08,25/04/25 10:01:53,40,1
150,24,25/04/25 10:01:54,25/04/25 10:03:08,40,0
150,25,25/04/25 10:03:33,25/04/25 10:04:46,40,0
130,26,25/04/25 10:05:40,25/04/25 10:07:07,40,0
130,27,25/04/25 10:07:43,25/04/25 10:08:55,40,0
110,28,25/04/25 10:09:22,25/04/25 10:13:08,40,3
110,29,25/04/25 10:13:10,25/04/25 10:14:23,40,0
90,30,25/04/25 10:15:26,25/04/25 10:17:58,40,1
90,31,25/04/25 10:18:00,25/04/25 10:19:10,40,0
90,34,25/04/25 10:19:51,25/04/25 10:23:37,40,1
70,32,25/04/25 10:25:00,25/04/25 10:26:21,40,0
70,33,25/04/25 10:27:26,25/04/25 10:28:34,40,0
70,35,25/04/25 10:28:49,25/04/25 10:29:58,40,0
50,36,25/04/25 10:30:51,25/04/25 10:32:15,40,0
50,37,25/04/25 10:32:16,25/04/25 10:33:25,40,0
50,38,25/04/25 10:33:32,25/04/25 10:34:41,40,0
10,39,25/04/25 10:37:18,25/04/25 10:45:01,40,2
10,40,25/04/25 10:45:05,25/04/25 10:46:17,40,0
10,41,25/04/25 10:46:19,25/04/25 10:47:31,40,0
10,42,25/04/25 10:47:35,25/04/25 10:48:47,40,0
30,42,25/04/25 10:50:09,25/04/25 10:51:11,3,1
30,43,25/04/25 10:52:12,25/04/25 10:53:24,37,1
30,44,25/04/25 10:53:33,25/04/25 10:55:01,40,0
30,45,25/04/25 10:55:17,25/04/25 10:56:29,40,0
30,46,25/04/25 10:56:30,25/04/25 10:57:42,40,0
150,47,25/04/25 11:00:09,25/04/25 11:03:10,40,1
150,48,25/04/25 11:03:26,25/04/25 11:04:40,40,0
130,49,25/04/25 11:05:03,25/04/25 11:06:28,40,0
130,50,25/04/25 11:06:30,25/04/25 11:07:42,40,0
130,51,25/04/25 14:24:49,25/04/25 14:26:07,40,1
150,52,25/04/25 14:26:49,25/04/25 14:30:26,40,3
110,53,25/04/25 14:31:03,25/04/25 14:32:37,40,1
110,54,25/04/25 14:32:43,25/04/25 14:33:55,40,0
110,55,25/04/25 14:34:00,25/04/25 14:35:12,40,0
10,56,25/04/25 14:38:27,25/04/25 14:42:06,40,1
10,57,25/04/25 14:44:17,25/04/25 14:45:35,40,1
30,58,25/04/25 14:50:18,25/04/25 14:52:03,40,6
30,59,25/04/25 14:52:06,25/04/25 14:53:58,40,4
30,60,25/04/25 14:54:04,25/04/25 14:56:41,40,4
90,61,25/04/25 14:58:20,25/04/25 15:07:54,40,12
90,62,25/04/25 15:08:07,25/04/25 15:09:39,40,2
90,63,25/04/25 15:27:35,25/04/25 15:31:51,40,20
70,67,25/04/25 15:33:07,25/04/25 15:34:33,40,1
70,68,25/04/25 15:34:35,25/04/25 15:35:44,40,0
70,69,25/04/25 15:35:45,25/04/25 15:36:54,40,0
70,70,25/04/25 15:36:55,25/04/25 15:38:17,40,2
50,64,25/04/25 15:38:59,25/04/25 15:41:23,40,4
50,65,25/04/25 15:41:27,25/04/25 15:42:36,40,0
50,66,25/04/25 17:06:52,25/04/25 17:09:00,40,1
50,71,25/04/25 17:09:03,25/04/25 17:27:52,40,2
50,72,25/04/25 17:29:10,25/04/25 17:51:15,40,6
130,73,25/04/25 17:57:06,25/04/25 18:19:24,40,8
9000,2,25/04/25 19:00:50,25/04/25 19:01:03,3,1
9010,3,25/04/25 19:01:08,25/04/25 19:01:15,1,0
150,4,25/04/25 19:15:11,25/04/25 19:20:05,40,1
150,5,25/04/25 19:20:12,25/04/25 19:21:25,40,0
150,6,25/04/25 19:21:30,25/04/25 19:22:43,40,0
150,7,25/04/25 19:22:45,25/04/25 19:23:57,40,0
130,8,25/04/25 19:24:43,25/04/25 19:26:09,40,0
130,9,25/04/25 19:26:10,25/04/25 19:27:23,40,0
130,10,25/04/25 19:27:26,25/04/25 19:28:38,40,0
110,11,25/04/25 19:30:25,25/04/25 19:31:51,40,0
110,12,25/04/25 19:31:55,25/04/25 19:33:22,40,1
110,13,25/04/25 20:42:35,25/04/25 20:46:40,40,1
110,14,25/04/25 20:46:43,25/04/25 20:47:56,40,0
90,15,25/04/25 20:51:26,25/04/25 20:56:33,40,1
90,16,25/04/25 20:56:36,25/04/25 20:57:45,40,0
70,18,25/04/25 20:58:33,25/04/25 20:59:59,40,0
70,19,25/04/25 21:00:03,25/04/25 21:01:11,40,0
70,20,25/04/25 21:01:14,25/04/25 21:02:23,40,0
70,21,25/04/25 21:02:25,25/04/25 21:03:33,40,0
50,22,25/04/25 21:05:11,25/04/25 21:06:58,40,1
50,23,25/04/25 21:07:00,25/04/25 21:08:08,40,0
50,24,25/04/25 21:08:11,25/04/25 21:11:57,40,4
90,25,25/04/25 21:12:33,25/04/25 21:13:58,40,0
90,26,25/04/25 21:14:44,25/04/25 21:15:52,40,0
10,27,25/04/25 21:17:46,25/04/25 21:23:56,40,1
10,28,25/04/25 21:23:57,25/04/25 21:37:07,40,0
10,29,25/04/25 21:37:48,25/04/25 21:40:24,40,0
10,30,25/04/25 21:40:27,25/04/25 21:43:56,40,1
10,31,25/04/25 21:43:58,25/04/25 21:45:11,40,0
30,32,25/04/25 21:47:01,25/04/25 21:48:28,40,1
30,33,25/04/25 21:48:29,25/04/25 21:49:41,40,0
30,34,25/04/25 21:49:43,25/04/25 21:50:55,40,0
30,35,25/04/25 21:50:58,25/04/25 21:52:10,40,0
30,36,25/04/25 23:25:17,25/04/25 23:26:29,40,0
30,37,25/04/25 23:26:36,25/04/25 23:27:48,40,0
10,38,25/04/25 23:29:08,25/04/26 00:11:36,40,2
10,39,25/04/26 00:11:38,25/04/26 00:12:51,40,0
110,40,25/04/26 00:16:02,25/04/26 00:21:32,40,1
110,41,25/04/26 00:21:42,25/04/26 00:23:09,40,0
110,42,25/04/26 00:23:11,25/04/26 00:24:24,40,0
110,43,25/04/26 00:24:35,25/04/26 00:25:47,40,0
110,44,25/04/26 00:31:11,25/04/26 00:36:02,40,2
130,45,25/04/26 00:36:21,25/04/26 00:37:43,40,0
130,46,25/04/26 00:37:57,25/04/26 00:39:10,40,0
130,47,25/04/26 00:39:34,25/04/26 00:40:46,40,0
130,48,25/04/26 00:40:49,25/04/26 00:42:01,40,0
130,49,25/04/26 00:42:05,25/04/26 00:51:07,40,1
150,50,25/04/26 00:52:20,25/04/26 00:58:10,40,3
150,51,25/04/26 00:58:12,25/04/26 00:59:26,40,0
150,52,25/04/26 00:59:34,25/04/26 01:00:46,40,0
150,53,25/04/26 01:01:18,25/04/26 01:03:01,40,1
150,54,25/04/26 01:03:04,25/04/26 01:04:18,40,0
90,55,25/04/26 01:06:06,25/04/26 01:09:14,40,1
90,56,25/04/26 01:09:16,25/04/26 01:10:26,40,0
90,57,25/04/26 01:10:39,25/04/26 01:11:48,40,0
70,58,25/04/26 01:12:07,25/04/26 01:13:43,40,1
70,59,25/04/26 01:14:08,25/04/26 01:15:16,40,0
70,60,25/04/26 01:15:18,25/04/26 01:16:26,40,0
50,61,25/04/26 01:16:47,25/04/26 01:19:33,40,1
50,62,25/04/26 01:19:35,25/04/26 01:20:43,40,0
50,63,25/04/26 01:20:46,25/04/26 01:21:55,40,0
50,64,25/04/26 03:44:25,25/04/26 03:53:40,40,1
70,65,25/04/26 03:54:00,25/04/26 03:55:23,40,0
90,66,25/04/26 04:01:30,25/04/26 04:03:00,40,1
90,67,25/04/26 04:03:03,25/04/26 04:04:31,40,0
90,68,25/04/26 04:04:33,25/04/26 04:05:43,40,0
70,69,25/04/26 04:06:03,25/04/26 04:07:26,40,0
70,70,25/04/26 04:07:27,25/04/26 04:08:36,40,0
50,71,25/04/26 04:09:55,25/04/26 04:11:18,40,1
50,72,25/04/26 04:11:30,25/04/26 04:12:44,40,1
110,73,25/04/26 04:14:32,25/04/26 04:18:36,40,1
110,74,25/04/26 04:18:38,25/04/26 04:19:51,40,0
110,75,25/04/26 04:19:53,25/04/26 04:21:06,40,0
150,76,25/04/26 04:21:25,25/04/26 04:22:51,40,0
150,77,25/04/26 04:23:10,25/04/26 04:24:23,40,0
150,78,25/04/26 04:38:21,25/04/26 04:39:33,40,0
150,79,25/04/26 04:39:35,25/04/26 04:40:48,40,0
130,80,25/04/26 04:41:05,25/04/26 04:43:04,40,2
130,81,25/04/26 04:43:35,25/04/26 04:44:47,40,0
130,82,25/04/26 04:44:49,25/04/26 04:46:02,40,0
10,83,25/04/26 04:49:50,25/04/26 04:55:28,40,1
10,84,25/04/26 04:55:34,25/04/26 04:56:47,40,0
10,85,25/04/26 04:57:00,25/04/26 04:58:22,40,0
10,86,25/04/26 04:58:30,25/04/26 04:59:43,40,0
30,87,25/04/26 05:00:26,25/04/26 05:02:25,40,1
30,88,25/04/26 05:02:29,25/04/26 05:04:13,40,0
30,89,25/04/26 05:04:15,25/04/26 05:05:28,40,0
30,90,25/04/26 05:05:31,25/04/26 05:06:43,40,0
9000,2,25/04/28 07:37:26,25/04/28 07:37:40,3,1
9000,2,25/04/28 07:37:49,25/04/28 07:37:55,3,0
9010,3,25/04/28 07:37:58,25/04/28 07:38:04,1,0
30,4,25/04/28 08:52:59,25/04/28 08:59:20,40,1
30,5,25/04/28 08:59:29,25/04/28 09:00:42,40,0
10,6,25/04/28 09:01:17,25/04/28 09:02:47,40,0
50,7,25/04/28 09:07:16,25/04/28 09:12:24,40,1
50,8,25/04/28 09:12:31,25/04/28 09:13:41,40,0
70,9,25/04/28 09:14:05,25/04/28 09:15:30,40,0
70,10,25/04/28 09:15:37,25/04/28 09:16:46,40,0
70,13,25/04/28 09:18:13,25/04/28 09:19:23,40,0
70,14,25/04/28 09:19:26,25/04/28 09:20:36,40,0
50,15,25/04/28 09:20:54,25/04/28 09:22:16,40,0
50,16,25/04/28 09:22:39,25/04/28 09:23:47,40,0
90,17,25/04/28 09:25:57,25/04/28 09:27:25,40,1
90,18,25/04/28 09:27:31,25/04/28 09:28:40,40,0
90,19,25/04/28 09:28:42,25/04/28 09:29:51,40,0
90,20,25/04/28 09:29:55,25/04/28 09:31:04,40,0
110,21,25/04/28 09:33:25,25/04/28 09:38:32,40,1
110,22,25/04/28 09:38:43,25/04/28 09:39:56,40,0
110,23,25/04/28 09:40:05,25/04/28 09:41:17,40,0
110,24,25/04/28 09:41:19,25/04/28 09:42:32,40,0
130,25,25/04/28 09:42:53,25/04/28 09:44:28,40,0
130,26,25/04/28 09:45:15,25/04/28 09:46:27,40,0
130,27,25/04/28 09:46:30,25/04/28 09:47:42,40,0
130,28,25/04/28 09:47:45,25/04/28 09:49:13,40,1
150,29,25/04/28 09:50:56,25/04/28 09:52:31,40,1
150,30,25/04/28 09:52:53,25/04/28 09:54:06,40,0
150,31,25/04/28 09:54:07,25/04/28 09:55:20,40,0
10,32,25/04/28 09:58:39,25/04/28 10:04:20,40,3
10,33,25/04/28 10:04:22,25/04/28 10:05:35,40,0
30,34,25/04/28 10:06:08,25/04/28 10:07:39,40,0
30,35,25/04/28 10:07:47,25/04/28 10:08:59,40,0
30,36,25/04/28 14:17:33,25/04/28 14:21:02,40,1
30,37,25/04/28 14:22:16,25/04/28 14:23:29,40,0
30,38,25/04/28 14:23:33,25/04/28 14:24:45,40,0
30,39,25/04/28 14:24:49,25/04/28 14:26:14,40,0
10,40,25/04/28 14:28:06,25/04/28 14:30:13,40,0
10,41,25/04/28 14:31:07,25/04/28 14:32:20,40,0
10,42,25/04/28 14:32:26,25/04/28 14:34:39,40,1
10,43,25/04/28 14:35:16,25/04/28 14:36:28,40,0
50,44,25/04/28 14:39:20,25/04/28 14:43:39,40,1
70,47,25/04/28 14:44:11,25/04/28 14:45:30,40,0
70,48,25/04/28 14:45:35,25/04/28 14:46:45,40,0
70,49,25/04/28 14:46:49,25/04/28 14:47:58,40,0
70,50,25/04/28 14:47:59,25/04/28 14:49:08,40,0
50,45,25/04/28 14:49:36,25/04/28 14:51:03,40,0
50,46,25/04/28 14:51:05,25/04/28 14:52:13,40,0
90,51,25/04/28 14:55:51,25/04/28 14:57:16,40,0
90,52,25/04/28 14:57:50,25/04/28 14:59:51,40,1
90,53,25/04/28 15:07:43,25/04/28 15:08:53,40,0
90,54,25/04/28 15:08:57,25/04/28 15:10:05,40,0
110,55,25/04/28 15:11:50,25/04/28 15:15:34,40,1
110,56,25/04/28 15:16:24,25/04/28 15:17:57,40,1
110,57,25/04/28 15:18:07,25/04/28 15:19:19,40,0
110,58,25/04/28 15:19:24,25/04/28 15:20:37,40,0
130,59,25/04/28 15:21:01,25/04/28 15:22:30,40,0
130,60,25/04/28 15:22:53,25/04/28 15:24:05,40,0
150,61,25/04/28 15:24:26,25/04/28 15:25:56,40,0
150,62,25/04/28 15:26:02,25/04/28 15:27:15,40,0
9010,2,25/04/28 19:34:58,25/04/28 19:35:11,1,1
9000,3,25/04/28 19:35:28,25/04/28 19:35:35,3,0
150,4,25/04/28 19:37:19,25/04/28 19:40:45,40,1
150,5,25/04/28 19:40:59,25/04/28 19:42:12,40,0
150,6,25/04/28 19:42:16,25/04/28 19:43:28,40,0
130,7,25/04/28 19:45:39,25/04/28 19:47:07,40,1
130,8,25/04/28 19:47:10,25/04/28 19:48:22,40,0
130,9,25/04/28 19:48:30,25/04/28 19:49:44,40,0
130,10,25/04/28 19:49:47,25/04/28 19:51:01,40,0
110,11,25/04/28 19:51:48,25/04/28 19:53:10,40,0
90,12,25/04/28 19:54:45,25/04/28 19:57:27,40,1
50,13,25/04/28 19:59:12,25/04/28 20:01:20,40,1
50,14,25/04/28 20:01:22,25/04/28 20:02:47,40,0
70,15,25/04/28 21:27:58,25/04/28 21:29:21,40,0
70,16,25/04/28 21:29:23,25/04/28 21:30:32,40,0
70,17,25/04/28 21:30:33,25/04/28 21:31:42,40,0
70,18,25/04/28 21:31:44,25/04/28 21:32:53,40,0
50,19,25/04/28 21:33:22,25/04/28 21:34:43,40,0
50,20,25/04/28 21:34:47,25/04/28 21:35:56,40,0
50,21,25/04/28 21:36:04,25/04/28 21:37:13,40,0
90,22,25/04/28 21:37:45,25/04/28 21:39:07,40,0
90,23,25/04/28 21:39:12,25/04/28 21:40:20,40,0
90,24,25/04/28 21:41:07,25/04/28 21:42:15,40,0
10,25,25/04/28 21:44:12,25/04/28 21:48:00,40,2
10,26,25/04/28 21:48:02,25/04/28 21:49:15,40,0
10,27,25/04/28 21:49:17,25/04/28 21:50:29,40,0
10,28,25/04/28 21:50:31,25/04/28 21:51:44,40,0
30,29,25/04/28 21:53:10,25/04/28 21:54:36,40,1
30,30,25/04/28 21:54:38,25/04/28 21:55:50,40,0
30,31,25/04/28 21:55:51,25/04/28 21:57:03,40,0
30,32,25/04/28 23:20:44,25/04/28 23:25:05,43,1
110,33,25/04/28 23:27:25,25/04/28 23:30:07,40,1
110,34,25/04/28 23:30:13,25/04/28 23:31:27,40,0
110,35,25/04/28 23:31:29,25/04/28 23:32:41,40,0
150,36,25/04/28 23:33:38,25/04/28 23:36:22,40,1
150,37,25/04/28 23:36:24,25/04/28 23:37:37,40,0
150,38,25/04/28 23:38:28,25/04/28 23:39:40,40,0
150,39,25/04/28 23:39:42,25/04/28 23:40:54,40,0
150,40,25/04/28 23:40:56,25/04/28 23:42:08,40,0
130,41,25/04/28 23:43:25,25/04/28 23:46:04,40,2
130,42,25/04/28 23:46:06,25/04/28 23:47:18,40,0
130,43,25/04/28 23:47:20,25/04/28 23:48:32,40,0
130,44,25/04/28 23:48:34,25/04/28 23:49:46,40,0
110,45,25/04/28 23:50:06,25/04/28 23:51:32,40,0
110,46,25/04/28 23:51:39,25/04/28 23:52:52,40,0
10,47,25/04/28 23:54:53,25/04/28 23:58:12,40,1
10,47,25/04/28 23:58:13,25/04/29 00:01:34,36,0
30,49,25/04/29 00:02:45,25/04/29 00:04:26,40,1
30,50,25/04/29 00:04:37,25/04/29 00:06:39,40,1
70,51,25/04/29 02:24:40,25/04/29 02:29:09,40,1
70,52,25/04/29 02:29:11,25/04/29 02:30:21,40,0
70,53,25/04/29 02:30:27,25/04/29 02:31:36,40,0
70,54,25/04/29 02:31:37,25/04/29 02:32:46,40,0
50,55,25/04/29 02:34:07,25/04/29 02:35:44,40,3
50,56,25/04/29 02:35:45,25/04/29 02:36:54,40,0
50,57,25/04/29 02:36:56,25/04/29 02:39:12,40,4
50,58,25/04/29 02:39:16,25/04/29 02:40:25,40,0
90,59,25/04/29 02:40:51,25/04/29 05:09:58,40,40
90,60,25/04/29 05:12:31,25/04/29 05:14:33,40,1
90,61,25/04/29 05:15:04,25/04/29 05:16:14,40,0
90,62,25/04/29 05:16:54,25/04/29 05:18:05,40,0
10,63,25/04/29 05:22:03,25/04/29 05:27:00,40,1
10,64,25/04/29 05:28:28,25/04/29 05:32:39,40,1
30,65,25/04/29 05:33:46,25/04/29 05:36:36,40,1
30,66,25/04/29 05:36:40,25/04/29 05:37:51,40,0
9000,2,25/04/29 07:15:39,25/04/29 07:15:52,3,1
9010,3,25/04/29 07:15:55,25/04/29 07:16:01,1,0
30,4,25/04/29 07:40:14,25/04/29 07:45:13,40,2
10,5,25/04/29 07:48:02,25/04/29 07:52:32,40,1
10,6,25/04/29 07:53:30,25/04/29 07:54:45,40,0
50,7,25/04/29 07:57:32,25/04/29 08:00:20,40,1
50,8,25/04/29 08:00:37,25/04/29 08:01:47,40,0
70,9,25/04/29 08:03:50,25/04/29 08:05:13,40,1
70,10,25/04/29 08:05:15,25/04/29 08:06:23,40,0
90,11,25/04/29 08:06:54,25/04/29 08:09:00,40,1
90,12,25/04/29 08:09:34,25/04/29 08:12:25,40,2
110,13,25/04/29 08:14:18,25/04/29 08:17:33,40,1
110,14,25/04/29 08:17:55,25/04/29 08:19:08,40,0
110,15,25/04/29 08:19:10,25/04/29 08:22:22,40,1
110,16,25/04/29 08:22:25,25/04/29 08:23:37,40,0
130,17,25/04/29 08:24:14,25/04/29 08:25:42,40,0
130,18,25/04/29 08:25:43,25/04/29 08:26:56,40,0
130,19,25/04/29 08:27:22,25/04/29 08:29:17,40,0
130,20,25/04/29 08:29:20,25/04/29 08:30:34,40,0
150,21,25/04/29 08:32:25,25/04/29 08:34:13,40,2
150,22,25/04/29 08:34:16,25/04/29 08:35:28,40,0
150,23,25/04/29 08:35:30,25/04/29 08:36:42,40,0
150,24,25/04/29 08:36:45,25/04/29 08:37:57,40,0
150,25,25/04/29 10:08:29,25/04/29 10:11:53,40,1
150,26,25/04/29 10:12:00,25/04/29 10:13:13,40,0
110,27,25/04/29 10:15:09,25/04/29 10:16:40,40,1
110,28,25/04/29 10:16:42,25/04/29 10:17:54,40,0
130,29,25/04/29 10:18:16,25/04/29 10:29:47,40,0
130,30,25/04/29 10:29:53,25/04/29 10:31:20,40,1
90,31,25/04/29 10:34:06,25/04/29 10:37:59,40,1
90,32,25/04/29 10:38:04,25/04/29 10:39:13,40,0
50,33,25/04/29 10:39:40,25/04/29 10:41:09,40,0
50,34,25/04/29 10:41:25,25/04/29 10:42:34,40,0
70,35,25/04/29 10:44:45,25/04/29 10:46:24,40,1
70,36,25/04/29 10:46:42,25/04/29 10:47:51,40,0
30,37,25/04/29 10:53:03,25/04/29 10:57:20,40,1
30,38,25/04/29 10:57:58,25/04/29 10:59:11,40,0
30,39,25/04/29 10:59:50,25/04/29 11:01:03,40,0
10,40,25/04/29 11:01:43,25/04/29 11:03:10,40,0
10,41,25/04/29 11:05:51,25/04/29 11:07:13,40,0
10,42,25/04/29 13:27:24,25/04/29 14:11:22,40,1
10,43,25/04/29 14:11:37,25/04/29 14:14:19,40,1
10,44,25/04/29 14:14:21,25/04/29 14:15:33,40,0
30,45,25/04/29 14:16:04,25/04/29 14:20:19,40,1
30,46,25/04/29 14:20:41,25/04/29 14:24:42,40,1
50,47,25/04/29 14:26:53,25/04/29 14:30:08,40,3
50,48,25/04/29 14:30:18,25/04/29 14:31:26,40,0
50,49,25/04/29 14:32:01,25/04/29 14:33:09,40,0
50,50,25/04/29 14:33:14,25/04/29 14:34:23,40,0
70,51,25/04/29 14:34:43,25/04/29 14:37:32,40,6
70,52,25/04/29 14:37:38,25/04/29 14:39:16,40,4
70,53,25/04/29 14:39:17,25/04/29 14:40:39,40,2
70,54,25/04/29 14:40:41,25/04/29 14:42:33,40,6
90,55,25/04/29 14:42:59,25/04/29 14:44:21,40,0
90,56,25/04/29 14:44:38,25/04/29 14:47:39,40,0
90,57,25/04/29 14:47:57,25/04/29 14:49:06,40,0
90,58,25/04/29 14:49:09,25/04/29 14:50:19,40,0
110,59,25/04/29 14:53:39,25/04/29 14:57:46,40,1
110,60,25/04/29 14:57:54,25/04/29 14:59:08,40,0
110,61,25/04/29 14:59:09,25/04/29 15:00:22,40,0
110,62,25/04/29 15:00:24,25/04/29 15:01:36,40,0
130,63,25/04/29 15:01:56,25/04/29 15:03:25,40,0
130,64,25/04/29 15:03:29,25/04/29 15:04:41,40,0
130,65,25/04/29 15:04:51,25/04/29 15:06:03,40,0
130,66,25/04/29 15:06:57,25/04/29 15:10:51,40,0
150,67,25/04/29 15:12:16,25/04/29 15:14:46,40,3
150,68,25/04/29 15:14:52,25/04/29 15:16:04,40,0
150,69,25/04/29 15:16:12,25/04/29 15:17:53,40,4
9010,2,25/04/29 19:35:45,25/04/29 19:35:56,1,0
9000,3,25/04/29 19:36:01,25/04/29 19:36:07,3,0
150,4,25/04/29 19:37:38,25/04/29 19:40:50,40,1
150,5,25/04/29 20:26:52,25/04/29 21:14:22,40,1
150,7,25/04/29 21:14:42,25/04/29 21:15:55,40,0
150,8,25/04/29 21:16:02,25/04/29 21:17:27,40,0
150,9,25/04/29 21:17:36,25/04/29 21:18:48,40,0
130,10,25/04/29 21:19:25,25/04/29 21:20:52,40,0
130,11,25/04/29 21:21:03,25/04/29 21:22:16,40,0
130,12,25/04/29 21:22:17,25/04/29 21:23:30,40,0
130,13,25/04/29 21:23:33,25/04/29 21:24:45,40,0
110,14,25/04/29 21:25:09,25/04/29 21:26:34,40,0
110,15,25/04/29 21:30:13,25/04/29 21:31:26,40,0
110,16,25/04/29 21:32:01,25/04/29 21:33:13,40,0
110,17,25/04/29 21:33:23,25/04/29 21:34:35,40,0
90,18,25/04/29 21:35:14,25/04/29 21:38:24,40,1
90,19,25/04/29 21:38:47,25/04/29 21:39:56,40,0
90,20,25/04/29 21:39:59,25/04/29 21:41:07,40,0
90,21,25/04/29 21:41:09,25/04/29 21:42:17,40,0
70,22,25/04/29 21:42:55,25/04/29 21:44:16,40,0
70,23,25/04/29 21:44:38,25/04/29 21:45:46,40,0
70,24,25/04/29 21:45:54,25/04/29 21:47:03,40,0
70,25,25/04/29 21:47:05,25/04/29 21:48:13,40,0
50,26,25/04/29 21:48:37,25/04/29 21:49:59,40,0
50,27,25/04/29 21:50:02,25/04/29 21:51:24,40,0
50,28,25/04/29 21:51:26,25/04/29 21:52:36,40,0
50,29,25/04/29 21:52:56,25/04/29 21:54:04,40,0
50,30,25/04/30 00:12:35,25/04/30 01:02:26,40,4
50,31,25/04/30 01:02:51,25/04/30 01:04:01,40,0
70,32,25/04/30 01:04:38,25/04/30 01:06:03,40,0
70,33,25/04/30 01:06:36,25/04/30 01:07:44,40,0
90,34,25/04/30 01:08:09,25/04/30 01:09:47,40,2
90,35,25/04/30 01:10:53,25/04/30 01:12:02,40,0
110,36,25/04/30 01:12:55,25/04/30 01:15:46,40,1
110,37,25/04/30 01:15:48,25/04/30 01:17:02,40,0
130,38,25/04/30 01:17:34,25/04/30 01:19:00,40,0
130,39,25/04/30 01:19:21,25/04/30 01:20:33,40,0
150,40,25/04/30 01:23:50,25/04/30 01:25:16,40,1
150,41,25/04/30 01:26:15,25/04/30 01:27:28,40,0
150,42,25/04/30 01:34:41,25/04/30 01:35:54,40,0
150,43,25/04/30 01:35:56,25/04/30 01:37:09,40,0
130,44,25/04/30 01:37:32,25/04/30 01:38:59,40,0
130,45,25/04/30 01:39:25,25/04/30 01:40:37,40,0
10,46,25/04/30 01:43:18,25/04/30 01:47:28,40,0
10,47,25/04/30 01:47:29,25/04/30 01:49:36,40,3
10,48,25/04/30 01:49:38,25/04/30 01:50:50,40,0
10,49,25/04/30 01:50:52,25/04/30 01:52:04,40,0
30,50,25/04/30 01:53:41,25/04/30 01:55:51,40,0
30,51,25/04/30 01:55:54,25/04/30 01:57:05,40,0
30,52,25/04/30 01:57:15,25/04/30 01:58:27,40,0
30,53,25/04/30 01:58:30,25/04/30 01:59:42,40,0
30,54,25/04/30 01:59:44,25/04/30 02:00:55,40,0
50,55,25/04/30 02:06:57,25/04/30 02:10:42,40,1
50,56,25/04/30 02:11:22,25/04/30 02:12:32,40,0
70,57,25/04/30 02:13:08,25/04/30 02:14:30,40,0
70,58,25/04/30 02:14:31,25/04/30 02:17:29,40,1
9000,2,25/04/30 07:24:01,25/04/30 07:24:14,3,1
9010,3,25/04/30 07:24:27,25/04/30 07:24:34,1,0
90,4,25/04/30 08:39:52,25/04/30 08:45:01,40,1
90,5,25/04/30 08:45:02,25/04/30 08:46:12,40,0
90,6,25/04/30 08:46:16,25/04/30 08:47:25,40,0
90,7,25/04/30 08:47:30,25/04/30 08:48:38,40,0
70,8,25/04/30 08:49:02,25/04/30 08:50:28,40,0
70,9,25/04/30 08:53:10,25/04/30 08:54:18,40,0
50,9,25/04/30 08:56:14,25/04/30 09:01:39,27,1
110,12,25/04/30 09:04:42,25/04/30 09:08:35,40,1
110,13,25/04/30 09:08:52,25/04/30 09:10:19,40,1
110,14,25/04/30 09:10:22,25/04/30 09:11:34,40,0
110,15,25/04/30 09:11:43,25/04/30 09:12:56,40,0
130,15,25/04/30 09:18:03,25/04/30 09:18:42,1,0
130,15,25/04/30 09:19:01,25/04/30 09:19:30,1,0
130,15,25/04/30 09:19:43,25/04/30 09:20:17,1,0
130,16,25/04/30 09:22:32,25/04/30 09:24:17,40,0
130,17,25/04/30 09:24:22,25/04/30 09:25:34,40,0
130,18,25/04/30 09:26:30,25/04/30 09:27:42,40,0
130,19,25/04/30 09:27:45,25/04/30 09:28:58,40,0
150,20,25/04/30 09:30:32,25/04/30 09:33:54,40,4
150,21,25/04/30 09:34:07,25/04/30 09:35:19,40,0
150,22,25/04/30 09:35:23,25/04/30 09:37:52,40,0
150,23,25/04/30 09:38:02,25/04/30 09:39:14,40,0
110,24,25/04/30 09:39:48,25/04/30 09:41:15,40,0
10,25,25/04/30 09:44:44,25/04/30 09:51:45,40,2
10,26,25/04/30 09:52:00,25/04/30 09:53:12,40,0
10,27,25/04/30 09:54:03,25/04/30 09:55:26,40,0
10,28,25/04/30 09:55:28,25/04/30 09:56:41,40,0
30,29,25/04/30 09:58:20,25/04/30 10:00:28,40,2
30,30,25/04/30 10:00:42,25/04/30 10:01:54,40,0
30,31,25/04/30 10:05:39,25/04/30 10:06:51,40,0
30,32,25/04/30 10:07:03,25/04/30 10:08:15,40,0
50,33,25/04/30 10:11:53,25/04/30 10:35:16,40,1
50,34,25/04/30 10:35:30,25/04/30 10:37:56,80,0
50,35,25/04/30 10:38:01,25/04/30 10:39:09,40,0
90,36,25/04/30 10:39:40,25/04/30 10:41:04,40,0
70,37,25/04/30 10:42:20,25/04/30 10:44:00,40,1
70,38,25/04/30 10:44:02,25/04/30 10:45:10,40,0
70,37,25/04/30 13:54:04,25/04/30 13:57:19,3,1
70,39,25/04/30 13:57:37,25/04/30 13:58:47,40,0
70,40,25/04/30 13:59:23,25/04/30 14:00:33,40,0
70,41,25/04/30 14:00:35,25/04/30 14:01:57,40,1
70,42,25/04/30 14:01:59,25/04/30 14:03:08,40,0
50,43,25/04/30 14:03:28,25/04/30 14:04:51,40,0
50,44,25/04/30 14:05:07,25/04/30 14:08:39,40,1
50,45,25/04/30 14:08:41,25/04/30 14:09:51,40,0
50,46,25/04/30 14:10:31,25/04/30 14:11:40,40,0
90,47,25/04/30 14:15:51,25/04/30 14:20:12,40,1
90,48,25/04/30 14:20:17,25/04/30 14:21:26,40,0
90,49,25/04/30 14:21:34,25/04/30 14:22:43,40,0
90,50,25/04/30 14:22:47,25/04/30 14:23:55,40,0
90,51,25/04/30 14:23:57,25/04/30 14:25:05,40,0
10,52,25/04/30 14:26:42,25/04/30 14:31:01,40,1
10,53,25/04/30 14:31:18,25/04/30 14:32:31,40,0
30,54,25/04/30 14:34:04,25/04/30 14:37:42,80,1
30,55,25/04/30 14:37:45,25/04/30 14:38:57,40,0
110,56,25/04/30 14:40:10,25/04/30 14:44:24,40,1
110,57,25/04/30 14:44:48,25/04/30 14:46:02,40,0
110,58,25/04/30 14:47:13,25/04/30 14:48:31,40,1
110,59,25/04/30 14:48:33,25/04/30 14:49:46,40,0
110,60,25/04/30 14:53:47,25/04/30 14:59:14,40,1
130,61,25/04/30 14:59:54,25/04/30 15:01:22,40,0
130,62,25/04/30 15:01:25,25/04/30 15:02:37,40,0
130,63,25/04/30 15:02:48,25/04/30 15:04:00,40,0
130,64,25/04/30 15:04:05,25/04/30 15:06:03,40,1
150,65,25/04/30 15:06:24,25/04/30 15:07:50,40,0
150,66,25/04/30 15:07:52,25/04/30 15:09:05,40,0
150,67,25/04/30 15:09:22,25/04/30 15:10:34,40,0
9010,2,25/04/30 19:41:23,25/04/30 19:41:37,1,1
9000,3,25/04/30 19:41:53,25/04/30 19:41:59,3,0
10,4,25/04/30 19:46:33,25/04/30 19:50:12,40,1
10,5,25/04/30 19:50:36,25/04/30 19:51:49,40,0
10,6,25/04/30 19:51:51,25/04/30 19:53:03,40,0
10,7,25/04/30 19:53:13,25/04/30 19:54:25,40,0
30,8,25/04/30 19:56:12,25/04/30 19:57:39,40,1
30,9,25/04/30 19:57:50,25/04/30 19:59:02,40,0
30,10,25/04/30 19:59:07,25/04/30 20:00:19,40,0
150,11,25/04/30 20:01:41,25/04/30 20:05:44,40,1
150,12,25/04/30 20:05:46,25/04/30 20:06:59,40,0
150,13,25/04/30 20:07:27,25/04/30 20:08:40,40,0
130,14,25/04/30 20:09:18,25/04/30 20:10:44,40,0
130,15,25/04/30 20:10:46,25/04/30 20:11:58,40,0
70,16,25/04/30 22:10:39,25/04/30 22:13:24,40,1
70,17,25/04/30 22:13:27,25/04/30 22:14:36,40,0
70,18,25/04/30 22:14:38,25/04/30 22:15:47,40,0
70,19,25/04/30 22:15:53,25/04/30 22:17:01,40,0
50,20,25/04/30 22:17:50,25/04/30 22:19:12,40,0
50,21,25/04/30 22:19:26,25/04/30 22:20:34,40,0
50,22,25/04/30 22:20:39,25/04/30 22:21:08,15,0
50,22,25/04/30 22:21:34,25/04/30 22:22:43,40,0
90,23,25/04/30 22:23:59,25/04/30 22:28:05,40,1
90,24,25/04/30 22:28:08,25/04/30 22:29:17,40,0
90,25,25/04/30 22:29:19,25/04/30 22:30:28,40,0
90,26,25/04/30 22:30:29,25/04/30 22:31:38,40,0
110,27,25/04/30 22:32:26,25/04/30 22:34:38,40,1
110,28,25/04/30 22:34:46,25/04/30 22:36:00,40,0
110,29,25/04/30 22:36:14,25/04/30 22:37:26,40,0
110,30,25/04/30 22:37:28,25/04/30 22:38:40,40,0
130,31,25/04/30 22:39:25,25/04/30 22:40:53,40,0
130,32,25/04/30 22:41:15,25/04/30 22:42:28,40,0
150,33,25/04/30 22:42:56,25/04/30 22:46:00,40,2
150,34,25/04/30 22:46:02,25/04/30 22:47:15,40,0
150,35,25/05/01 00:13:30,25/05/01 00:15:35,40,1
150,36,25/05/01 00:56:52,25/05/01 00:58:29,40,0
10,37,25/05/01 00:59:59,25/05/01 01:05:14,40,2
10,38,25/05/01 01:05:22,25/05/01 01:06:35,40,0
10,39,25/05/01 01:06:37,25/05/01 01:07:48,40,0
10,40,25/05/01 01:07:51,25/05/01 01:09:02,40,0
30,41,25/05/01 01:09:55,25/05/01 01:12:11,40,2
30,42,25/05/01 01:12:13,25/05/01 01:13:25,40,0
30,43,25/05/01 01:13:27,25/05/01 01:14:39,40,0
30,44,25/05/01 01:14:42,25/05/01 01:15:54,40,0
50,45,25/05/01 01:19:01,25/05/01 01:22:48,40,1
50,46,25/05/01 01:23:04,25/05/01 01:24:14,40,0
50,47,25/05/01 01:24:15,25/05/01 01:25:24,40,0
70,48,25/05/01 01:26:29,25/05/01 01:27:50,40,0
70,49,25/05/01 01:27:52,25/05/01 01:29:01,40,0
70,50,25/05/01 02:08:36,25/05/01 02:10:05,40,0
70,51,25/05/01 02:10:07,25/05/01 02:11:17,40,0
90,52,25/05/01 02:12:17,25/05/01 02:14:14,40,1
90,53,25/05/01 02:14:16,25/05/01 02:15:24,40,0
90,54,25/05/01 02:15:26,25/05/01 02:16:34,40,0
90,55,25/05/01 02:16:36,25/05/01 02:17:45,40,0
110,56,25/05/01 02:19:03,25/05/01 02:21:46,40,1
110,57,25/05/01 02:21:50,25/05/01 02:23:03,40,0
110,58,25/05/01 02:23:31,25/05/01 02:24:44,40,0
130,59,25/05/01 02:25:11,25/05/01 02:26:33,40,0
130,60,25/05/01 02:26:40,25/05/01 02:27:52,40,0
130,61,25/05/01 02:28:13,25/05/01 02:29:26,40,0
130,62,25/05/01 02:30:11,25/05/01 02:31:24,40,0
150,63,25/05/01 02:34:04,25/05/01 02:35:29,40,0
150,64,25/05/01 02:35:31,25/05/01 02:36:43,40,0
10,65,25/05/01 02:40:38,25/05/01 02:44:14,40,1
10,66,25/05/01 02:44:16,25/05/01 02:45:29,40,0
9000,2,25/05/02 07:21:22,25/05/02 07:21:35,3,1
9010,3,25/05/02 07:21:40,25/05/02 07:21:47,1,0
150,4,25/05/02 09:32:14,25/05/02 09:36:56,40,0
150,5,25/05/02 09:54:14,25/05/02 09:55:29,40,1
150,6,25/05/02 09:55:32,25/05/02 09:56:45,40,0
150,7,25/05/02 09:56:48,25/05/02 09:58:01,40,0
110,8,25/05/02 09:59:36,25/05/02 10:01:06,40,0
110,9,25/05/02 10:01:39,25/05/02 10:02:52,40,0
110,10,25/05/02 10:03:00,25/05/02 10:04:27,40,0
110,11,25/05/02 10:04:31,25/05/02 10:05:45,40,0
130,12,25/05/02 10:06:02,25/05/02 10:07:57,40,2
130,13,25/05/02 10:08:00,25/05/02 10:09:13,40,0
130,14,25/05/02 10:09:16,25/05/02 10:10:29,40,0
130,15,25/05/02 10:14:56,25/05/02 10:16:09,40,0
70,16,25/05/02 10:19:04,25/05/02 10:23:47,40,1
70,17,25/05/02 10:23:50,25/05/02 10:24:59,40,0
70,18,25/05/02 10:25:02,25/05/02 10:26:10,40,0
70,19,25/05/02 10:26:22,25/05/02 10:27:31,40,0
50,20,25/05/02 10:28:53,25/05/02 10:30:41,40,2
50,21,25/05/02 10:30:42,25/05/02 10:31:51,40,0
50,22,25/05/02 10:32:04,25/05/02 10:33:13,40,0
50,23,25/05/02 10:33:15,25/05/02 10:34:23,40,0
90,24,25/05/02 10:34:45,25/05/02 10:36:06,40,0
90,25,25/05/02 10:36:08,25/05/02 10:37:17,40,0
90,26,25/05/02 10:37:21,25/05/02 10:38:29,40,0
90,27,25/05/02 10:38:31,25/05/02 10:39:39,40,0
90,28,25/05/02 13:45:17,25/05/02 13:49:48,40,1
50,29,25/05/02 13:50:11,25/05/02 13:51:34,40,0
50,30,25/05/02 13:51:37,25/05/02 13:52:46,40,0
70,31,25/05/02 13:54:16,25/05/02 13:55:47,40,1
110,32,25/05/02 13:57:22,25/05/02 14:01:24,40,1
110,33,25/05/02 14:02:24,25/05/02 14:03:38,40,0
130,34,25/05/02 14:05:05,25/05/02 14:09:58,40,3
150,35,25/05/02 14:11:56,25/05/02 14:13:28,40,1
10,36,25/05/02 14:20:50,25/05/02 14:27:58,40,1
10,37,25/05/02 14:28:09,25/05/02 14:29:21,40,0
30,38,25/05/02 14:30:19,25/05/02 14:31:45,40,0
30,39,25/05/02 14:31:47,25/05/02 14:32:59,40,0
30,40,25/05/02 16:12:01,25/05/02 16:43:11,40,1
30,41,25/05/02 16:43:13,25/05/02 16:44:25,40,0
10,42,25/05/02 16:45:12,25/05/02 16:46:40,40,0
10,43,25/05/02 16:46:50,25/05/02 16:48:59,40,1
110,44,25/05/02 16:50:55,25/05/02 16:54:52,40,1
110,45,25/05/02 16:55:24,25/05/02 16:56:38,40,0
130,46,25/05/02 16:56:58,25/05/02 16:58:20,40,0
130,47,25/05/02 16:58:32,25/05/02 16:59:44,40,0
130,48,25/05/02 16:59:46,25/05/02 17:00:58,40,0
150,49,25/05/02 17:02:18,25/05/02 17:03:46,40,0
150,50,25/05/02 17:03:48,25/05/02 17:05:01,40,0
9010,2,25/05/02 19:33:35,25/05/02 19:34:30,1,4
9000,3,25/05/02 19:34:35,25/05/02 19:34:41,3,0
90,4,25/05/02 19:35:50,25/05/02 19:40:15,40,1
90,5,25/05/02 19:40:30,25/05/02 19:41:40,40,0
90,6,25/05/02 19:41:42,25/05/02 19:42:50,40,0
90,7,25/05/02 19:43:05,25/05/02 19:44:14,40,0
50,8,25/05/02 19:44:32,25/05/02 19:45:50,40,0
50,9,25/05/02 19:45:58,25/05/02 19:47:07,40,0
50,10,25/05/02 19:47:16,25/05/02 19:48:24,40,0
50,10,25/05/02 19:48:26,25/05/02 19:49:24,29,0
50,11,25/05/02 19:49:48,25/05/02 19:50:12,11,0
70,12,25/05/02 19:51:51,25/05/02 19:53:18,40,1
110,13,25/05/02 19:55:10,25/05/02 19:57:54,40,1
110,14,25/05/02 19:58:12,25/05/02 19:59:26,40,0
110,15,25/05/02 19:59:28,25/05/02 20:00:40,40,0
130,16,25/05/02 20:00:58,25/05/02 20:03:17,40,1
130,17,25/05/02 20:03:19,25/05/02 20:04:31,40,0
150,18,25/05/02 20:05:14,25/05/02 20:08:18,40,1
150,19,25/05/02 20:08:20,25/05/02 20:09:32,40,0
150,20,25/05/02 20:09:34,25/05/02 20:10:46,40,0
10,21,25/05/02 20:11:41,25/05/02 20:16:34,40,1
10,22,25/05/02 20:16:39,25/05/02 20:17:51,40,0
10,23,25/05/02 22:06:43,25/05/02 22:10:40,40,1
10,24,25/05/02 22:10:51,25/05/02 22:13:16,40,0
10,25,25/05/02 22:15:07,25/05/02 22:16:33,40,1
30,26,25/05/02 22:17:33,25/05/02 22:20:00,40,0
30,27,25/05/02 23:00:18,25/05/02 23:03:21,40,1
30,28,25/05/02 23:03:23,25/05/02 23:04:37,40,0
30,29,25/05/02 23:04:38,25/05/02 23:05:50,40,0
30,30,25/05/02 23:05:52,25/05/02 23:07:04,40,0
70,31,25/05/02 23:09:44,25/05/02 23:14:59,40,1
70,32,25/05/02 23:15:01,25/05/02 23:16:11,40,0
70,33,25/05/02 23:16:13,25/05/02 23:17:21,40,0
50,34,25/05/02 23:19:30,25/05/02 23:21:13,40,2
50,35,25/05/02 23:22:49,25/05/02 23:23:57,40,0
90,36,25/05/02 23:24:19,25/05/02 23:27:26,40,0
90,37,25/05/02 23:27:33,25/05/02 23:28:42,40,0
90,38,25/05/02 23:28:44,25/05/02 23:29:53,40,0
110,39,25/05/02 23:30:42,25/05/02 23:35:04,40,1
130,40,25/05/02 23:37:04,25/05/02 23:38:42,40,1
130,41,25/05/02 23:39:26,25/05/02 23:42:18,40,3
130,42,25/05/02 23:42:22,25/05/02 23:43:35,40,0
130,43,25/05/02 23:43:36,25/05/02 23:44:49,40,0
150,44,25/05/02 23:46:02,25/05/02 23:47:48,40,2
150,45,25/05/02 23:48:01,25/05/02 23:49:13,40,0
150,46,25/05/02 23:49:20,25/05/02 23:50:33,40,0
150,47,25/05/02 23:50:34,25/05/02 23:51:47,40,0
110,48,25/05/02 23:52:35,25/05/02 23:54:00,40,0
110,49,25/05/02 23:54:08,25/05/02 23:55:20,40,0
110,50,25/05/02 23:55:22,25/05/02 23:56:34,40,0
90,51,25/05/02 23:57:33,25/05/03 00:00:02,40,1
90,52,25/05/03 00:00:04,25/05/03 00:01:13,40,0
50,53,25/05/03 00:01:31,25/05/03 00:03:42,40,1
50,53,25/05/03 00:03:53,25/05/03 02:37:06,20,9
50,53,25/05/03 02:37:22,25/05/03 02:41:18,25,3
50,53,25/05/03 02:42:49,25/05/03 02:46:44,22,3
50,53,25/05/03 02:47:15,25/05/03 02:48:47,18,1
50,55,25/05/03 02:48:54,25/05/03 02:50:04,40,0
90,57,25/05/03 02:50:45,25/05/03 02:52:07,40,0
90,58,25/05/03 02:52:09,25/05/03 02:53:18,40,0
70,58,25/05/03 02:53:41,25/05/03 02:56:29,21,6
70,59,25/05/03 03:04:41,25/05/03 03:05:17,20,14
70,60,25/05/03 03:05:48,25/05/03 03:08:14,40,5
70,61,25/05/03 03:08:39,25/05/03 03:09:53,40,1
70,62,25/05/03 03:09:55,25/05/03 03:11:04,40,0
10,63,25/05/03 03:14:03,25/05/03 03:17:56,40,1
10,64,25/05/03 03:18:09,25/05/03 03:19:23,40,0
10,65,25/05/03 03:19:56,25/05/03 03:21:08,40,0
10,66,25/05/03 03:21:24,25/05/03 03:22:37,40,0
30,67,25/05/03 03:25:50,25/05/03 03:28:58,40,7
9000,2,25/05/03 07:21:00,25/05/03 07:21:57,3,2
9010,3,25/05/03 07:21:59,25/05/03 07:22:06,1,0
130,4,25/05/03 07:37:22,25/05/03 07:42:58,40,1
130,5,25/05/03 07:43:27,25/05/03 07:44:57,40,0
130,6,25/05/03 07:45:09,25/05/03 07:46:23,40,0
130,7,25/05/03 07:46:43,25/05/03 07:47:55,40,0
150,8,25/05/03 07:49:34,25/05/03 07:58:42,40,4
150,9,25/05/03 08:00:15,25/05/03 08:06:17,40,0
150,10,25/05/03 08:06:20,25/05/03 08:07:32,40,0
150,11,25/05/03 08:07:34,25/05/03 08:08:47,40,0
110,12,25/05/03 08:09:31,25/05/03 08:12:14,40,1
110,13,25/05/03 08:12:44,25/05/03 08:13:56,40,0
110,14,25/05/03 08:14:01,25/05/03 08:15:13,40,0
90,15,25/05/03 10:02:09,25/05/03 10:07:36,40,1
90,16,25/05/03 10:07:46,25/05/03 10:08:55,40,0
90,17,25/05/03 10:09:03,25/05/03 10:10:12,40,0
100,18,25/05/03 10:10:27,25/05/03 10:11:37,40,0
70,19,25/05/03 10:12:15,25/05/03 10:13:34,40,0
70,20,25/05/03 10:13:36,25/05/03 10:14:44,40,0
70,21,25/05/03 10:14:47,25/05/03 10:15:56,40,0
80,22,25/05/03 10:16:01,25/05/03 10:18:01,40,0
50,23,25/05/03 10:30:16,25/05/03 10:31:43,40,1
50,24,25/05/03 10:31:45,25/05/03 10:32:53,40,0
50,25,25/05/03 10:33:26,25/05/03 10:34:34,40,0
60,26,25/05/03 10:34:48,25/05/03 10:35:57,40,0
10,26,25/05/03 11:33:28,25/05/03 11:38:36,1,1
10,27,25/05/03 11:38:58,25/05/03 11:40:13,40,0
10,28,25/05/03 11:40:20,25/05/03 11:43:57,40,1
10,29,25/05/03 11:44:14,25/05/03 11:45:40,40,1
10,30,25/05/03 11:46:03,25/05/03 11:47:25,40,0
20,31,25/05/03 11:47:27,25/05/03 11:48:57,40,0
20,32,25/05/03 11:49:02,25/05/03 11:50:11,40,0
40,33,25/05/03 11:51:57,25/05/03 11:54:36,40,2
40,34,25/05/03 11:54:37,25/05/03 11:58:28,40,1
40,35,25/05/03 11:58:31,25/05/03 11:59:41,40,0
30,36,25/05/03 11:59:44,25/05/03 12:00:56,40,0
30,37,25/05/03 12:01:00,25/05/03 12:02:12,40,0
30,38,25/05/03 12:02:21,25/05/03 12:03:34,40,0
160,39,25/05/03 12:07:34,25/05/03 12:11:07,40,1
160,40,25/05/03 12:11:11,25/05/03 12:12:28,40,0
150,41,25/05/03 12:12:30,25/05/03 12:13:43,40,0
140,42,25/05/03 12:15:41,25/05/03 12:17:16,40,1
140,43,25/05/03 12:17:18,25/05/03 12:20:16,40,0
140,44,25/05/03 12:20:26,25/05/03 12:21:42,40,0
130,45,25/05/03 12:21:46,25/05/03 12:22:59,40,0
120,46,25/05/03 12:23:26,25/05/03 12:24:59,40,0
120,47,25/05/03 12:25:06,25/05/03 12:26:22,40,0
120,48,25/05/03 12:26:27,25/05/03 12:27:43,40,0
110,49,25/05/03 12:27:49,25/05/03 12:29:02,40,0
110,50,25/05/03 12:29:04,25/05/03 13:09:53,40,1
9000,51,25/05/03 13:54:38,25/05/03 13:54:48,3,3
100,52,25/05/03 13:58:02,25/05/03 14:03:16,40,3
100,53,25/05/03 14:03:19,25/05/03 14:05:05,40,2
100,54,25/05/03 15:39:19,25/05/03 15:40:29,40,0
100,54,25/05/03 15:41:09,25/05/03 15:44:13,39,4
80,56,25/05/03 15:45:29,25/05/03 16:20:40,40,11
9010,2,25/05/03 19:19:29,25/05/03 19:33:23,1,1
9000,3,25/05/03 19:33:56,25/05/03 19:34:02,3,0
80,4,25/05/03 21:23:07,25/05/03 21:26:01,40,1
80,5,25/05/03 21:26:49,25/05/03 21:27:59,40,0
80,6,25/05/03 21:28:01,25/05/03 21:29:10,40,0
80,7,25/05/03 21:29:15,25/05/03 21:30:23,40,0
100,8,25/05/03 21:31:31,25/05/03 21:32:52,40,0
100,9,25/05/03 21:33:04,25/05/03 21:34:13,40,0
100,10,25/05/03 21:34:15,25/05/03 21:35:24,40,0
60,11,25/05/03 21:36:40,25/05/03 21:38:17,40,2
60,12,25/05/03 21:38:40,25/05/03 21:39:49,40,0
60,13,25/05/03 21:39:59,25/05/03 21:41:08,40,0
60,14,25/05/03 21:41:23,25/05/03 21:42:32,40,0
20,15,25/05/03 21:43:56,25/05/03 21:46:36,40,1
20,16,25/05/03 21:46:38,25/05/03 21:47:48,40,0
20,17,25/05/03 21:47:53,25/05/03 21:49:02,40,0
20,18,25/05/03 21:49:06,25/05/03 21:50:15,40,0
40,19,25/05/03 21:52:05,25/05/03 21:53:27,40,0
40,20,25/05/03 21:53:28,25/05/03 21:54:37,40,0
40,21,25/05/03 21:54:39,25/05/03 21:55:48,40,0
120,22,25/05/04 01:01:05,25/05/04 01:04:15,40,1
120,23,25/05/04 01:04:17,25/05/04 01:05:34,40,0
120,24,25/05/04 01:05:36,25/05/04 01:06:52,40,0
120,25,25/05/04 01:06:54,25/05/04 01:08:11,40,0
140,26,25/05/04 01:09:45,25/05/04 01:13:57,40,3
140,27,25/05/04 01:13:59,25/05/04 01:17:14,40,1
140,28,25/05/04 01:17:20,25/05/04 01:19:35,40,1
160,29,25/05/04 01:19:55,25/05/04 01:21:26,40,0
160,30,25/05/04 01:21:53,25/05/04 01:23:09,40,0
160,31,25/05/04 01:23:14,25/05/04 01:24:31,40,0
60,32,25/05/04 01:30:58,25/05/04 01:32:07,40,1
80,33,25/05/04 01:33:03,25/05/04 01:34:26,40,0
80,34,25/05/04 01:34:48,25/05/04 01:35:56,40,0
100,35,25/05/04 01:36:31,25/05/04 01:37:53,40,0
100,36,25/05/04 01:38:33,25/05/04 01:39:43,40,0
100,37,25/05/04 02:17:59,25/05/04 02:19:13,40,1
100,38,25/05/04 02:19:15,25/05/04 02:20:23,40,0
80,39,25/05/04 02:20:55,25/05/04 02:22:16,40,0
80,40,25/05/04 02:22:47,25/05/04 02:23:56,40,0
60,41,25/05/04 02:24:59,25/05/04 02:26:19,40,0
60,42,25/05/04 02:26:21,25/05/04 02:27:30,40,0
20,43,25/05/04 02:30:51,25/05/04 02:34:22,40,1
20,44,25/05/04 02:34:48,25/05/04 02:35:57,40,0
20,45,25/05/04 02:35:59,25/05/04 02:37:08,40,0
40,46,25/05/04 02:38:09,25/05/04 02:39:32,40,0
40,47,25/05/04 02:39:37,25/05/04 02:40:45,40,0
40,48,25/05/04 02:40:47,25/05/04 02:41:56,40,0
40,49,25/05/04 02:42:03,25/05/04 02:43:12,40,0
140,50,25/05/04 02:46:15,25/05/04 02:49:23,40,1
140,51,25/05/04 02:49:32,25/05/04 02:50:49,40,0
160,52,25/05/04 02:51:18,25/05/04 02:54:11,40,3
160,53,25/05/04 02:54:15,25/05/04 02:55:31,40,0
9010,2,25/05/05 07:19:09,25/05/05 07:19:20,1,0
9000,3,25/05/05 07:19:33,25/05/05 07:19:49,3,0
160,4,25/05/05 08:30:40,25/05/05 08:35:17,40,1
160,5,25/05/05 08:35:31,25/05/05 08:36:49,40,0
140,6,25/05/05 08:37:19,25/05/05 08:38:54,40,0
140,7,25/05/05 08:39:34,25/05/05 08:40:52,40,0
120,8,25/05/05 08:41:20,25/05/05 08:42:50,40,0
120,9,25/05/05 08:42:55,25/05/05 08:44:13,40,0
120,10,25/05/05 08:44:19,25/05/05 08:45:50,40,0
120,11,25/05/05 08:45:56,25/05/05 08:47:14,40,0
100,12,25/05/05 08:48:38,25/05/05 08:51:15,40,1
100,13,25/05/05 08:51:56,25/05/05 08:53:06,40,0
60,14,25/05/05 08:57:02,25/05/05 09:00:51,40,1
60,15,25/05/05 09:01:26,25/05/05 09:02:36,40,0
80,16,25/05/05 09:03:50,25/05/05 09:06:21,40,1
80,17,25/05/05 09:06:32,25/05/05 09:07:41,40,0
80,18,25/05/05 09:09:33,25/05/05 09:10:42,40,0
60,19,25/05/05 09:11:08,25/05/05 09:17:37,40,1
100,20,25/05/05 09:18:10,25/05/05 09:19:33,40,0
20,21,25/05/05 09:21:40,25/05/05 09:30:25,40,2
20,22,25/05/05 09:30:49,25/05/05 09:31:59,40,0
20,23,25/05/05 09:32:25,25/05/05 09:33:34,40,0
20,24,25/05/05 09:34:17,25/05/05 09:35:26,40,0
40,25,25/05/05 09:36:16,25/05/05 09:39:43,40,1
40,26,25/05/05 09:39:51,25/05/05 09:41:53,40,0
40,27,25/05/05 09:42:42,25/05/05 09:44:14,41,0
160,28,25/05/05 09:46:33,25/05/05 09:49:30,40,1
160,29,25/05/05 09:49:33,25/05/05 09:51:13,40,1
160,29,25/05/05 10:13:01,25/05/05 10:14:50,3,3
160,28,25/05/05 11:10:38,25/05/05 11:12:49,0,0
160,29,25/05/05 11:13:05,25/05/05 11:14:27,40,1
140,30,25/05/05 11:15:24,25/05/05 11:16:50,40,0
140,31,25/05/05 11:16:59,25/05/05 11:18:32,40,0
140,32,25/05/05 11:19:03,25/05/05 11:24:18,40,0
120,33,25/05/05 11:25:33,25/05/05 11:27:18,40,0
120,34,25/05/05 11:27:26,25/05/05 11:28:44,40,0
120,35,25/05/05 11:28:51,25/05/05 11:30:09,40,0
100,36,25/05/05 11:32:29,25/05/05 11:35:36,40,1
100,37,25/05/05 11:36:03,25/05/05 11:37:40,40,0
60,38,25/05/05 11:39:47,25/05/05 11:41:16,40,1
60,39,25/05/05 11:41:18,25/05/05 11:42:27,40,0
80,40,25/05/05 11:43:51,25/05/05 11:45:12,40,0
80,41,25/05/05 11:46:04,25/05/05 11:47:13,40,0
20,42,25/05/05 11:48:11,25/05/05 11:53:42,40,1
20,43,25/05/05 11:53:57,25/05/05 11:55:07,40,0
40,44,25/05/05 11:55:32,25/05/05 11:56:53,40,0
40,45,25/05/05 11:56:55,25/05/05 11:58:04,40,0
40,46,25/05/05 13:41:15,25/05/05 13:42:32,40,0
40,47,25/05/05 13:42:34,25/05/05 13:45:01,40,0
20,48,25/05/05 13:45:24,25/05/05 13:46:46,40,0
160,49,25/05/05 13:50:31,25/05/05 13:55:59,40,3
160,50,25/05/05 13:56:35,25/05/05 13:57:52,40,0
140,51,25/05/05 13:59:14,25/05/05 14:00:40,40,0
140,52,25/05/05 14:00:42,25/05/05 14:01:58,40,0
120,53,25/05/05 14:07:44,25/05/05 14:13:26,40,3
120,54,25/05/05 14:13:32,25/05/05 14:14:49,40,0
100,55,25/05/05 14:16:02,25/05/05 14:18:34,40,1
100,56,25/05/05 14:18:36,25/05/05 14:19:46,40,0
50,57,25/05/05 14:20:43,25/05/05 14:22:06,40,0
60,58,25/05/05 14:22:08,25/05/05 14:23:16,40,0
60,59,25/05/05 14:23:18,25/05/05 14:24:26,40,0
9000,2,25/05/05 19:33:11,25/05/05 19:33:24,3,1
9010,3,25/05/05 19:33:26,25/05/05 19:33:33,1,0
50,4,25/05/05 21:12:21,25/05/05 21:16:56,40,1
50,5,25/05/05 21:17:19,25/05/05 21:19:41,40,0
110,13,25/05/05 22:17:28,25/05/05 22:23:54,40,1
130,14,25/05/05 22:28:58,25/05/05 22:30:25,40,0
150,15,25/05/05 22:30:42,25/05/05 22:33:24,40,1
150,16,25/05/05 22:45:44,25/05/05 22:47:02,40,1
150,16,25/05/05 22:49:15,25/05/05 22:50:08,3,0
150,17,25/05/05 22:52:36,25/05/05 22:53:50,40,0
150,18,25/05/05 22:54:33,25/05/05 22:55:47,40,0
130,19,25/05/05 22:58:17,25/05/05 23:08:51,40,3
130,20,25/05/05 23:08:53,25/05/05 23:11:30,40,0
130,21,25/05/05 23:11:34,25/05/05 23:12:47,40,0
130,22,25/05/05 23:12:54,25/05/05 23:14:06,40,0
110,23,25/05/05 23:17:33,25/05/05 23:19:01,40,0
110,24,25/05/05 23:19:03,25/05/05 23:20:15,40,0
110,25,25/05/05 23:20:18,25/05/05 23:21:31,40,0
110,26,25/05/06 01:38:56,25/05/06 01:45:12,40,1
110,27,25/05/06 01:45:14,25/05/06 01:46:28,40,0
110,28,25/05/06 01:49:27,25/05/06 01:50:40,40,0
130,29,25/05/06 01:51:32,25/05/06 01:53:00,40,0
130,30,25/05/06 01:53:02,25/05/06 01:54:15,40,0
130,31,25/05/06 01:54:20,25/05/06 01:55:33,40,0
150,32,25/05/06 01:58:06,25/05/06 01:59:42,40,1
150,33,25/05/06 01:59:44,25/05/06 02:00:57,40,0
150,34,25/05/06 02:01:02,25/05/06 02:02:14,40,0
90,35,25/05/06 02:04:55,25/05/06 02:09:22,40,1
90,36,25/05/06 02:11:03,25/05/06 02:12:12,40,0
90,37,25/05/06 02:13:17,25/05/06 02:14:26,40,0
90,38,25/05/06 02:14:29,25/05/06 02:15:37,40,0
70,43,25/05/06 02:18:07,25/05/06 02:19:38,40,1
70,44,25/05/06 02:20:20,25/05/06 02:21:28,40,0
70,45,25/05/06 02:22:10,25/05/06 02:23:18,40,0
70,46,25/05/06 02:33:28,25/05/06 02:34:37,40,0
50,47,25/05/06 02:35:58,25/05/06 02:38:21,40,1
50,48,25/05/06 02:38:30,25/05/06 02:39:39,40,0
50,49,25/05/06 02:41:10,25/05/06 02:42:19,40,0
50,50,25/05/06 02:42:24,25/05/06 02:43:32,40,0
10,51,25/05/06 02:48:27,25/05/06 02:54:03,40,1
10,52,25/05/06 02:54:22,25/05/06 02:55:35,40,0
10,53,25/05/06 02:55:45,25/05/06 02:56:57,40,0
10,54,25/05/06 02:57:00,25/05/06 03:02:02,40,4
30,55,25/05/06 03:03:51,25/05/06 03:05:56,40,2
30,56,25/05/06 03:05:58,25/05/06 03:07:09,40,0
30,57,25/05/06 03:07:14,25/05/06 03:08:25,40,0
30,58,25/05/06 03:08:28,25/05/06 03:09:40,40,0
9010,2,25/05/06 07:17:01,25/05/06 07:17:12,1,0
9000,3,25/05/06 07:17:27,25/05/06 07:17:43,3,0
30,4,25/05/06 08:39:27,25/05/06 08:42:42,40,1
30,5,25/05/06 08:42:52,25/05/06 08:44:06,40,0
10,6,25/05/06 08:44:54,25/05/06 08:48:43,40,2
10,7,25/05/06 08:49:10,25/05/06 08:52:13,41,1
150,8,25/05/06 08:54:53,25/05/06 08:59:12,40,2
150,9,25/05/06 08:59:21,25/05/06 09:00:35,40,0
150,9,25/05/06 09:09:39,25/05/06 09:53:55,0,0
150,9,25/05/06 10:53:36,25/05/06 10:56:02,0,0
150,9,25/05/06 11:12:14,25/05/06 11:14:13,0,0
150,9,25/05/06 11:32:07,25/05/06 11:33:56,0,0
150,10,25/05/06 11:34:16,25/05/06 11:40:46,40,1
150,11,25/05/06 11:41:42,25/05/06 11:42:56,40,0
110,12,25/05/06 11:44:21,25/05/06 11:46:00,40,2
110,13,25/05/06 11:46:15,25/05/06 11:47:28,40,0
110,18,25/05/06 11:47:56,25/05/06 11:49:09,40,0
110,19,25/05/06 11:49:31,25/05/06 11:50:44,40,0
150,20,25/05/06 11:51:05,25/05/06 11:52:33,40,0
150,21,25/05/06 11:53:03,25/05/06 11:54:16,40,0
130,14,25/05/06 11:54:48,25/05/06 11:56:13,40,0
130,15,25/05/06 11:56:15,25/05/06 11:57:27,40,0
130,16,25/05/06 11:58:07,25/05/06 11:59:19,40,0
130,17,25/05/06 11:59:39,25/05/06 12:00:51,40,0
70,22,25/05/06 12:02:06,25/05/06 12:05:12,40,1
70,23,25/05/06 12:05:14,25/05/06 12:06:23,40,0
70,24,25/05/06 12:06:25,25/05/06 12:07:33,40,0
70,25,25/05/06 12:07:35,25/05/06 12:08:44,40,0
90,26,25/05/06 12:09:07,25/05/06 12:10:27,40,0
90,27,25/05/06 12:10:31,25/05/06 12:11:39,40,0
90,28,25/05/06 12:11:42,25/05/06 12:12:51,40,0
90,29,25/05/06 12:12:52,25/05/06 12:14:01,40,0
50,30,25/05/06 12:15:26,25/05/06 12:17:56,40,1
50,31,25/05/06 12:18:01,25/05/06 12:19:10,40,0
50,32,25/05/06 12:19:19,25/05/06 12:20:27,40,0
50,33,25/05/06 14:13:52,25/05/06 14:22:05,40,4
50,34,25/05/06 14:22:09,25/05/06 14:23:17,40,0
50,35,25/05/06 14:23:23,25/05/06 14:24:39,40,0
90,36,25/05/06 14:25:25,25/05/06 14:26:47,40,0
90,37,25/05/06 14:26:55,25/05/06 14:28:03,40,0
70,38,25/05/06 14:29:49,25/05/06 14:31:07,40,0
70,39,25/05/06 14:32:06,25/05/06 14:33:15,40,0
110,40,25/05/06 14:36:29,25/05/06 14:41:09,40,1
110,41,25/05/06 14:41:45,25/05/06 14:42:59,40,0
130,42,25/05/06 14:44:19,25/05/06 14:45:56,40,0
130,43,25/05/06 14:45:58,25/05/06 14:47:10,40,0
150,44,25/05/06 14:48:50,25/05/06 14:51:16,40,2
150,45,25/05/06 14:51:39,25/05/06 14:53:24,40,0
30,46,25/05/06 14:56:09,25/05/06 14:59:11,40,1
30,47,25/05/06 15:00:05,25/05/06 15:01:18,40,0
10,48,25/05/06 15:03:12,25/05/06 15:04:36,40,0
9000,2,25/05/06 19:33:23,25/05/06 19:33:37,3,1
9010,3,25/05/06 19:33:40,25/05/06 19:33:47,1,0
9010,4,25/05/06 19:34:05,25/05/06 19:34:16,1,1
9010,5,25/05/06 19:34:31,25/05/06 19:34:42,1,1
10,4,25/05/06 20:46:32,25/05/06 21:02:45,40,1
10,5,25/05/06 21:02:56,25/05/06 21:04:23,40,1
10,6,25/05/06 21:04:47,25/05/06 21:05:59,40,0
30,7,25/05/06 21:06:41,25/05/06 21:08:10,40,0
30,8,25/05/06 21:09:16,25/05/06 21:10:28,40,0
30,9,25/05/06 21:10:31,25/05/06 21:11:43,40,0
30,10,25/05/06 21:11:45,25/05/06 21:12:57,40,0
10,11,25/05/06 21:13:23,25/05/06 21:14:51,40,0
10,12,25/05/06 21:14:53,25/05/06 21:16:05,40,0
50,13,25/05/06 21:21:31,25/05/06 21:29:08,40,3
50,14,25/05/06 21:29:40,25/05/06 21:31:06,40,0
50,15,25/05/06 21:31:10,25/05/06 21:32:33,40,1
50,16,25/05/06 21:32:35,25/05/06 21:35:07,40,1
70,17,25/05/06 21:35:29,25/05/06 21:37:26,40,0
70,18,25/05/06 21:37:38,25/05/06 21:38:47,40,0
70,19,25/05/06 21:38:56,25/05/06 21:40:05,40,0
70,20,25/05/06 21:40:06,25/05/06 21:41:15,40,0
90,21,25/05/06 21:41:44,25/05/06 21:43:15,40,0
90,22,25/05/06 21:43:19,25/05/06 21:44:28,40,0
90,23,25/05/06 21:44:33,25/05/06 21:45:41,40,0
90,24,25/05/06 21:45:44,25/05/06 21:46:53,40,0
110,25,25/05/06 21:48:32,25/05/06 21:52:53,40,1
110,26,25/05/06 21:53:04,25/05/06 21:54:17,40,0
110,27,25/05/06 21:54:19,25/05/06 21:55:46,40,0
110,28,25/05/06 21:55:54,25/05/06 21:57:07,40,0
130,29,25/05/06 21:58:39,25/05/06 22:01:08,40,2
130,30,25/05/06 22:01:17,25/05/06 22:02:29,40,0
130,31,25/05/06 22:02:31,25/05/06 22:03:44,40,0
150,32,25/05/06 22:04:09,25/05/06 22:21:22,40,1
150,33,25/05/06 22:21:24,25/05/06 22:22:36,40,0
150,34,25/05/06 22:22:39,25/05/06 22:23:52,40,0
150,35,25/05/07 00:28:02,25/05/07 01:16:52,40,1
150,36,25/05/07 01:17:01,25/05/07 01:18:13,40,0
150,37,25/05/07 01:18:46,25/05/07 01:19:58,40,0
130,38,25/05/07 01:20:42,25/05/07 01:22:17,40,0
130,39,25/05/07 01:22:34,25/05/07 01:34:15,40,0
130,40,25/05/07 01:34:20,25/05/07 01:35:33,40,0
110,41,25/05/07 01:38:19,25/05/07 01:41:18,40,1
110,42,25/05/07 01:42:41,25/05/07 01:45:21,80,0
90,43,25/05/07 01:48:36,25/05/07 01:53:42,40,0
90,44,25/05/07 01:55:29,25/05/07 01:56:39,40,0
90,45,25/05/07 01:56:41,25/05/07 01:57:49,40,0
70,46,25/05/07 01:59:38,25/05/07 02:01:01,40,1
70,47,25/05/07 02:02:55,25/05/07 02:05:13,80,0
70,48,25/05/07 02:05:14,25/05/07 02:06:23,40,0
50,49,25/05/07 02:08:26,25/05/07 02:09:57,40,0
50,50,25/05/07 02:09:59,25/05/07 02:12:17,40,0
50,51,25/05/07 02:12:43,25/05/07 02:13:52,40,0
50,52,25/05/07 02:14:00,25/05/07 02:17:12,40,2
90,53,25/05/07 02:19:10,25/05/07 02:20:28,40,0
10,54,25/05/07 02:26:01,25/05/07 02:30:20,40,1
10,55,25/05/07 02:30:24,25/05/07 02:31:37,40,0
10,56,25/05/07 02:31:41,25/05/07 02:32:53,40,0
10,57,25/05/07 02:32:55,25/05/07 02:34:06,40,0
30,58,25/05/07 02:36:38,25/05/07 02:38:17,40,1
30,59,25/05/07 02:38:51,25/05/07 02:40:03,40,0
30,60,25/05/07 02:40:37,25/05/07 02:41:49,40,0
30,61,25/05/07 02:41:52,25/05/07 02:43:04,40,0
9010,2,25/05/07 07:35:54,25/05/07 07:36:23,1,1
9000,3,25/05/07 07:36:28,25/05/07 07:37:13,3,0
110,4,25/05/07 07:38:42,25/05/07 07:42:20,40,1
110,5,25/05/07 07:42:23,25/05/07 07:43:37,40,0
110,6,25/05/07 07:44:05,25/05/07 07:45:17,40,0
130,7,25/05/07 07:46:11,25/05/07 07:50:21,40,2
130,8,25/05/07 07:50:23,25/05/07 07:51:36,40,0
130,9,25/05/07 07:51:38,25/05/07 07:52:51,40,0
150,10,25/05/07 07:54:38,25/05/07 07:56:08,40,1
150,11,25/05/07 07:56:10,25/05/07 07:57:22,40,0
150,12,25/05/07 07:57:26,25/05/07 07:58:38,40,0
90,13,25/05/07 08:00:03,25/05/07 08:04:16,40,1
90,14,25/05/07 08:04:26,25/05/07 08:05:36,40,0
50,15,25/05/07 08:05:59,25/05/07 08:07:20,40,0
50,16,25/05/07 08:07:24,25/05/07 08:08:32,40,0
70,17,25/05/07 08:09:53,25/05/07 08:12:12,40,1
70,18,25/05/07 08:12:14,25/05/07 08:13:23,40,0
10,19,25/05/07 09:22:07,25/05/07 09:26:20,40,1
10,20,25/05/07 09:26:24,25/05/07 09:27:37,40,0
10,21,25/05/07 09:27:40,25/05/07 09:28:52,40,0
10,22,25/05/07 09:28:58,25/05/07 09:30:10,40,0
30,23,25/05/07 09:30:35,25/05/07 09:32:01,40,0
30,24,25/05/07 09:32:03,25/05/07 09:33:14,40,0
30,25,25/05/07 09:33:28,25/05/07 09:34:40,40,0
30,26,25/05/07 09:34:47,25/05/07 09:35:59,40,0
70,27,25/05/07 09:38:31,25/05/07 09:41:39,40,1
70,28,25/05/07 09:41:59,25/05/07 09:43:20,40,0
50,29,25/05/07 09:43:48,25/05/07 09:50:26,44,3
50,30,25/05/07 09:50:47,25/05/07 09:52:44,40,3
50,29,25/05/07 09:53:20,25/05/07 09:55:46,2,3
90,31,25/05/07 09:57:20,25/05/07 10:01:03,40,1
90,32,25/05/07 11:09:00,25/05/07 11:12:41,40,1
110,33,25/05/07 11:13:56,25/05/07 11:17:00,40,1
110,34,25/05/07 11:17:02,25/05/07 11:18:15,40,0
130,35,25/05/07 11:18:35,25/05/07 11:20:02,40,0
130,36,25/05/07 11:21:13,25/05/07 11:23:15,40,0
130,37,25/05/07 11:23:38,25/05/07 11:24:51,40,0
150,38,25/05/07 11:26:19,25/05/07 11:30:53,40,1
150,39,25/05/07 11:31:00,25/05/07 11:32:12,40,0
150,40,25/05/07 11:32:15,25/05/07 11:33:28,40,0
150,41,25/05/07 11:35:13,25/05/07 11:36:26,40,0
150,42,25/05/07 11:36:28,25/05/07 11:37:40,40,0
130,43,25/05/07 11:38:14,25/05/07 11:39:40,40,0
130,44,25/05/07 11:40:12,25/05/07 11:41:25,40,0
110,45,25/05/07 11:41:56,25/05/07 11:43:22,40,0
110,46,25/05/07 11:43:25,25/05/07 11:44:37,40,0
90,47,25/05/07 11:45:57,25/05/07 11:48:38,40,1
90,48,25/05/07 11:49:03,25/05/07 11:50:12,40,0
70,49,25/05/07 11:50:46,25/05/07 11:52:04,40,0
70,50,25/05/07 11:52:05,25/05/07 11:53:14,40,0
50,51,25/05/07 11:55:12,25/05/07 11:57:12,40,1
50,52,25/05/07 11:57:25,25/05/07 11:58:33,40,0
10,53,25/05/07 14:00:34,25/05/07 14:06:40,40,1
10,54,25/05/07 14:06:41,25/05/07 14:07:54,40,0
10,55,25/05/07 14:08:20,25/05/07 14:09:33,40,0
10,56,25/05/07 14:09:36,25/05/07 14:10:50,40,0
30,57,25/05/07 14:11:11,25/05/07 14:13:38,40,1
30,58,25/05/07 14:13:40,25/05/07 14:14:52,40,0
30,59,25/05/07 14:15:40,25/05/07 14:16:52,40,0
30,60,25/05/07 14:16:55,25/05/07 14:18:07,40,0
50,61,25/05/07 14:24:55,25/05/07 14:28:01,40,1
50,62,25/05/07 14:28:21,25/05/07 14:29:31,40,0
70,63,25/05/07 14:31:38,25/05/07 14:33:02,40,3
70,64,25/05/07 14:33:04,25/05/07 14:34:12,40,0
90,65,25/05/07 14:35:07,25/05/07 14:36:30,40,0
90,66,25/05/07 14:36:39,25/05/07 14:37:47,40,0
110,67,25/05/07 14:39:06,25/05/07 14:42:38,40,1
110,68,25/05/07 14:42:54,25/05/07 14:44:08,40,0
130,69,25/05/07 14:44:33,25/05/07 14:46:03,40,0
130,70,25/05/07 14:46:08,25/05/07 14:47:21,40,0
9000,2,25/05/07 19:35:18,25/05/07 19:35:31,3,1
9010,3,25/05/07 19:35:35,25/05/07 19:35:42,1,0
110,3,25/05/07 20:58:07,25/05/07 21:02:20,1,1
150,6,25/05/07 21:04:14,25/05/07 21:05:46,40,1
130,10,25/05/07 21:06:27,25/05/07 21:07:54,40,0
130,11,25/05/07 21:08:28,25/05/07 21:09:41,40,0
130,12,25/05/07 21:10:06,25/05/07 21:11:19,40,0
130,13,25/05/07 21:11:36,25/05/07 21:12:48,40,0
150,7,25/05/07 21:13:28,25/05/07 21:14:54,40,0
150,8,25/05/07 21:15:03,25/05/07 21:16:16,40,0
150,9,25/05/07 21:16:26,25/05/07 21:17:39,40,0
150,14,25/05/07 21:17:47,25/05/07 21:19:42,40,1
110,15,25/05/07 21:20:33,25/05/07 21:21:55,40,0
110,16,25/05/07 21:22:02,25/05/07 21:23:14,40,0
110,17,25/05/07 21:23:23,25/05/07 21:24:35,40,0
110,18,25/05/07 21:24:48,25/05/07 21:26:00,40,0
90,19,25/05/07 21:27:05,25/05/07 21:30:37,40,0
90,20,25/05/07 21:31:14,25/05/07 21:32:23,40,0
90,21,25/05/07 21:32:30,25/05/07 21:33:38,40,0
90,22,25/05/07 21:33:43,25/05/07 21:34:51,40,0
70,23,25/05/07 21:35:57,25/05/07 21:37:15,40,0
70,24,25/05/07 21:37:18,25/05/07 21:38:27,40,0
70,25,25/05/07 21:38:35,25/05/07 21:39:43,40,0
70,26,25/05/07 21:39:46,25/05/07 21:40:54,40,0
50,27,25/05/07 21:42:05,25/05/07 21:44:27,40,1
50,28,25/05/07 21:44:36,25/05/07 21:50:42,40,5
50,29,25/05/07 21:50:46,25/05/07 21:51:54,40,0
50,30,25/05/07 21:52:10,25/05/07 21:53:19,40,0
10,31,25/05/07 21:57:09,25/05/07 22:03:04,40,1
10,32,25/05/07 22:03:08,25/05/07 22:04:19,40,0
10,33,25/05/07 22:18:41,25/05/07 22:20:50,40,1
10,34,25/05/07 22:21:07,25/05/07 22:24:33,40,2
30,35,25/05/07 22:24:55,25/05/07 22:30:36,40,1
30,36,25/05/07 22:30:54,25/05/07 22:32:57,40,1
30,37,25/05/07 22:32:59,25/05/07 22:34:12,40,0
30,38,25/05/07 22:34:14,25/05/07 22:35:26,40,0
30,39,25/05/08 01:34:00,25/05/08 01:35:17,40,1
30,40,25/05/08 01:35:39,25/05/08 01:36:51,40,0
30,41,25/05/08 01:37:55,25/05/08 01:39:12,40,1
30,42,25/05/08 01:39:20,25/05/08 01:40:32,40,0
10,44,25/05/08 01:42:22,25/05/08 01:43:47,40,0
10,45,25/05/08 01:44:08,25/05/08 01:45:26,40,1
10,46,25/05/08 01:45:40,25/05/08 01:46:52,40,0
50,46,25/05/08 01:51:10,25/05/08 02:05:10,21,10
50,47,25/05/08 02:05:40,25/05/08 02:07:43,20,5
50,47,25/05/08 02:07:46,25/05/08 02:12:09,21,3
50,48,25/05/08 02:13:34,25/05/08 02:13:54,10,2
50,49,25/05/08 02:13:57,25/05/08 02:15:18,40,0
50,50,25/05/08 02:15:41,25/05/08 02:16:51,40,0
70,51,25/05/08 02:18:04,25/05/08 02:19:26,40,0
70,52,25/05/08 02:19:32,25/05/08 02:20:40,40,0
70,53,25/05/08 02:20:44,25/05/08 02:21:52,40,0
70,54,25/05/08 02:22:02,25/05/08 02:23:10,40,0
90,55,25/05/08 02:24:49,25/05/08 02:26:07,40,0
90,56,25/05/08 02:26:09,25/05/08 02:27:18,40,0
90,57,25/05/08 02:27:20,25/05/08 02:28:28,40,0
90,58,25/05/08 02:28:30,25/05/08 02:29:39,40,0
110,59,25/05/08 02:30:37,25/05/08 02:33:48,40,0
110,60,25/05/08 02:35:36,25/05/08 02:36:50,40,0
110,61,25/05/08 02:36:52,25/05/08 02:38:04,40,0
150,62,25/05/08 02:38:34,25/05/08 02:39:56,40,0
150,63,25/05/08 02:50:52,25/05/08 02:52:04,40,0
150,64,25/05/08 02:52:11,25/05/08 02:53:24,40,0
150,65,25/05/08 02:53:30,25/05/08 02:54:42,40,0
130,66,25/05/08 02:57:31,25/05/08 02:58:53,40,0
130,67,25/05/08 02:58:55,25/05/08 03:00:07,40,0
130,68,25/05/08 03:00:11,25/05/08 03:01:24,40,0
9010,2,25/05/08 07:33:23,25/05/08 07:33:34,1,0
9000,3,25/05/08 07:33:46,25/05/08 07:34:02,3,0
130,4,25/05/08 07:39:04,25/05/08 07:42:07,40,1
130,5,25/05/08 07:42:10,25/05/08 07:43:24,40,0
150,6,25/05/08 07:45:24,25/05/08 07:46:55,40,1
150,7,25/05/08 07:47:00,25/05/08 07:48:12,40,0
150,8,25/05/08 07:48:15,25/05/08 07:49:28,40,0
110,9,25/05/08 07:49:46,25/05/08 07:51:08,40,0
110,10,25/05/08 07:51:21,25/05/08 07:52:33,40,0
110,11,25/05/08 07:52:36,25/05/08 07:53:49,40,0
10,12,25/05/08 07:56:04,25/05/08 08:03:38,40,3
10,13,25/05/08 08:03:53,25/05/08 08:05:05,40,0
10,14,25/05/08 08:05:44,25/05/08 08:06:55,40,0
10,15,25/05/08 08:06:59,25/05/08 08:08:12,40,0
30,16,25/05/08 08:09:47,25/05/08 08:11:17,40,1
30,17,25/05/08 08:11:19,25/05/08 08:12:31,40,0
90,18,25/05/08 08:13:19,25/05/08 08:16:08,40,1
90,19,25/05/08 08:16:31,25/05/08 08:17:40,40,0
50,20,25/05/08 08:18:52,25/05/08 08:20:49,40,1
50,21,25/05/08 08:21:41,25/05/08 08:22:50,40,0
70,22,25/05/08 08:23:17,25/05/08 08:26:36,40,3
70,23,25/05/08 08:42:27,25/05/08 08:43:36,40,0
70,24,25/05/08 08:44:36,25/05/08 08:45:44,40,0
50,25,25/05/08 08:46:15,25/05/08 08:48:36,40,2
50,26,25/05/08 08:49:08,25/05/08 08:51:16,40,1
90,27,25/05/08 09:07:27,25/05/08 09:11:54,40,1
90,26,25/05/08 09:16:29,25/05/08 10:33:04,6,1
90,26,25/05/08 10:34:28,25/05/08 10:35:10,0,0
50,28,25/05/08 10:37:07,25/05/08 10:40:01,40,1
50,29,25/05/08 10:40:02,25/05/08 10:41:13,40,0
50,30,25/05/08 10:41:15,25/05/08 10:43:17,40,0
50,31,25/05/08 10:43:28,25/05/08 10:44:48,40,0
50,32,25/05/08 10:45:14,25/05/08 10:46:25,40,0
60,33,25/05/08 10:46:26,25/05/08 10:47:36,40,0
60,34,25/05/08 10:48:50,25/05/08 10:50:27,40,0
60,35,25/05/08 10:54:39,25/05/08 10:56:28,40,2
60,35,25/05/08 11:01:33,25/05/08 11:04:54,6,0
30,36,25/05/08 12:21:34,25/05/08 12:24:44,40,1
30,37,25/05/08 12:24:46,25/05/08 12:25:59,40,0
30,38,25/05/08 12:26:22,25/05/08 12:27:34,40,0
30,39,25/05/08 12:27:46,25/05/08 12:28:58,40,0
10,40,25/05/08 12:29:25,25/05/08 12:30:52,40,0
10,41,25/05/08 12:59:40,25/05/08 13:00:52,40,0
10,41,25/05/08 13:01:50,25/05/08 13:03:03,40,0
10,42,25/05/08 13:06:27,25/05/08 13:07:40,40,0
130,43,25/05/08 13:10:32,25/05/08 13:13:35,40,1
130,44,25/05/08 13:14:37,25/05/08 13:15:51,40,0
130,45,25/05/08 13:15:53,25/05/08 13:17:05,40,0
130,46,25/05/08 13:17:33,25/05/08 13:18:45,40,0
130,47,25/05/08 13:19:01,25/05/08 13:20:13,40,0
150,48,25/05/08 13:20:45,25/05/08 13:22:10,40,0
150,49,25/05/08 13:23:37,25/05/08 13:24:50,40,0
150,50,25/05/08 13:25:54,25/05/08 13:27:07,40,0
150,51,25/05/08 13:30:59,25/05/08 13:32:13,40,0
110,52,25/05/08 13:37:02,25/05/08 14:01:29,40,1
110,53,25/05/08 14:02:09,25/05/08 14:03:22,40,0
110,54,25/05/08 14:03:27,25/05/08 14:04:41,40,0
110,55,25/05/08 14:05:45,25/05/08 14:06:58,40,0
70,62,25/05/08 14:12:16,25/05/08 14:14:00,40,1
70,63,25/05/08 14:14:24,25/05/08 14:15:48,40,0
70,64,25/05/08 14:16:30,25/05/08 14:19:29,40,1
90,56,25/05/08 14:20:36,25/05/08 14:21:58,40,0
90,57,25/05/08 14:25:14,25/05/08 14:26:28,40,1
90,58,25/05/08 14:27:05,25/05/08 14:28:19,40,1
90,62,25/05/08 14:28:42,25/05/08 14:29:52,40,0
90,63,25/05/08 14:29:56,25/05/08 14:31:06,40,0
50,64,25/05/08 14:31:51,25/05/08 14:34:53,40,1
50,65,25/05/08 14:37:03,25/05/08 14:39:15,40,1
50,66,25/05/08 14:39:57,25/05/08 14:41:07,40,0
50,67,25/05/08 14:41:43,25/05/08 14:42:53,40,0
9000,2,25/05/08 20:09:49,25/05/08 20:10:00,3,1
9000,2,25/05/08 20:48:35,25/05/08 20:48:41,3,0
9010,3,25/05/08 20:48:53,25/05/08 20:49:04,1,1
9000,2,25/05/08 20:54:14,25/05/08 20:54:24,3,1
9000,2,25/05/08 20:57:16,25/05/08 20:57:27,3,1
150,4,25/05/08 21:03:36,25/05/08 21:09:50,40,2
150,3,25/05/08 21:22:04,25/05/08 21:25:46,5,0
150,3,25/05/08 21:26:22,25/05/08 21:26:41,1,0
150,3,25/05/08 21:27:03,25/05/08 21:28:29,1,0
150,3,25/05/08 21:28:51,25/05/08 21:29:19,5,0
130,6,25/05/08 21:30:43,25/05/08 21:33:19,40,1
110,7,25/05/08 21:34:40,25/05/08 21:36:32,40,1
110,6,25/05/08 21:37:51,25/05/08 21:38:02,2,0
110,8,25/05/08 21:38:57,25/05/08 21:40:12,40,0
110,9,25/05/08 21:40:16,25/05/08 21:41:29,40,0
110,10,25/05/08 21:41:32,25/05/08 21:42:45,40,0
130,11,25/05/08 21:47:49,25/05/08 21:49:19,40,0
130,12,25/05/08 21:49:22,25/05/08 21:50:35,40,0
130,13,25/05/08 21:50:43,25/05/08 21:51:55,40,0
130,14,25/05/08 22:24:00,25/05/08 22:25:31,39,1
150,16,25/05/08 22:27:02,25/05/08 22:28:34,28,1
150,17,25/05/08 22:28:39,25/05/08 22:29:52,40,0
150,18,25/05/08 22:29:55,25/05/08 22:31:07,40,0
150,19,25/05/08 22:31:28,25/05/08 22:32:40,40,0
110,20,25/05/08 22:32:58,25/05/08 22:34:24,40,0
90,21,25/05/08 22:35:38,25/05/08 22:40:08,40,2
90,22,25/05/08 22:40:11,25/05/08 22:41:19,40,0
90,23,25/05/08 22:41:21,25/05/08 22:42:29,40,0
90,24,25/05/08 22:42:31,25/05/08 22:43:40,40,0
50,25,25/05/08 22:45:08,25/05/08 22:47:50,40,1
50,26,25/05/08 22:47:52,25/05/08 22:49:00,40,0
50,27,25/05/08 22:49:03,25/05/08 22:50:11,40,0
50,28,25/05/08 22:50:29,25/05/08 22:51:37,40,0
60,29,25/05/09 02:33:47,25/05/09 02:35:01,40,1
60,30,25/05/09 02:35:16,25/05/09 02:36:26,40,0
60,31,25/05/09 02:36:36,25/05/09 02:37:44,40,0
50,32,25/05/09 02:37:47,25/05/09 02:38:55,40,0
80,33,25/05/09 02:41:46,25/05/09 02:43:09,40,1
80,34,25/05/09 02:43:20,25/05/09 02:44:28,40,0
80,35,25/05/09 02:44:30,25/05/09 02:45:39,40,0
80,36,25/05/09 02:45:48,25/05/09 02:46:57,40,0
70,37,25/05/09 02:46:58,25/05/09 02:48:07,40,0
70,38,25/05/09 02:48:22,25/05/09 02:49:30,40,0
70,39,25/05/09 02:49:33,25/05/09 02:50:42,40,0
100,40,25/05/09 02:53:21,25/05/09 02:55:02,40,1
100,41,25/05/09 02:55:11,25/05/09 02:56:19,40,0
100,42,25/05/09 02:56:29,25/05/09 02:57:54,40,0
90,43,25/05/09 02:58:10,25/05/09 02:59:20,40,0
120,44,25/05/09 03:01:29,25/05/09 03:06:50,40,1
120,45,25/05/09 03:06:54,25/05/09 03:08:11,40,0
120,46,25/05/09 03:08:15,25/05/09 03:09:31,40,0
160,47,25/05/09 03:12:11,25/05/09 03:13:51,40,1
160,48,25/05/09 03:14:03,25/05/09 03:30:45,40,0
160,49,25/05/09 03:30:47,25/05/09 03:32:04,40,0
150,50,25/05/09 03:32:09,25/05/09 03:33:21,40,0
140,51,25/05/09 03:37:10,25/05/09 03:39:22,40,3
140,52,25/05/09 03:39:25,25/05/09 03:40:41,40,0
140,53,25/05/09 03:40:43,25/05/09 03:41:59,40,0
40,54,25/05/09 03:43:55,25/05/09 03:49:21,40,7
9010,2,25/05/09 07:20:14,25/05/09 07:20:24,1,0
9000,3,25/05/09 07:20:32,25/05/09 07:20:48,3,0
40,4,25/05/09 07:52:40,25/05/09 07:56:46,40,1
40,5,25/05/09 07:57:01,25/05/09 07:58:11,40,0
40,6,25/05/09 07:58:15,25/05/09 07:59:24,40,0
30,7,25/05/09 07:59:26,25/05/09 08:00:38,40,0
30,8,25/05/09 08:01:29,25/05/09 08:02:42,40,0
20,9,25/05/09 08:05:07,25/05/09 08:07:02,40,1
20,10,25/05/09 08:07:06,25/05/09 08:08:16,40,0
20,11,25/05/09 08:09:04,25/05/09 08:10:13,40,0
20,12,25/05/09 08:10:57,25/05/09 08:13:27,40,1
140,13,25/05/09 08:15:39,25/05/09 08:18:53,40,1
140,14,25/05/09 08:19:50,25/05/09 08:21:07,40,0
160,15,25/05/09 08:22:40,25/05/09 08:24:30,40,0
160,16,25/05/09 08:25:13,25/05/09 08:26:31,40,0
120,17,25/05/09 08:27:29,25/05/09 08:28:55,40,0
120,18,25/05/09 08:29:29,25/05/09 08:30:46,40,0
100,19,25/05/09 08:32:19,25/05/09 08:35:31,40,1
100,20,25/05/09 08:36:37,25/05/09 08:37:47,40,0
80,21,25/05/09 08:38:20,25/05/09 08:39:44,40,0
80,21,25/05/09 08:53:21,25/05/09 08:56:37,1,3
80,22,25/05/09 10:29:12,25/05/09 10:34:45,40,3
80,23,25/05/09 10:35:01,25/05/09 10:36:10,40,0
60,24,25/05/09 10:38:06,25/05/09 10:40:19,40,1
60,25,25/05/09 10:40:29,25/05/09 10:41:38,40,0
60,26,25/05/09 10:41:59,25/05/09 10:43:08,40,0
60,26,25/05/09 10:43:50,25/05/09 10:45:00,40,0
100,27,25/05/09 10:45:25,25/05/09 10:46:46,40,0
100,28,25/05/09 10:46:48,25/05/09 10:47:56,40,0
100,29,25/05/09 10:47:58,25/05/09 10:49:07,40,0
120,30,25/05/09 10:50:37,25/05/09 10:53:19,40,1
120,31,25/05/09 10:54:12,25/05/09 10:55:29,40,0
120,32,25/05/09 10:56:07,25/05/09 10:57:24,40,0
140,33,25/05/09 11:00:28,25/05/09 11:03:21,40,1
140,34,25/05/09 11:03:46,25/05/09 11:07:15,40,1
140,35,25/05/09 11:07:20,25/05/09 11:08:37,40,0
130,36,25/05/09 11:08:41,25/05/09 11:09:55,40,0
160,37,25/05/09 11:10:43,25/05/09 11:12:14,40,0
160,38,25/05/09 11:12:21,25/05/09 11:13:39,40,0
160,39,25/05/09 11:13:43,25/05/09 11:15:01,40,0
20,40,25/05/09 11:19:08,25/05/09 11:25:47,40,2
20,41,25/05/09 11:26:02,25/05/09 11:27:11,40,0
20,42,25/05/09 11:27:20,25/05/09 11:28:29,40,0
40,43,25/05/09 11:29:27,25/05/09 11:31:12,40,2
40,44,25/05/09 11:31:22,25/05/09 11:32:32,40,0
40,45,25/05/09 11:32:38,25/05/09 11:33:48,40,0
40,46,25/05/09 11:33:53,25/05/09 11:35:03,40,0
40,47,25/05/09 14:13:01,25/05/09 14:14:38,40,1
40,48,25/05/09 14:14:53,25/05/09 14:16:03,40,0
20,49,25/05/09 14:16:59,25/05/09 14:18:27,40,0
20,50,25/05/09 14:18:49,25/05/09 14:19:58,40,0
80,51,25/05/09 14:24:02,25/05/09 14:27:30,40,1
80,52,25/05/09 14:27:35,25/05/09 14:29:07,40,0
80,53,25/05/09 14:29:10,25/05/09 14:30:18,40,0
60,54,25/05/09 14:31:09,25/05/09 14:32:30,40,0
60,55,25/05/09 14:32:51,25/05/09 14:33:59,40,0
100,56,25/05/09 14:34:52,25/05/09 14:36:13,40,0
100,57,25/05/09 14:36:31,25/05/09 14:37:40,40,0
120,58,25/05/09 14:39:05,25/05/09 14:41:59,40,1
120,59,25/05/09 14:43:08,25/05/09 14:44:24,40,0
160,60,25/05/09 14:45:40,25/05/09 14:48:08,40,2
160,61,25/05/09 14:48:29,25/05/09 14:49:45,40,0
9000,2,25/05/09 19:40:11,25/05/09 19:40:39,3,1
9010,3,25/05/09 19:40:42,25/05/09 19:40:48,1,0
120,4,25/05/09 19:43:39,25/05/09 19:49:07,40,1
120,5,25/05/09 19:49:48,25/05/09 19:54:21,40,0
160,6,25/05/09 19:54:49,25/05/09 19:56:22,40,0
160,7,25/05/09 19:56:26,25/05/09 19:57:42,40,0
140,8,25/05/09 20:00:33,25/05/09 20:02:13,40,1
140,9,25/05/09 20:02:15,25/05/09 20:03:31,40,0
140,10,25/05/09 20:03:58,25/05/09 20:05:14,40,0
140,11,25/05/09 20:05:34,25/05/09 20:06:50,40,0
100,12,25/05/09 20:08:30,25/05/09 20:11:56,40,1
100,13,25/05/09 20:12:11,25/05/09 20:14:11,40,1
80,14,25/05/09 20:16:18,25/05/09 20:17:50,40,1
80,15,25/05/09 20:17:54,25/05/09 20:19:02,40,0
60,16,25/05/09 20:22:01,25/05/09 20:28:36,40,7
60,16,25/05/09 20:28:39,25/05/09 20:31:38,39,1
20,18,25/05/09 20:38:03,25/05/09 20:41:59,40,1
20,19,25/05/09 20:42:17,25/05/09 20:43:27,40,0
40,20,25/05/09 20:45:14,25/05/09 20:46:32,40,0
40,21,25/05/09 20:46:44,25/05/09 20:47:53,40,0
40,22,25/05/09 23:17:04,25/05/09 23:18:12,40,0
40,23,25/05/09 23:18:16,25/05/09 23:19:25,40,0
40,24,25/05/09 23:19:30,25/05/09 23:20:39,40,0
40,25,25/05/09 23:20:47,25/05/09 23:21:56,40,0
20,26,25/05/09 23:24:53,25/05/09 23:26:19,40,0
20,27,25/05/09 23:26:22,25/05/09 23:27:31,40,0
20,28,25/05/09 23:27:35,25/05/09 23:28:44,40,0
20,29,25/05/09 23:31:53,25/05/09 23:33:02,40,0
80,30,25/05/09 23:38:12,25/05/09 23:50:25,40,17
80,30,25/05/09 23:50:29,25/05/10 00:05:11,39,26
80,31,25/05/10 00:05:39,25/05/10 00:07:57,40,2
120,40,25/05/10 00:12:59,25/05/10 00:16:10,40,1
120,41,25/05/10 00:16:46,25/05/10 00:18:03,40,0
120,42,25/05/10 00:18:08,25/05/10 00:19:26,40,0
120,43,25/05/10 00:19:31,25/05/10 00:20:48,40,0
140,44,25/05/10 00:22:23,25/05/10 00:23:54,40,1
140,45,25/05/10 00:23:59,25/05/10 00:25:16,40,0
140,46,25/05/10 00:25:21,25/05/10 00:26:38,40,0
140,47,25/05/10 00:26:44,25/05/10 00:28:01,40,0
160,48,25/05/10 01:03:26,25/05/10 01:05:33,40,0
160,49,25/05/10 01:07:43,25/05/10 01:08:59,40,0
160,50,25/05/10 01:09:07,25/05/10 01:11:45,40,0
160,51,25/05/10 01:12:51,25/05/10 01:15:00,40,2
160,52,25/05/10 02:34:47,25/05/10 02:41:05,40,3
140,53,25/05/10 02:43:36,25/05/10 02:45:18,40,0
120,54,25/05/10 02:47:15,25/05/10 02:48:52,40,0
20,55,25/05/10 02:52:16,25/05/10 03:05:11,40,2
20,56,25/05/10 03:05:17,25/05/10 03:06:26,40,0
40,57,25/05/10 03:08:29,25/05/10 03:12:22,40,7
40,58,25/05/10 03:12:26,25/05/10 03:14:43,40,2
60,59,25/05/10 04:07:32,25/05/10 04:11:46,40,5
60,60,25/05/10 04:12:00,25/05/10 04:14:16,40,3
100,61,25/05/10 04:15:37,25/05/10 04:17:13,40,2
100,62,25/05/10 04:17:46,25/05/10 04:18:54,40,0
80,63,25/05/10 04:19:24,25/05/10 04:20:42,40,0
9000,2,25/05/13 07:24:51,25/05/13 07:25:23,3,1
9010,3,25/05/13 07:25:26,25/05/13 07:25:33,1,0
9000,2,25/05/13 08:20:59,25/05/13 08:21:06,3,0
9010,3,25/05/13 08:23:01,25/05/13 08:23:12,1,1
100,4,25/05/13 09:28:22,25/05/13 09:30:51,40,2
100,5,25/05/13 09:30:54,25/05/13 09:32:03,40,0
100,6,25/05/13 09:32:05,25/05/13 09:33:39,40,0
100,7,25/05/13 09:33:41,25/05/13 09:34:50,40,0
60,8,25/05/13 09:35:43,25/05/13 09:37:06,40,0
60,9,25/05/13 09:37:08,25/05/13 09:38:16,40,0
60,10,25/05/13 09:38:18,25/05/13 09:39:26,40,0
80,11,25/05/13 09:40:44,25/05/13 09:42:54,40,1
80,12,25/05/13 09:42:58,25/05/13 09:45:16,80,0
80,13,25/05/13 09:45:18,25/05/13 09:46:26,40,0
120,14,25/05/13 09:48:29,25/05/13 09:52:39,40,1
120,15,25/05/13 09:53:06,25/05/13 09:54:23,40,0
120,16,25/05/13 09:54:25,25/05/13 09:55:41,40,0
120,17,25/05/13 09:56:12,25/05/13 09:57:29,40,0
120,17,25/05/13 09:57:33,25/05/13 09:58:56,35,0
120,17,25/05/13 10:10:12,25/05/13 10:10:35,0,0
140,19,25/05/13 10:11:57,25/05/13 10:15:44,40,1
140,20,25/05/13 10:15:50,25/05/13 10:17:07,40,0
140,21,25/05/13 10:17:09,25/05/13 10:18:25,40,0
140,22,25/05/13 10:18:27,25/05/13 10:19:43,40,0
140,23,25/05/13 10:19:45,25/05/13 10:21:01,40,0
160,24,25/05/13 10:21:20,25/05/13 10:23:58,40,1
160,25,25/05/13 10:24:02,25/05/13 10:25:18,40,0
160,26,25/05/13 10:28:34,25/05/13 10:34:38,40,5
160,27,25/05/13 10:34:40,25/05/13 10:35:57,40,0
160,28,25/05/13 10:35:59,25/05/13 10:37:41,40,0
20,30,25/05/13 10:38:57,25/05/13 10:42:53,40,2
20,31,25/05/13 10:42:55,25/05/13 10:44:04,40,0
20,32,25/05/13 10:44:05,25/05/13 10:45:14,40,0
20,33,25/05/13 10:45:16,25/05/13 10:46:24,40,0
40,34,25/05/13 10:46:42,25/05/13 10:48:04,40,0
40,35,25/05/13 12:49:21,25/05/13 13:02:36,40,27
40,36,25/05/13 13:27:19,25/05/13 13:33:05,40,5
40,37,25/05/13 13:34:22,25/05/13 13:43:58,40,2
40,38,25/05/13 13:44:32,25/05/13 13:47:29,40,1
20,39,25/05/13 13:47:56,25/05/13 13:49:24,40,0
20,40,25/05/13 13:51:42,25/05/13 13:52:51,40,0
20,41,25/05/13 13:52:52,25/05/13 13:54:01,40,0
20,41,25/05/13 13:54:03,25/05/13 13:55:37,38,0
40,43,25/05/13 13:56:28,25/05/13 14:00:19,40,2
40,44,25/05/13 14:00:25,25/05/13 14:01:35,40,0
60,7,25/05/13 14:37:33,25/05/13 14:40:22,15,3
60,7,25/05/13 14:40:58,25/05/13 14:42:58,8,2
60,8,25/05/13 15:00:11,25/05/13 15:01:23,40,0
60,45,25/05/13 15:02:13,25/05/13 15:06:03,80,1
60,46,25/05/13 15:06:22,25/05/13 15:07:32,40,0
80,47,25/05/13 15:08:50,25/05/13 15:18:48,40,1
80,48,25/05/13 15:18:51,25/05/13 15:20:00,40,0
80,49,25/05/13 15:20:02,25/05/13 15:21:11,40,0
80,50,25/05/13 15:21:13,25/05/13 15:22:22,40,0
100,51,25/05/13 15:22:42,25/05/13 15:24:43,40,1
100,52,25/05/13 15:24:45,25/05/13 15:26:07,40,0
100,53,25/05/13 15:26:11,25/05/13 15:29:17,40,3
100,54,25/05/13 15:29:20,25/05/13 15:30:47,40,1
120,55,25/05/13 15:31:37,25/05/13 15:35:45,40,3
120,56,25/05/13 15:35:51,25/05/13 15:38:26,40,3
120,57,25/05/13 15:38:29,25/05/13 15:39:45,40,0
160,58,25/05/13 16:04:28,25/05/13 16:07:12,40,2
140,2,25/05/13 19:24:42,25/05/13 19:28:28,40,1
140,3,25/05/13 19:28:34,25/05/13 19:31:37,40,1
140,4,25/05/13 19:31:46,25/05/13 19:33:13,40,0
140,5,25/05/13 19:33:16,25/05/13 19:34:33,40,0
140,6,25/05/13 19:34:43,25/05/13 19:35:59,40,0
160,7,25/05/13 19:36:26,25/05/13 19:37:57,40,0
160,8,25/05/13 19:39:26,25/05/13 19:40:42,40,0
160,9,25/05/13 19:41:13,25/05/13 19:42:29,40,0
160,10,25/05/13 19:42:32,25/05/13 19:43:48,40,0
9010,11,25/05/13 19:44:50,25/05/13 19:45:52,1,1
120,12,25/05/13 19:46:54,25/05/13 19:48:16,40,1
120,13,25/05/13 19:48:18,25/05/13 19:49:35,40,0
20,14,25/05/13 22:24:36,25/05/13 22:34:04,40,3
20,15,25/05/13 22:34:34,25/05/13 22:35:44,40,0
20,16,25/05/13 22:36:08,25/05/13 22:37:17,40,0
20,17,25/05/13 22:38:06,25/05/13 22:39:21,40,1
40,18,25/05/13 22:39:42,25/05/13 22:49:35,40,1
40,19,25/05/13 22:49:39,25/05/13 22:50:49,40,0
40,20,25/05/13 22:50:51,25/05/13 22:52:00,40,0
40,21,25/05/13 22:52:02,25/05/13 22:53:10,40,0
60,22,25/05/13 22:55:03,25/05/13 22:57:40,40,0
60,23,25/05/13 22:57:59,25/05/13 22:59:09,40,0
60,24,25/05/13 22:59:16,25/05/13 23:00:25,40,0
60,25,25/05/13 23:00:27,25/05/13 23:01:36,40,0
80,26,25/05/13 23:03:22,25/05/13 23:04:52,40,2
80,27,25/05/13 23:04:59,25/05/13 23:09:15,40,2
80,28,25/05/13 23:09:58,25/05/13 23:13:15,40,1
80,29,25/05/13 23:13:21,25/05/13 23:14:31,40,0
100,30,25/05/13 23:14:59,25/05/13 23:16:21,40,0
100,31,25/05/13 23:16:23,25/05/13 23:19:25,40,2
100,32,25/05/13 23:19:27,25/05/13 23:20:37,40,0
120,33,25/05/14 00:59:55,25/05/14 01:02:12,40,1
120,34,25/05/14 01:02:18,25/05/14 01:03:35,40,0
120,35,25/05/14 01:03:37,25/05/14 01:04:53,40,0
120,36,25/05/14 01:04:55,25/05/14 01:07:37,40,0
140,37,25/05/14 01:07:56,25/05/14 01:09:25,40,0
140,38,25/05/14 01:09:27,25/05/14 01:10:43,40,0
140,39,25/05/14 01:10:45,25/05/14 01:12:12,40,0
140,40,25/05/14 01:12:16,25/05/14 01:13:33,40,0
160,41,25/05/14 01:14:40,25/05/14 01:16:09,40,0
160,42,25/05/14 01:16:12,25/05/14 01:17:28,40,0
160,43,25/05/14 01:17:30,25/05/14 01:18:46,40,0
160,44,25/05/14 01:18:48,25/05/14 01:23:08,40,5
140,45,25/05/14 02:10:42,25/05/14 02:12:13,40,1
140,46,25/05/14 02:12:15,25/05/14 02:13:31,40,0
120,47,25/05/14 02:13:52,25/05/14 02:15:20,40,0
120,48,25/05/14 02:15:22,25/05/14 02:16:38,40,0
120,49,25/05/14 02:16:53,25/05/14 02:19:46,40,3
100,50,25/05/14 02:22:14,25/05/14 02:28:08,40,4
100,51,25/05/14 02:28:10,25/05/14 02:29:19,40,0
100,52,25/05/14 02:29:21,25/05/14 02:33:28,40,6
100,52,25/05/14 02:33:30,25/05/14 02:59:42,27,16
80,54,25/05/14 03:00:03,25/05/14 03:02:15,40,2
80,55,25/05/14 03:02:17,25/05/14 03:05:59,40,5
80,56,25/05/14 03:07:33,25/05/14 03:10:02,40,2
80,57,25/05/14 03:10:04,25/05/14 03:11:13,40,0
60,58,25/05/14 03:12:56,25/05/14 03:27:32,40,9
60,58,25/05/14 03:27:35,25/05/14 03:46:32,6,2
40,61,25/05/14 03:48:47,25/05/14 03:59:42,19,14
20,66,25/05/14 04:00:30,25/05/14 04:03:09,40,4
20,67,25/05/14 04:03:11,25/05/14 04:05:49,40,4
20,68,25/05/14 04:06:38,25/05/14 04:09:26,40,5
40,62,25/05/14 04:10:38,25/05/14 05:15:11,40,3
40,63,25/05/14 05:25:39,25/05/14 05:28:17,40,1
40,64,25/05/14 05:28:39,25/05/14 05:29:48,40,0
40,65,25/05/14 05:29:51,25/05/14 05:31:00,40,0
40,69,25/05/14 05:31:01,25/05/14 05:32:10,40,0
60,71,25/05/14 06:11:44,25/05/14 06:14:42,40,3
60,72,25/05/14 06:14:44,25/05/14 06:15:53,40,0
60,73,25/05/14 06:15:56,25/05/14 06:17:05,40,0
9000,2,25/05/14 07:08:41,25/05/14 07:09:26,3,3
9010,3,25/05/14 07:09:37,25/05/14 07:09:48,1,1
9000,2,25/05/14 08:21:10,25/05/14 08:21:52,3,4
160,3,25/05/14 08:24:52,25/05/14 08:27:51,37,1
160,4,25/05/14 08:44:29,25/05/14 08:49:34,40,1
140,8,25/05/14 08:51:06,25/05/14 08:52:33,40,0
9010,3,25/05/14 08:56:35,25/05/14 08:56:47,1,1
140,9,25/05/14 08:58:32,25/05/14 09:01:10,40,1
140,10,25/05/14 09:01:27,25/05/14 09:02:44,40,0
140,11,25/05/14 09:02:45,25/05/14 09:04:02,40,0
160,12,25/05/14 09:05:21,25/05/14 09:06:55,40,0
160,13,25/05/14 09:07:09,25/05/14 09:08:25,40,0
160,14,25/05/14 09:08:35,25/05/14 09:09:51,40,0
160,15,25/05/14 09:09:54,25/05/14 09:11:10,40,0
120,16,25/05/14 09:12:40,25/05/14 09:14:11,40,1
120,17,25/05/14 09:14:18,25/05/14 09:17:04,40,1
120,18,25/05/14 09:17:06,25/05/14 09:20:06,40,1
100,19,25/05/14 09:21:48,25/05/14 09:24:54,40,1
100,20,25/05/14 09:25:02,25/05/14 09:26:12,40,0
100,21,25/05/14 09:26:15,25/05/14 09:27:24,40,0
100,22,25/05/14 09:27:27,25/05/14 09:29:43,40,1
80,23,25/05/14 09:30:03,25/05/14 09:31:22,40,0
80,24,25/05/14 09:31:23,25/05/14 09:32:32,40,0
80,25,25/05/14 09:32:35,25/05/14 09:33:44,40,0
60,26,25/05/14 09:34:33,25/05/14 09:35:56,40,0
60,27,25/05/14 09:35:57,25/05/14 09:37:06,40,0
60,28,25/05/14 09:37:09,25/05/14 09:38:18,40,0
60,29,25/05/14 09:38:22,25/05/14 09:39:31,40,0
20,30,25/05/14 09:40:21,25/05/14 10:00:07,40,2
20,31,25/05/14 10:12:52,25/05/14 10:14:06,40,0
20,32,25/05/14 10:14:11,25/05/14 10:15:23,40,0
20,33,25/05/14 10:15:31,25/05/14 10:16:44,40,0
40,34,25/05/14 10:17:39,25/05/14 10:20:43,40,5
40,35,25/05/14 10:20:45,25/05/14 10:21:54,40,0
40,36,25/05/14 12:49:34,25/05/14 12:54:57,40,1
40,37,25/05/14 12:55:02,25/05/14 12:56:12,40,0
20,38,25/05/14 12:56:35,25/05/14 12:57:53,40,0
20,39,25/05/14 12:58:26,25/05/14 13:00:38,40,0
60,40,25/05/14 13:04:07,25/05/14 13:07:30,40,1
60,41,25/05/14 13:08:05,25/05/14 13:09:25,40,0
80,42,25/05/14 13:09:50,25/05/14 13:11:19,40,0
80,43,25/05/14 13:11:37,25/05/14 13:12:46,40,0
80,44,25/05/14 13:12:50,25/05/14 13:14:09,40,0
100,45,25/05/14 13:14:32,25/05/14 13:16:07,40,0
100,46,25/05/14 13:16:49,25/05/14 13:17:58,40,0
120,47,25/05/14 13:22:22,25/05/14 13:26:28,40,1
120,48,25/05/14 13:27:15,25/05/14 13:28:46,40,0
140,49,25/05/14 13:29:09,25/05/14 13:30:35,40,0
140,50,25/05/14 13:30:37,25/05/14 13:31:53,40,0
160,51,25/05/14 13:34:41,25/05/14 13:36:43,40,2
160,52,25/05/14 13:36:45,25/05/14 13:38:01,40,0
160,53,25/05/14 15:26:29,25/05/14 15:30:51,40,1
160,54,25/05/14 15:30:53,25/05/14 15:32:11,40,0
140,55,25/05/14 15:32:32,25/05/14 15:34:15,40,0
140,56,25/05/14 15:34:52,25/05/14 15:36:08,40,0
120,57,25/05/14 15:36:28,25/05/14 15:38:09,40,0
120,58,25/05/14 15:38:25,25/05/14 15:39:41,40,0
100,59,25/05/14 15:40:52,25/05/14 15:44:23,40,1
100,60,25/05/14 15:44:25,25/05/14 15:46:11,40,0
100,61,25/05/14 15:46:13,25/05/14 15:47:22,40,0
80,62,25/05/14 15:49:31,25/05/14 15:50:55,40,1
80,63,25/05/14 15:51:00,25/05/14 15:52:09,40,0
60,64,25/05/14 15:52:37,25/05/14 15:54:03,40,0
60,65,25/05/14 15:54:06,25/05/14 15:55:15,40,0
20,66,25/05/14 15:58:03,25/05/14 16:01:33,40,1
20,67,25/05/14 16:01:36,25/05/14 16:02:46,40,0
40,68,25/05/14 16:04:19,25/05/14 16:05:42,40,0
40,69,25/05/14 16:05:44,25/05/14 16:06:53,40,0
40,70,25/05/14 16:09:24,25/05/14 16:10:33,40,0
40,71,25/05/14 16:10:50,25/05/14 16:13:22,40,2
20,72,25/05/14 16:13:45,25/05/14 16:15:08,40,0
20,73,25/05/14 16:15:11,25/05/14 16:19:43,40,2
20,74,25/05/14 16:19:45,25/05/14 16:20:54,40,0
10,75,25/05/14 16:21:05,25/05/14 16:22:17,40,0
70,76,25/05/14 16:25:22,25/05/14 16:28:17,40,1
80,77,25/05/14 16:28:19,25/05/14 16:29:30,40,0
100,78,25/05/14 16:45:25,25/05/14 16:48:56,40,2
160,82,25/05/14 16:56:27,25/05/14 17:00:05,40,2
160,83,25/05/14 17:00:10,25/05/14 17:01:26,40,0
110,84,25/05/14 17:01:54,25/05/14 17:03:41,40,2
120,85,25/05/14 17:03:43,25/05/14 17:04:59,40,0
120,86,25/05/14 17:05:03,25/05/14 17:06:19,40,0
9010,2,25/05/14 19:10:01,25/05/14 19:10:11,1,0
9000,3,25/05/14 19:10:17,25/05/14 19:10:34,3,0
150,5,25/05/14 20:15:31,25/05/14 20:18:51,40,1
130,6,25/05/14 20:20:11,25/05/14 20:23:03,40,1
130,7,25/05/14 20:23:08,25/05/14 20:24:21,40,0
140,8,25/05/14 20:24:32,25/05/14 20:25:48,40,0
140,9,25/05/14 20:25:50,25/05/14 20:29:08,40,1
110,10,25/05/14 20:30:32,25/05/14 20:32:01,40,1
90,11,25/05/14 20:32:54,25/05/14 20:36:18,40,0
90,12,25/05/14 20:36:24,25/05/14 20:37:34,40,0
50,13,25/05/14 20:38:03,25/05/14 20:39:28,40,0
50,14,25/05/14 20:39:53,25/05/14 20:41:02,40,0
60,15,25/05/14 20:41:06,25/05/14 20:42:16,40,0
60,16,25/05/14 20:42:39,25/05/14 20:43:48,40,0
70,17,25/05/14 20:44:40,25/05/14 20:46:02,40,0
70,18,25/05/14 20:46:04,25/05/14 20:47:13,40,0
80,19,25/05/14 20:47:16,25/05/14 20:48:25,40,0
70,20,25/05/14 22:14:53,25/05/14 22:16:02,40,0
30,21,25/05/14 22:16:46,25/05/14 22:20:15,40,1
30,22,25/05/14 22:20:16,25/05/14 22:21:30,40,0
30,23,25/05/14 22:21:54,25/05/14 22:23:06,40,0
40,24,25/05/14 22:23:08,25/05/14 22:24:17,40,0
10,25,25/05/14 22:25:11,25/05/14 22:26:58,40,0
10,26,25/05/14 22:28:14,25/05/14 22:29:27,40,0
10,27,25/05/14 22:30:00,25/05/14 22:31:13,40,0
10,28,25/05/14 22:32:31,25/05/14 22:33:44,40,0
50,29,25/05/14 22:35:52,25/05/14 22:38:45,40,1
50,30,25/05/14 22:38:47,25/05/14 22:39:57,40,0
90,31,25/05/14 22:41:23,25/05/14 22:42:45,40,0
110,32,25/05/14 22:44:06,25/05/14 22:46:42,40,1
110,33,25/05/14 22:46:44,25/05/14 22:47:57,40,0
130,34,25/05/14 22:49:47,25/05/14 22:51:25,40,0
130,35,25/05/14 22:51:39,25/05/14 22:52:52,40,0
130,36,25/05/15 01:10:37,25/05/15 01:11:56,40,1
130,37,25/05/15 01:12:11,25/05/15 01:13:25,40,0
110,38,25/05/15 01:13:50,25/05/15 01:15:22,40,0
110,39,25/05/15 01:15:24,25/05/15 01:17:40,40,0
150,39,25/05/15 01:18:41,25/05/15 01:19:25,1,0
150,40,25/05/15 01:20:08,25/05/15 01:22:07,40,1
150,41,25/05/15 01:22:23,25/05/15 01:24:33,40,0
150,42,25/05/15 01:24:37,25/05/15 01:25:51,40,0
90,43,25/05/15 01:31:14,25/05/15 01:32:46,40,2
90,44,25/05/15 01:32:48,25/05/15 01:33:57,40,0
90,45,25/05/15 01:34:04,25/05/15 01:35:14,40,0
90,46,25/05/15 01:35:24,25/05/15 01:37:42,40,1
70,47,25/05/15 01:38:05,25/05/15 01:39:24,40,0
70,48,25/05/15 01:39:48,25/05/15 01:40:57,40,0
70,49,25/05/15 01:41:08,25/05/15 01:42:17,40,0
70,50,25/05/15 01:42:23,25/05/15 01:43:42,40,1
50,50,25/05/15 01:44:23,25/05/15 01:45:56,1,1
50,51,25/05/15 01:46:03,25/05/15 01:48:47,40,5
50,52,25/05/15 01:48:51,25/05/15 01:53:46,40,10
50,53,25/05/15 01:53:47,25/05/15 01:56:25,40,9
30,54,25/05/15 01:57:22,25/05/15 02:00:18,40,1
30,55,25/05/15 02:01:09,25/05/15 02:02:22,40,0
30,56,25/05/15 02:02:41,25/05/15 02:03:54,40,0
30,57,25/05/15 02:06:14,25/05/15 02:09:03,40,1
30,58,25/05/15 02:09:05,25/05/15 02:10:18,40,0
10,59,25/05/15 02:10:51,25/05/15 02:12:53,40,0
10,60,25/05/15 02:13:08,25/05/15 02:15:29,40,2
10,61,25/05/15 02:15:30,25/05/15 02:16:58,40,1
10,62,25/05/15 02:17:00,25/05/15 02:18:33,40,2
90,63,25/05/15 02:19:17,25/05/15 02:30:24,40,9
110,64,25/05/15 02:31:54,25/05/15 02:35:20,40,1
110,65,25/05/15 02:35:51,25/05/15 02:37:05,40,0
130,66,25/05/15 02:38:13,25/05/15 02:40:00,40,1
130,67,25/05/15 02:40:02,25/05/15 02:41:14,40,0
150,67,25/05/15 02:41:42,25/05/15 02:42:37,1,2
150,68,25/05/15 02:43:25,25/05/15 02:45:17,40,1
150,69,25/05/15 02:45:18,25/05/15 02:46:31,40,0
150,70,25/05/15 05:43:02,25/05/15 05:44:26,40,1
150,71,25/05/15 05:44:33,25/05/15 05:45:45,40,0
150,72,25/05/15 05:45:49,25/05/15 05:47:02,40,0
130,73,25/05/15 05:47:36,25/05/15 05:49:35,40,2
130,74,25/05/15 05:49:39,25/05/15 05:50:51,40,0
110,75,25/05/15 05:51:09,25/05/15 05:56:07,40,4
110,76,25/05/15 05:56:11,25/05/15 06:03:04,40,5
90,77,25/05/15 06:03:30,25/05/15 06:05:42,40,1
90,78,25/05/15 06:05:45,25/05/15 06:07:22,40,0
50,79,25/05/15 06:07:46,25/05/15 06:10:11,40,1
50,80,25/05/15 06:10:13,25/05/15 06:11:22,40,0
50,81,25/05/15 06:11:23,25/05/15 06:12:33,40,0
70,82,25/05/15 06:13:12,25/05/15 06:14:36,40,0
70,83,25/05/15 06:14:37,25/05/15 06:15:56,40,1
9000,2,25/05/15 07:07:46,25/05/15 07:08:08,3,1
9000,2,25/05/15 07:08:22,25/05/15 07:08:28,3,0
9010,3,25/05/15 07:08:30,25/05/15 07:08:37,1,0
10,4,25/05/15 07:10:24,25/05/15 07:30:07,40,1
10,5,25/05/15 07:30:14,25/05/15 07:31:38,40,0
10,6,25/05/15 07:31:40,25/05/15 07:32:53,40,0
10,7,25/05/15 07:32:55,25/05/15 07:35:37,40,1
30,8,25/05/15 07:36:07,25/05/15 07:41:56,40,2
30,9,25/05/15 07:42:10,25/05/15 07:43:23,40,0
30,10,25/05/15 07:43:25,25/05/15 07:44:37,40,0
50,11,25/05/15 07:48:24,25/05/15 07:52:48,40,1
50,12,25/05/15 07:52:50,25/05/15 07:54:00,40,0
70,13,25/05/15 07:54:31,25/05/15 07:56:04,40,1
70,14,25/05/15 07:56:06,25/05/15 07:57:16,40,0
90,15,25/05/15 07:59:15,25/05/15 08:01:09,40,2
110,16,25/05/15 08:02:11,25/05/15 08:09:21,40,11
110,16,25/05/15 08:09:24,25/05/15 08:24:06,3,4
110,17,25/05/15 08:40:43,25/05/15 08:43:03,37,3
130,18,25/05/15 08:49:40,25/05/15 09:16:06,40,2
130,19,25/05/15 09:16:32,25/05/15 09:17:45,40,0
130,18,25/05/15 09:18:29,25/05/15 09:19:48,1,0
150,20,25/05/15 09:21:00,25/05/15 09:24:06,40,3
150,21,25/05/15 09:24:22,25/05/15 09:26:15,40,2
90,22,25/05/15 09:28:28,25/05/15 09:33:59,40,4
90,23,25/05/15 09:34:24,25/05/15 09:36:11,40,2
70,23,25/05/15 09:38:10,25/05/15 09:39:24,20,0
70,24,25/05/15 09:39:55,25/05/15 09:41:19,20,3
70,24,25/05/15 09:41:21,25/05/15 09:42:19,27,0
70,25,25/05/15 09:42:48,25/05/15 09:43:19,10,1
70,25,25/05/15 11:32:41,25/05/15 11:34:18,2,1
70,26,25/05/15 11:57:30,25/05/15 11:59:22,40,1
70,27,25/05/15 12:48:34,25/05/15 12:54:01,40,7
50,28,25/05/15 12:55:07,25/05/15 12:56:31,40,1
50,29,25/05/15 12:56:34,25/05/15 12:57:43,40,0
50,30,25/05/15 12:57:44,25/05/15 12:58:53,40,0
90,31,25/05/15 12:59:20,25/05/15 13:03:04,40,2
90,32,25/05/15 13:03:06,25/05/15 13:04:15,40,0
30,33,25/05/15 13:08:24,25/05/15 13:11:49,40,1
30,34,25/05/15 13:14:22,25/05/15 13:18:10,40,5
30,35,25/05/15 13:18:12,25/05/15 13:19:33,40,0
30,36,25/05/15 13:20:02,25/05/15 13:21:15,40,0
10,37,25/05/15 13:21:37,25/05/15 13:23:12,40,1
10,38,25/05/15 13:23:20,25/05/15 13:24:31,40,0
10,39,25/05/15 13:24:34,25/05/15 13:25:46,40,0
150,40,25/05/15 13:27:25,25/05/15 13:30:16,40,1
150,41,25/05/15 13:30:23,25/05/15 13:31:36,40,0
150,42,25/05/15 13:31:39,25/05/15 13:32:52,40,0
110,45,25/05/15 13:40:54,25/05/15 13:42:17,40,0
110,46,25/05/15 13:42:29,25/05/15 13:48:37,40,1
130,47,25/05/15 13:52:59,25/05/15 13:55:06,40,1
130,48,25/05/15 13:55:13,25/05/15 13:56:25,40,0
130,49,25/05/15 15:43:05,25/05/15 15:45:42,40,1
130,50,25/05/15 15:45:43,25/05/15 15:47:26,40,3
130,51,25/05/15 15:47:30,25/05/15 15:52:04,40,15
150,55,25/05/15 15:56:11,25/05/15 15:58:02,40,3
150,56,25/05/15 15:58:05,25/05/15 15:59:36,40,2
110,57,25/05/15 15:59:59,25/05/15 16:08:22,40,32
110,58,25/05/15 16:08:26,25/05/15 16:11:04,40,8
110,58,25/05/15 16:11:09,25/05/15 16:12:43,9,0
110,59,25/05/15 16:13:25,25/05/15 16:14:58,40,2
110,60,25/05/15 16:17:07,25/05/15 16:19:30,40,1
110,61,25/05/15 16:19:32,25/05/15 16:21:34,40,5
10,64,25/05/15 16:23:41,25/05/15 16:45:31,40,4
10,65,25/05/15 16:45:33,25/05/15 16:48:57,40,13
10,66,25/05/15 16:49:05,25/05/15 16:56:25,40,30
10,67,25/05/15 16:56:27,25/05/15 17:03:24,40,27
10,67,25/05/15 17:03:26,25/05/15 17:04:30,3,0
10,68,25/05/15 17:04:47,25/05/15 17:06:01,40,0
30,69,25/05/15 17:07:30,25/05/15 17:09:00,40,1
30,70,25/05/15 17:09:02,25/05/15 17:10:14,40,0
30,71,25/05/15 17:10:15,25/05/15 17:11:27,40,0
30,72,25/05/15 17:11:29,25/05/15 17:12:40,40,0
70,73,25/05/15 17:14:25,25/05/15 17:17:19,40,1
70,74,25/05/15 17:17:20,25/05/15 17:18:30,40,0
70,75,25/05/15 17:18:33,25/05/15 17:19:41,40,0
70,76,25/05/15 17:19:43,25/05/15 17:20:52,40,0
50,77,25/05/15 17:22:18,25/05/15 17:23:45,40,1
50,78,25/05/15 17:23:47,25/05/15 17:25:16,40,2
50,79,25/05/15 17:25:19,25/05/15 17:27:25,40,5
50,80,25/05/15 17:27:27,25/05/15 17:29:49,40,5
90,81,25/05/15 17:30:08,25/05/15 17:36:36,40,9
90,82,25/05/15 17:36:38,25/05/15 17:39:02,40,8
130,4,25/05/15 20:37:35,25/05/15 20:38:49,40,1
130,5,25/05/15 20:39:05,25/05/15 20:40:17,40,0
150,8,25/05/15 21:02:17,25/05/15 21:04:53,40,0
150,9,25/05/15 21:04:54,25/05/15 21:06:08,40,0
150,10,25/05/15 21:06:10,25/05/15 21:07:22,40,0
90,11,25/05/15 21:08:24,25/05/15 21:11:00,40,0
90,12,25/05/15 21:11:02,25/05/15 21:12:12,40,0
90,13,25/05/15 21:12:21,25/05/15 21:13:30,40,0
90,14,25/05/15 21:14:21,25/05/15 21:15:30,40,0
90,15,25/05/15 21:16:03,25/05/15 21:17:14,40,0
50,16,25/05/15 21:18:34,25/05/15 21:20:07,40,1
50,17,25/05/15 21:21:01,25/05/15 21:22:10,40,0
50,18,25/05/15 21:22:13,25/05/15 21:23:22,40,0
50,17,25/05/15 21:24:29,25/05/15 21:25:39,40,0
70,18,25/05/15 21:26:07,25/05/15 21:27:29,40,0
70,19,25/05/15 21:27:32,25/05/15 21:28:41,40,0
70,20,25/05/15 21:28:59,25/05/15 21:54:27,40,23
110,21,25/05/15 22:20:10,25/05/15 22:26:20,40,4
110,22,25/05/15 22:26:21,25/05/15 22:29:20,40,2
110,23,25/05/15 22:29:21,25/05/15 22:32:39,40,2
110,24,25/05/15 22:32:41,25/05/15 22:33:53,40,0
130,24,25/05/15 22:34:31,25/05/15 22:35:00,1,0
130,25,25/05/15 22:35:36,25/05/15 22:37:56,40,3
130,26,25/05/15 22:37:58,25/05/15 22:39:21,40,1
130,27,25/05/15 22:39:22,25/05/15 22:42:55,40,10
150,28,25/05/15 22:56:37,25/05/15 23:06:48,40,11
150,29,25/05/15 23:08:03,25/05/15 23:09:40,40,1
30,30,25/05/15 23:10:47,25/05/15 23:14:18,40,1
30,31,25/05/15 23:14:21,25/05/15 23:15:44,40,1
30,32,25/05/15 23:15:46,25/05/15 23:17:10,40,1
30,32,25/05/15 23:17:37,25/05/15 23:19:21,12,2
30,32,25/05/15 23:19:38,25/05/15 23:20:02,0,0
30,33,25/05/15 23:20:10,25/05/15 23:21:28,40,1
10,34,25/05/15 23:23:50,25/05/15 23:29:10,40,3
10,35,25/05/15 23:29:12,25/05/15 23:32:31,40,4
10,36,25/05/15 23:32:33,25/05/15 23:34:15,40,1
10,37,25/05/15 23:34:23,25/05/15 23:37:17,40,3
10,38,25/05/15 23:37:24,25/05/15 23:42:17,40,3
30,39,25/05/16 01:47:35,25/05/16 01:49:08,40,1
70,40,25/05/16 01:50:57,25/05/16 01:53:53,40,1
70,41,25/05/16 01:53:55,25/05/16 01:55:05,40,0
70,42,25/05/16 01:56:17,25/05/16 01:57:27,40,0
70,43,25/05/16 01:57:29,25/05/16 01:58:39,40,0
50,44,25/05/16 01:59:48,25/05/16 02:01:14,40,1
50,45,25/05/16 02:02:02,25/05/16 02:03:11,40,0
50,46,25/05/16 02:03:13,25/05/16 02:04:22,40,0
50,47,25/05/16 02:04:24,25/05/16 02:05:33,40,0
90,48,25/05/16 02:05:55,25/05/16 02:07:14,40,0
90,49,25/05/16 02:07:30,25/05/16 02:08:39,40,0
90,50,25/05/16 02:08:41,25/05/16 02:09:50,40,0
90,51,25/05/16 02:09:52,25/05/16 02:11:00,40,0
110,52,25/05/16 02:12:57,25/05/16 02:16:40,40,1
110,53,25/05/16 02:16:45,25/05/16 02:17:58,40,0
110,54,25/05/16 02:18:00,25/05/16 02:19:12,40,0
110,55,25/05/16 02:19:14,25/05/16 02:20:26,40,0
130,56,25/05/16 02:20:50,25/05/16 02:22:17,40,0
130,57,25/05/16 02:22:22,25/05/16 02:23:34,40,0
130,58,25/05/16 02:23:36,25/05/16 02:24:48,40,0
130,59,25/05/16 02:24:55,25/05/16 02:26:08,40,0
130,60,25/05/16 02:26:09,25/05/16 02:27:22,40,0
150,61,25/05/16 02:28:56,25/05/16 02:40:18,40,18
150,61,25/05/16 02:40:56,25/05/16 02:41:48,24,0
150,62,25/05/16 03:00:30,25/05/16 03:01:23,15,0
150,62,25/05/16 03:01:37,25/05/16 05:00:58,25,4
150,62,25/05/16 05:01:18,25/05/16 05:03:47,4,0
150,63,25/05/16 05:06:12,25/05/16 05:14:49,20,5
150,63,25/05/16 05:15:13,25/05/16 05:17:19,13,2
150,65,25/05/16 05:18:57,25/05/16 05:20:15,40,1
30,66,25/05/16 05:22:09,25/05/16 05:26:48,40,1
30,67,25/05/16 05:26:56,25/05/16 05:30:08,40,4
30,68,25/05/16 05:30:37,25/05/16 05:35:38,40,4
30,71,25/05/16 05:36:14,25/05/16 05:39:27,40,2
30,72,25/05/16 05:40:58,25/05/16 05:42:11,40,0
10,72,25/05/16 05:42:56,25/05/16 05:45:01,1,0
10,73,25/05/16 05:45:15,25/05/16 05:47:07,40,1
10,74,25/05/16 05:47:30,25/05/16 05:48:42,40,0
10,75,25/05/16 05:57:50,25/05/16 05:59:13,40,0
10,76,25/05/16 05:59:34,25/05/16 06:01:11,40,0
50,77,25/05/16 06:06:51,25/05/16 06:09:21,40,1
50,78,25/05/16 06:09:33,25/05/16 06:10:44,40,0
70,79,25/05/16 06:11:05,25/05/16 06:12:48,40,2
70,80,25/05/16 06:13:02,25/05/16 06:14:11,40,0
90,81,25/05/16 06:14:34,25/05/16 06:17:55,40,3
90,82,25/05/16 06:18:08,25/05/16 06:19:17,40,0
9000,2,25/05/16 07:10:55,25/05/16 07:11:08,3,1
9010,3,25/05/16 07:11:11,25/05/16 07:11:17,1,0
110,4,25/05/16 07:26:15,25/05/16 07:31:15,40,4
110,5,25/05/16 07:31:16,25/05/16 07:33:20,40,2
110,6,25/05/16 07:33:33,25/05/16 07:36:06,40,1
110,7,25/05/16 07:36:22,25/05/16 07:39:25,40,3
130,8,25/05/16 07:41:21,25/05/16 07:42:46,40,0
130,9,25/05/16 07:42:50,25/05/16 07:44:02,40,0
130,10,25/05/16 07:44:08,25/05/16 07:45:20,40,0
130,11,25/05/16 07:45:22,25/05/16 07:46:34,40,0
150,12,25/05/16 07:48:17,25/05/16 07:49:48,40,1
150,13,25/05/16 07:49:56,25/05/16 07:51:09,40,0
150,14,25/05/16 07:51:28,25/05/16 07:52:40,40,0
150,15,25/05/16 07:52:41,25/05/16 07:53:54,40,0
90,16,25/05/16 07:55:59,25/05/16 08:01:03,40,1
90,17,25/05/16 08:01:09,25/05/16 08:02:19,40,0
70,18,25/05/16 08:02:41,25/05/16 08:04:07,40,0
70,19,25/05/16 08:04:30,25/05/16 08:05:39,40,0
50,20,25/05/16 08:06:09,25/05/16 08:07:51,40,0
50,21,25/05/16 08:08:10,25/05/16 08:09:20,40,0
10,22,25/05/16 10:31:10,25/05/16 10:35:34,40,1
10,23,25/05/16 10:35:39,25/05/16 10:37:57,40,1
10,24,25/05/16 10:38:00,25/05/16 10:39:12,40,0
10,25,25/05/16 10:39:39,25/05/16 10:42:20,40,1
30,26,25/05/16 10:44:07,25/05/16 10:47:21,40,2
30,27,25/05/16 10:47:23,25/05/16 10:48:35,40,0
30,28,25/05/16 10:48:41,25/05/16 10:49:52,40,0
50,29,25/05/16 11:00:50,25/05/16 11:03:30,40,1
50,30,25/05/16 11:03:34,25/05/16 11:05:54,80,0
70,31,25/05/16 11:07:12,25/05/16 11:10:56,120,0
70,32,25/05/16 11:10:59,25/05/16 11:12:08,40,0
90,33,25/05/16 11:13:47,25/05/16 11:15:17,40,1
90,34,25/05/16 11:15:50,25/05/16 11:16:59,40,0
90,35,25/05/16 11:17:01,25/05/16 11:21:07,40,10
110,35,25/05/16 11:23:25,25/05/16 11:39:54,23,39
130,39,25/05/16 11:41:38,25/05/16 11:54:20,1,6
150,43,25/05/16 14:55:09,25/05/16 15:07:48,12,1
150,45,25/05/16 15:13:58,25/05/16 15:16:58,40,1
150,46,25/05/16 15:17:05,25/05/16 15:18:30,40,0
150,47,25/05/16 15:18:32,25/05/16 15:19:45,40,0
130,48,25/05/16 15:22:53,25/05/16 15:29:50,40,2
130,49,25/05/16 15:29:52,25/05/16 15:31:05,40,0
130,50,25/05/16 15:31:13,25/05/16 15:32:25,40,0
110,51,25/05/16 15:33:42,25/05/16 15:35:18,40,1
110,52,25/05/16 15:35:24,25/05/16 15:36:37,40,0
110,53,25/05/16 15:36:40,25/05/16 15:37:52,40,0
10,54,25/05/16 15:39:49,25/05/16 15:45:17,40,1
10,55,25/05/16 15:48:09,25/05/16 15:52:06,40,1
10,56,25/05/16 15:52:08,25/05/16 15:53:20,40,0
10,57,25/05/16 15:53:25,25/05/16 15:54:36,40,0
30,58,25/05/16 15:55:13,25/05/16 15:59:13,40,4
30,59,25/05/16 15:59:15,25/05/16 16:01:22,40,1
30,60,25/05/16 16:01:25,25/05/16 16:02:38,40,0
30,61,25/05/16 16:02:40,25/05/16 16:03:52,40,0
70,62,25/05/16 16:58:10,25/05/16 17:01:15,40,1
70,63,25/05/16 17:01:41,25/05/16 17:02:51,40,0
70,64,25/05/16 17:02:53,25/05/16 17:04:02,40,0
70,65,25/05/16 17:04:05,25/05/16 17:05:14,40,0
50,66,25/05/16 17:06:12,25/05/16 17:08:38,40,3
50,67,25/05/16 17:08:51,25/05/16 17:10:00,40,0
50,68,25/05/16 17:10:01,25/05/16 17:11:11,40,0
50,69,25/05/16 17:11:17,25/05/16 17:12:26,40,0
90,70,25/05/16 17:12:45,25/05/16 17:14:07,40,0
90,71,25/05/16 17:14:09,25/05/16 17:15:18,40,0
90,72,25/05/16 17:15:23,25/05/16 17:16:31,40,0
90,73,25/05/16 17:16:39,25/05/16 17:18:39,40,1
110,74,25/05/16 17:19:57,25/05/16 17:22:35,40,1
110,75,25/05/16 17:22:40,25/05/16 17:23:54,40,0
130,76,25/05/16 17:25:11,25/05/16 17:26:54,40,2
130,77,25/05/16 17:26:57,25/05/16 17:28:22,40,1
130,78,25/05/16 17:28:25,25/05/16 17:29:37,40,0
150,79,25/05/16 17:30:53,25/05/16 17:32:15,40,0
150,80,25/05/16 17:32:22,25/05/16 17:33:34,40,0
9000,2,25/05/16 19:23:36,25/05/16 19:23:59,3,0
9010,3,25/05/16 19:24:12,25/05/16 19:24:20,1,0
150,4,25/05/16 19:26:55,25/05/16 19:31:06,40,1
150,5,25/05/16 19:31:15,25/05/16 19:32:29,40,0
150,6,25/05/16 19:32:32,25/05/16 19:33:44,40,0
130,7,25/05/16 19:34:04,25/05/16 19:35:29,40,0
130,8,25/05/16 19:35:43,25/05/16 19:37:06,40,0
130,9,25/05/16 19:37:09,25/05/16 19:38:22,40,0
110,9,25/05/16 19:38:45,25/05/16 19:40:10,1,0
110,10,25/05/16 19:40:15,25/05/16 19:41:44,40,1
110,11,25/05/16 19:42:11,25/05/16 19:44:07,40,1
10,12,25/05/16 19:45:12,25/05/16 19:56:44,40,1
10,13,25/05/16 19:56:52,25/05/16 19:58:28,40,0
10,14,25/05/16 19:58:35,25/05/16 19:59:47,40,0
10,15,25/05/16 19:59:50,25/05/16 20:01:02,40,0
30,16,25/05/16 20:02:32,25/05/16 20:06:34,40,4
30,17,25/05/16 20:07:25,25/05/16 20:08:37,40,0
30,18,25/05/16 20:11:28,25/05/16 20:13:38,40,2
30,19,25/05/16 20:14:47,25/05/16 20:17:51,40,2
90,20,25/05/16 20:47:58,25/05/16 21:54:05,40,1
90,21,25/05/16 21:54:08,25/05/16 21:55:19,40,0
90,22,25/05/16 21:56:10,25/05/16 21:59:13,40,2
90,23,25/05/16 21:59:15,25/05/16 22:00:24,40,0
70,24,25/05/16 22:00:53,25/05/16 22:03:19,40,2
70,25,25/05/16 22:03:21,25/05/16 22:04:30,40,0
70,26,25/05/16 22:04:34,25/05/16 22:05:43,40,0
70,27,25/05/16 22:05:45,25/05/16 22:06:54,40,0
50,28,25/05/16 22:08:20,25/05/16 22:09:47,40,1
50,29,25/05/16 22:09:49,25/05/16 22:10:58,40,0
50,30,25/05/16 22:11:15,25/05/16 22:12:24,40,0
50,31,25/05/16 22:12:26,25/05/16 22:13:35,40,0
110,32,25/05/16 22:15:05,25/05/16 22:18:36,40,1
110,33,25/05/16 22:19:11,25/05/16 22:21:41,40,2
150,34,25/05/16 22:22:01,25/05/16 22:24:04,40,1
150,35,25/05/16 22:24:06,25/05/16 22:25:18,40,0
30,36,25/05/16 22:26:02,25/05/16 22:30:40,40,2
30,37,25/05/16 22:30:53,25/05/16 22:32:20,40,0
10,37,25/05/16 22:33:50,25/05/16 22:35:02,1,0
10,38,25/05/16 22:35:07,25/05/16 22:36:35,40,1
30,39,25/05/17 01:14:47,25/05/17 01:16:05,40,1
30,40,25/05/17 01:16:16,25/05/17 01:17:30,40,0
30,41,25/05/17 01:19:17,25/05/17 01:20:29,40,0
10,42,25/05/17 01:21:25,25/05/17 01:22:56,40,1
10,43,25/05/17 01:23:10,25/05/17 01:24:22,40,0
10,44,25/05/17 01:25:27,25/05/17 01:26:39,40,0
10,45,25/05/17 01:26:42,25/05/17 01:27:54,40,0
50,46,25/05/17 01:31:00,25/05/17 01:34:20,40,1
50,47,25/05/17 01:34:21,25/05/17 01:35:32,40,0
50,48,25/05/17 01:36:11,25/05/17 01:37:20,40,0
70,49,25/05/17 01:37:39,25/05/17 01:40:37,40,2
70,50,25/05/17 01:40:55,25/05/17 01:42:04,40,0
70,51,25/05/17 01:42:06,25/05/17 01:43:15,40,0
50,56,25/05/17 01:44:16,25/05/17 01:47:23,40,1
90,52,25/05/17 01:47:53,25/05/17 01:49:21,40,0
90,53,25/05/17 01:49:26,25/05/17 01:50:35,40,0
90,54,25/05/17 01:50:55,25/05/17 01:52:04,40,0
90,55,25/05/17 01:52:06,25/05/17 01:53:15,40,0
110,57,25/05/17 01:54:17,25/05/17 01:57:52,40,1
110,58,25/05/17 01:58:06,25/05/17 01:59:20,40,0
110,59,25/05/17 01:59:29,25/05/17 02:01:40,40,1
130,60,25/05/17 02:01:57,25/05/17 02:03:26,40,0
130,61,25/05/17 02:03:53,25/05/17 02:05:05,40,0
130,62,25/05/17 02:05:12,25/05/17 02:06:24,40,0
130,63,25/05/17 02:06:26,25/05/17 02:07:38,40,0
150,64,25/05/17 02:08:50,25/05/17 02:10:12,40,0
150,65,25/05/17 02:10:19,25/05/17 02:11:31,40,0
150,66,25/05/17 02:11:33,25/05/17 02:12:45,40,0
150,67,25/05/17 02:13:38,25/05/17 02:14:50,40,0
9000,2,25/05/19 19:09:39,25/05/19 19:10:03,3,1
9010,3,25/05/19 19:10:07,25/05/19 19:10:14,1,0
130,4,25/05/19 19:11:57,25/05/19 19:17:29,40,1
130,5,25/05/19 19:17:31,25/05/19 19:18:44,40,0
130,6,25/05/19 19:19:11,25/05/19 19:20:24,40,0
150,7,25/05/19 19:20:49,25/05/19 19:23:51,40,1
150,8,25/05/19 19:23:55,25/05/19 19:25:07,40,0
110,9,25/05/19 19:26:43,25/05/19 19:28:28,40,1
110,10,25/05/19 19:28:30,25/05/19 19:29:42,40,0
110,11,25/05/19 19:29:48,25/05/19 19:31:00,40,0
90,12,25/05/19 19:32:49,25/05/19 19:38:25,40,1
90,13,25/05/19 19:39:03,25/05/19 19:40:13,40,0
70,14,25/05/19 19:40:38,25/05/19 19:42:06,40,0
70,15,25/05/19 19:42:11,25/05/19 19:43:20,40,0
70,16,25/05/19 19:43:23,25/05/19 19:44:32,40,0
50,17,25/05/19 19:46:14,25/05/19 19:49:05,40,2
50,18,25/05/19 19:49:46,25/05/19 19:53:47,40,1
10,19,25/05/19 19:56:25,25/05/19 20:03:30,40,3
10,20,25/05/19 20:03:39,25/05/19 20:04:51,40,0
10,21,25/05/19 20:05:15,25/05/19 20:06:26,40,0
30,22,25/05/19 20:08:18,25/05/19 20:10:48,40,1
30,23,25/05/19 20:11:11,25/05/19 20:13:09,40,0
30,24,25/05/19 20:13:15,25/05/19 20:14:28,40,0
30,25,25/05/19 22:53:26,25/05/19 22:54:43,40,1
30,26,25/05/19 22:54:48,25/05/19 22:56:00,40,0
10,27,25/05/19 22:57:26,25/05/19 23:00:27,40,1
10,28,25/05/19 23:00:29,25/05/19 23:01:41,40,0
50,29,25/05/19 23:03:55,25/05/19 23:13:14,40,1
50,30,25/05/19 23:14:03,25/05/19 23:15:14,40,0
50,35,25/05/19 23:16:06,25/05/19 23:17:16,40,0
50,36,25/05/19 23:17:18,25/05/19 23:18:28,40,0
70,37,25/05/19 23:18:51,25/05/19 23:20:14,40,0
70,38,25/05/19 23:20:19,25/05/19 23:21:28,40,0
70,39,25/05/19 23:21:32,25/05/19 23:22:41,40,0
70,40,25/05/19 23:22:44,25/05/19 23:23:53,40,0
90,41,25/05/19 23:26:30,25/05/19 23:27:58,40,1
90,42,25/05/19 23:28:00,25/05/19 23:29:09,40,0
90,43,25/05/19 23:29:12,25/05/20 00:18:31,40,1
90,44,25/05/20 00:18:33,25/05/20 00:19:42,40,0
110,45,25/05/20 00:23:06,25/05/20 00:26:10,40,1
110,46,25/05/20 00:26:12,25/05/20 00:27:25,40,0
110,47,25/05/20 00:27:32,25/05/20 00:28:54,40,0
110,48,25/05/20 00:28:59,25/05/20 00:30:13,40,0
150,49,25/05/20 00:31:55,25/05/20 00:33:29,40,1
150,50,25/05/20 00:33:31,25/05/20 00:35:08,40,0
150,51,25/05/20 00:35:09,25/05/20 00:36:23,40,0
150,52,25/05/20 00:36:31,25/05/20 00:37:43,40,0
130,53,25/05/20 00:38:59,25/05/20 00:41:35,40,3
130,54,25/05/20 00:41:39,25/05/20 00:42:52,40,0
130,55,25/05/20 00:42:55,25/05/20 00:44:19,40,0
10,56,25/05/20 00:46:49,25/05/20 00:50:08,40,1
30,57,25/05/20 00:50:36,25/05/20 00:52:14,40,2
30,58,25/05/20 00:52:16,25/05/20 00:53:28,40,0
30,59,25/05/20 02:05:58,25/05/20 02:07:10,40,0
30,60,25/05/20 02:07:13,25/05/20 02:08:25,40,0
10,61,25/05/20 02:08:45,25/05/20 02:12:13,40,2
10,62,25/05/20 02:12:15,25/05/20 02:14:46,40,1
10,63,25/05/20 02:14:47,25/05/20 02:16:00,40,0
50,64,25/05/20 02:19:14,25/05/20 02:24:34,40,1
50,65,25/05/20 02:24:35,25/05/20 02:25:46,40,0
70,66,25/05/20 02:26:05,25/05/20 02:27:40,40,0
70,67,25/05/20 02:27:57,25/05/20 02:29:06,40,0
90,68,25/05/20 02:30:59,25/05/20 02:32:29,40,1
90,69,25/05/20 02:32:43,25/05/20 02:33:52,40,0
90,70,25/05/20 02:33:54,25/05/20 02:35:03,40,0
110,71,25/05/20 02:36:25,25/05/20 02:40:16,40,1
110,72,25/05/20 02:40:20,25/05/20 02:41:34,40,0
130,73,25/05/20 02:41:58,25/05/20 02:43:29,40,0
130,74,25/05/20 02:43:34,25/05/20 02:44:47,40,0
150,75,25/05/20 02:45:09,25/05/20 02:47:11,40,2
150,76,25/05/20 05:34:55,25/05/20 05:36:13,40,1
150,77,25/05/20 05:36:14,25/05/20 05:37:28,40,0
150,78,25/05/20 05:37:42,25/05/20 05:38:55,40,0
130,79,25/05/20 05:39:13,25/05/20 05:40:46,40,0
130,80,25/05/20 05:40:48,25/05/20 05:42:00,40,0
110,81,25/05/20 05:42:31,25/05/20 05:44:20,40,2
110,82,25/05/20 05:44:27,25/05/20 05:45:40,40,0
90,83,25/05/20 05:46:50,25/05/20 05:50:47,40,1
90,84,25/05/20 05:50:51,25/05/20 05:52:01,40,0
70,85,25/05/20 05:52:27,25/05/20 05:53:58,40,1
70,86,25/05/20 05:54:00,25/05/20 05:55:09,40,0
50,87,25/05/20 05:56:44,25/05/20 05:59:02,40,2
50,88,25/05/20 05:59:04,25/05/20 06:00:12,40,0
10,89,25/05/20 06:01:24,25/05/20 06:08:49,40,2
10,90,25/05/20 06:08:52,25/05/20 06:10:05,40,0
30,91,25/05/20 06:11:13,25/05/20 06:12:35,40,0
30,92,25/05/20 06:12:37,25/05/20 06:13:49,40,0
9000,2,25/05/20 19:07:03,25/05/20 19:13:07,3,1
9010,3,25/05/20 19:13:20,25/05/20 19:13:31,1,1
10,4,25/05/20 19:15:30,25/05/20 19:24:32,40,2
30,5,25/05/20 19:24:59,25/05/20 19:26:30,40,0
30,6,25/05/20 19:27:06,25/05/20 19:28:24,40,1
50,7,25/05/20 19:31:11,25/05/20 19:36:20,40,1
50,8,25/05/20 19:36:22,25/05/20 19:37:32,40,0
70,9,25/05/20 19:39:04,25/05/20 19:40:36,40,1
70,10,25/05/20 19:40:42,25/05/20 19:41:51,40,0
90,11,25/05/20 19:44:08,25/05/20 19:45:44,40,1
110,12,25/05/20 19:49:22,25/05/20 19:53:43,40,1
110,13,25/05/20 19:53:45,25/05/20 19:54:58,40,0
130,14,25/05/20 19:57:00,25/05/20 20:02:49,40,2
130,15,25/05/20 20:03:02,25/05/20 20:04:14,40,0
150,16,25/05/20 20:05:25,25/05/20 20:06:52,40,1
150,17,25/05/20 20:06:58,25/05/20 20:08:11,40,0
150,18,25/05/20 22:31:12,25/05/20 22:32:25,40,0
150,19,25/05/20 22:32:27,25/05/20 22:33:40,40,0
150,22,25/05/20 23:15:36,25/05/20 23:16:49,40,0
150,23,25/05/20 23:16:54,25/05/20 23:18:07,40,0
130,24,25/05/20 23:19:57,25/05/20 23:21:32,40,1
130,25,25/05/20 23:21:34,25/05/20 23:22:46,40,0
130,26,25/05/20 23:22:50,25/05/20 23:24:03,40,0
110,27,25/05/20 23:25:49,25/05/21 00:18:05,40,9
110,28,25/05/21 00:18:09,25/05/21 00:19:21,40,0
110,29,25/05/21 00:19:25,25/05/21 00:20:38,40,0
10,38,25/05/21 00:30:26,25/05/21 00:35:15,40,1
10,39,25/05/21 00:35:16,25/05/21 00:36:42,40,1
10,40,25/05/21 00:36:51,25/05/21 00:42:51,40,3
10,41,25/05/21 00:42:53,25/05/21 00:44:06,40,0
30,42,25/05/21 00:45:22,25/05/21 00:46:49,40,0
30,43,25/05/21 00:46:51,25/05/21 00:48:03,40,0
30,44,25/05/21 00:48:05,25/05/21 00:49:17,40,0
70,45,25/05/21 00:51:05,25/05/21 00:54:10,40,1
70,46,25/05/21 00:54:14,25/05/21 00:55:24,40,0
70,47,25/05/21 00:55:26,25/05/21 00:56:35,40,0
90,48,25/05/21 00:57:39,25/05/21 00:59:05,40,1
90,49,25/05/21 00:59:13,25/05/21 01:03:09,40,1
90,50,25/05/21 01:03:11,25/05/21 01:04:20,40,0
90,50,25/05/21 01:04:22,25/05/21 01:05:57,27,0
90,51,25/05/21 01:07:17,25/05/21 01:08:03,13,1
50,53,25/05/21 01:09:35,25/05/21 01:11:05,40,1
50,54,25/05/21 01:11:08,25/05/21 01:12:17,40,0
50,55,25/05/21 01:12:26,25/05/21 01:13:35,40,0
50,56,25/05/21 01:13:37,25/05/21 01:14:46,40,0
50,57,25/05/21 03:11:24,25/05/21 03:12:33,40,0
50,58,25/05/21 03:12:35,25/05/21 03:13:44,40,0
70,59,25/05/21 03:15:30,25/05/21 03:16:57,40,1
70,60,25/05/21 03:16:59,25/05/21 03:18:08,40,0
70,61,25/05/21 03:18:11,25/05/21 03:19:20,40,0
90,62,25/05/21 03:20:42,25/05/21 03:22:06,40,1
90,63,25/05/21 03:22:07,25/05/21 03:23:16,40,0
110,64,25/05/21 03:26:38,25/05/21 03:29:53,40,1
110,65,25/05/21 03:29:56,25/05/21 03:31:09,40,0
110,66,25/05/21 03:31:11,25/05/21 03:32:23,40,0
130,67,25/05/21 03:33:59,25/05/21 03:35:53,40,2
130,68,25/05/21 03:35:58,25/05/21 03:37:10,40,0
150,69,25/05/21 03:38:34,25/05/21 03:40:01,40,1
150,70,25/05/21 03:40:03,25/05/21 03:41:15,40,0
10,71,25/05/21 03:42:52,25/05/21 03:48:27,40,1
10,72,25/05/21 03:48:35,25/05/21 03:49:48,40,0
30,73,25/05/21 03:51:06,25/05/21 03:52:38,40,0
30,74,25/05/21 03:52:41,25/05/21 03:53:53,40,0
30,75,25/05/21 03:53:55,25/05/21 03:55:07,40,0
30,74,25/05/21 08:36:31,25/05/21 08:40:37,1,2
9000,2,25/05/21 19:04:30,25/05/21 19:05:16,3,2
9010,3,25/05/21 19:05:19,25/05/21 19:05:26,1,0
9010,4,25/05/21 19:05:35,25/05/21 19:13:49,1,2
10,4,25/05/21 19:16:17,25/05/21 19:21:50,40,1
10,5,25/05/21 19:21:52,25/05/21 19:23:05,40,0
30,6,25/05/21 19:23:31,25/05/21 19:26:13,40,1
50,7,25/05/21 19:34:10,25/05/21 19:38:53,40,1
50,8,25/05/21 19:39:03,25/05/21 19:41:07,40,0
70,9,25/05/21 19:42:48,25/05/21 19:45:25,40,4
90,10,25/05/21 19:46:41,25/05/21 19:48:08,40,1
90,11,25/05/21 19:48:09,25/05/21 19:49:18,40,0
110,12,25/05/21 19:51:15,25/05/21 19:56:29,40,1
110,13,25/05/21 19:56:31,25/05/21 19:57:45,40,0
130,14,25/05/21 19:59:28,25/05/21 20:02:18,40,2
130,15,25/05/21 20:02:20,25/05/21 20:03:32,40,0
130,16,25/05/21 20:03:35,25/05/21 20:04:47,40,0
150,17,25/05/21 20:05:57,25/05/21 20:07:27,40,1
150,18,25/05/21 20:07:28,25/05/21 20:08:41,40,0
150,19,25/05/21 22:31:34,25/05/21 22:35:22,40,1
130,20,25/05/21 22:36:47,25/05/21 22:38:19,40,1
130,21,25/05/21 22:38:22,25/05/21 22:39:34,40,0
110,22,25/05/21 22:41:07,25/05/21 22:42:39,40,1
90,23,25/05/21 22:44:05,25/05/21 22:47:51,40,1
90,24,25/05/21 22:47:53,25/05/21 22:49:03,40,0
70,25,25/05/21 22:50:33,25/05/21 22:52:02,40,1
70,26,25/05/21 22:52:05,25/05/21 22:53:14,40,0
50,27,25/05/21 22:54:38,25/05/21 22:56:06,40,1
10,28,25/05/21 22:57:48,25/05/21 23:03:40,40,1
10,29,25/05/21 23:03:42,25/05/21 23:04:55,40,0
30,30,25/05/21 23:06:45,25/05/21 23:11:25,40,3
30,31,25/05/21 23:11:27,25/05/21 23:16:13,40,3
30,32,25/05/21 23:16:15,25/05/21 23:17:27,40,0
30,33,25/05/21 23:17:29,25/05/21 23:21:14,40,1
30,34,25/05/21 23:21:17,25/05/21 23:22:30,40,0
10,35,25/05/21 23:22:55,25/05/21 23:24:29,40,0
10,36,25/05/21 23:24:31,25/05/21 23:25:44,40,0
50,37,25/05/21 23:28:25,25/05/22 00:19:41,40,1
50,38,25/05/22 00:19:45,25/05/22 00:20:55,40,0
50,39,25/05/22 00:21:06,25/05/22 00:22:15,40,0
70,40,25/05/22 00:23:31,25/05/22 00:25:10,40,2
70,41,25/05/22 00:25:14,25/05/22 00:26:23,40,0
90,42,25/05/22 00:27:33,25/05/22 00:29:10,40,1
90,43,25/05/22 00:29:12,25/05/22 00:30:21,40,0
110,44,25/05/22 00:32:03,25/05/22 00:36:27,40,1
110,45,25/05/22 00:36:29,25/05/22 00:37:42,40,0
110,46,25/05/22 00:37:46,25/05/22 00:38:58,40,0
130,47,25/05/22 00:40:13,25/05/22 00:41:52,40,1
130,48,25/05/22 00:41:55,25/05/22 00:43:09,40,0
150,49,25/05/22 00:44:21,25/05/22 00:59:38,40,2
150,50,25/05/22 00:59:43,25/05/22 01:01:02,40,0
150,51,25/05/22 03:23:37,25/05/22 03:27:12,40,1
150,52,25/05/22 03:27:14,25/05/22 03:28:41,40,0
150,53,25/05/22 03:28:49,25/05/22 03:30:02,40,0
130,54,25/05/22 03:31:31,25/05/22 03:34:38,40,2
130,55,25/05/22 03:34:42,25/05/22 03:38:39,40,2
110,56,25/05/22 03:40:32,25/05/22 03:42:02,40,1
110,57,25/05/22 03:42:04,25/05/22 03:43:16,40,0
90,58,25/05/22 03:45:23,25/05/22 03:52:05,40,2
90,59,25/05/22 03:53:24,25/05/22 03:56:59,40,1
70,60,25/05/22 03:58:07,25/05/22 03:59:30,40,1
70,61,25/05/22 03:59:35,25/05/22 04:00:44,40,0
70,62,25/05/22 04:00:46,25/05/22 04:01:55,40,0
50,63,25/05/22 04:03:13,25/05/22 04:04:57,40,2
50,64,25/05/22 04:04:59,25/05/22 04:06:08,40,0
30,65,25/05/22 04:08:45,25/05/22 04:12:12,40,1
30,66,25/05/22 04:12:14,25/05/22 04:13:27,40,0
10,67,25/05/22 04:14:08,25/05/22 04:17:10,40,1
10,68,25/05/22 04:17:19,25/05/22 04:18:32,40,0
9000,2,25/05/22 19:00:24,25/05/22 19:00:49,3,1
9010,3,25/05/22 19:00:52,25/05/22 19:00:58,1,0
30,4,25/05/22 20:25:08,25/05/22 20:29:45,40,1
10,5,25/05/22 20:30:26,25/05/22 20:33:08,40,1
10,6,25/05/22 20:33:17,25/05/22 20:34:39,40,0
50,13,25/05/22 20:45:04,25/05/22 20:48:21,40,1
50,14,25/05/22 20:48:23,25/05/22 20:49:33,40,0
50,15,25/05/22 20:49:36,25/05/22 20:50:45,40,0
50,16,25/05/22 20:50:49,25/05/22 20:51:58,40,0
70,17,25/05/22 20:53:53,25/05/22 20:56:52,40,2
70,18,25/05/22 20:56:55,25/05/22 20:58:04,40,0
70,19,25/05/22 20:58:18,25/05/22 20:59:27,40,0
90,20,25/05/22 21:00:39,25/05/22 21:02:17,40,1
90,21,25/05/22 21:02:19,25/05/22 21:03:28,40,0
90,22,25/05/22 21:03:30,25/05/22 21:04:39,40,0
90,23,25/05/22 21:04:41,25/05/22 21:05:50,40,0
110,24,25/05/22 21:06:57,25/05/22 21:11:08,40,1
110,25,25/05/22 21:11:12,25/05/22 21:12:26,40,0
110,26,25/05/22 21:12:30,25/05/22 21:13:42,40,0
130,27,25/05/22 21:14:59,25/05/22 21:17:33,40,2
130,28,25/05/22 21:17:35,25/05/22 21:18:47,40,0
130,29,25/05/22 21:18:49,25/05/22 21:20:01,40,0
130,30,25/05/22 21:20:03,25/05/22 21:21:15,40,0
150,31,25/05/22 21:22:22,25/05/22 21:23:54,40,1
150,32,25/05/22 21:24:02,25/05/22 21:41:00,40,0
150,33,25/05/22 21:41:02,25/05/22 21:42:14,40,0
30,34,25/05/22 21:44:35,25/05/22 21:48:33,40,1
30,35,25/05/22 21:48:35,25/05/22 21:49:47,40,0
30,36,25/05/22 21:50:04,25/05/22 21:51:15,40,0
10,37,25/05/22 21:51:45,25/05/22 21:54:27,40,2
10,38,25/05/22 21:54:30,25/05/22 21:55:42,40,0
10,39,25/05/23 01:17:52,25/05/23 01:19:10,40,1
10,40,25/05/23 01:19:11,25/05/23 01:20:33,40,0
30,41,25/05/23 01:21:09,25/05/23 01:22:36,40,0
70,42,25/05/23 01:27:45,25/05/23 01:32:55,40,1
70,43,25/05/23 01:32:58,25/05/23 01:34:08,40,0
90,44,25/05/23 01:36:01,25/05/23 01:37:28,40,1
90,45,25/05/23 01:37:35,25/05/23 01:38:44,40,0
110,46,25/05/23 01:40:08,25/05/23 01:43:43,40,1
110,47,25/05/23 01:43:45,25/05/23 01:44:59,40,0
130,48,25/05/23 01:47:58,25/05/23 01:49:33,40,1
130,49,25/05/23 01:49:37,25/05/23 01:50:49,40,0
150,50,25/05/23 01:52:42,25/05/23 01:54:54,40,2
150,51,25/05/23 01:54:58,25/05/23 01:56:11,40,0
150,52,25/05/23 01:59:43,25/05/23 02:03:17,40,1
150,53,25/05/23 02:03:20,25/05/23 02:04:33,40,0
150,54,25/05/23 02:04:36,25/05/23 02:05:48,40,0
130,55,25/05/23 02:06:56,25/05/23 02:08:23,40,1
130,56,25/05/23 02:08:26,25/05/23 02:09:39,40,0
110,57,25/05/23 02:10:47,25/05/23 02:12:20,40,1
110,58,25/05/23 02:12:34,25/05/23 02:13:47,40,0
110,59,25/05/23 02:14:00,25/05/23 02:15:13,40,0
90,60,25/05/23 02:16:58,25/05/23 02:23:00,40,1
90,61,25/05/23 02:23:03,25/05/23 02:24:13,40,0
50,62,25/05/23 02:26:03,25/05/23 02:27:39,40,1
50,63,25/05/23 02:27:52,25/05/23 02:29:01,40,0
50,64,25/05/23 02:29:08,25/05/23 02:30:17,40,0
50,65,25/05/23 02:30:25,25/05/23 02:31:34,40,0
70,66,25/05/23 02:33:20,25/05/23 02:34:51,40,1
70,67,25/05/23 02:34:53,25/05/23 02:36:02,40,0
30,68,25/05/23 02:39:45,25/05/23 02:45:03,40,1
30,69,25/05/23 02:45:05,25/05/23 02:46:18,40,0
30,70,25/05/23 02:46:32,25/05/23 02:47:44,40,0
10,71,25/05/23 02:48:22,25/05/23 03:06:40,40,1
10,72,25/05/23 03:06:49,25/05/23 03:08:02,40,0
9000,2,25/05/23 19:06:49,25/05/23 19:07:22,3,2
9010,3,25/05/23 19:07:29,25/05/23 19:07:36,1,0
9010,4,25/05/23 19:13:36,25/05/23 19:13:57,1,1
10,4,25/05/23 20:56:05,25/05/23 21:00:10,40,1
10,5,25/05/23 21:00:12,25/05/23 21:01:25,40,0
10,6,25/05/23 21:01:27,25/05/23 21:02:50,40,0
10,7,25/05/23 21:03:11,25/05/23 21:04:24,40,0
30,8,25/05/23 21:04:46,25/05/23 21:06:13,40,0
30,9,25/05/23 21:06:16,25/05/23 21:07:28,40,0
30,10,25/05/23 21:07:30,25/05/23 21:08:42,40,0
70,11,25/05/23 21:11:13,25/05/23 21:16:29,40,1
70,12,25/05/23 21:16:32,25/05/23 21:17:42,40,0
70,13,25/05/23 21:17:43,25/05/23 21:18:53,40,0
70,14,25/05/23 21:18:55,25/05/23 21:20:04,40,0
50,15,25/05/23 21:21:53,25/05/23 21:23:25,40,1
50,16,25/05/23 21:23:29,25/05/23 21:40:24,40,0
50,17,25/05/23 21:40:30,25/05/23 21:41:39,40,0
90,18,25/05/23 21:42:57,25/05/23 21:44:25,40,1
90,19,25/05/23 21:44:27,25/05/23 21:46:19,40,1
90,20,25/05/23 21:46:22,25/05/23 21:47:32,40,0
90,21,25/05/23 21:47:34,25/05/23 21:48:43,40,0
110,22,25/05/23 21:51:11,25/05/23 21:55:36,40,1
110,23,25/05/23 21:55:39,25/05/23 21:56:53,40,0
110,24,25/05/23 21:56:57,25/05/23 21:58:10,40,0
110,25,25/05/23 21:58:14,25/05/23 21:59:27,40,0
130,26,25/05/23 22:01:14,25/05/23 22:02:57,40,2
130,27,25/05/23 22:02:59,25/05/23 22:04:12,40,0
130,28,25/05/23 22:05:14,25/05/23 22:06:27,40,0
130,29,25/05/23 22:06:28,25/05/23 22:07:41,40,0
150,30,25/05/23 22:09:16,25/05/23 22:10:46,40,1
150,31,25/05/23 22:10:48,25/05/23 22:12:00,40,0
150,32,25/05/23 22:12:02,25/05/23 22:13:35,40,2
150,33,25/05/24 01:21:18,25/05/24 01:23:24,40,1
150,34,25/05/24 01:23:40,25/05/24 01:24:54,40,0
130,35,25/05/24 01:26:08,25/05/24 01:27:41,40,1
130,36,25/05/24 01:27:43,25/05/24 01:28:55,40,0
110,37,25/05/24 01:30:44,25/05/24 01:32:11,40,1
90,38,25/05/24 01:33:23,25/05/24 01:36:05,40,1
90,39,25/05/24 01:36:13,25/05/24 01:37:23,40,0
70,40,25/05/24 01:38:48,25/05/24 01:40:15,40,1
70,41,25/05/24 01:40:17,25/05/24 01:41:26,40,0
50,42,25/05/24 01:43:04,25/05/24 01:44:33,40,1
50,43,25/05/24 01:46:47,25/05/24 01:47:58,40,0
50,44,25/05/24 01:47:59,25/05/24 01:49:09,40,0
60,45,25/05/24 01:49:21,25/05/24 01:50:30,40,0
70,46,25/05/24 01:52:05,25/05/24 01:53:32,40,1
80,47,25/05/24 01:53:34,25/05/24 01:56:34,40,1
90,48,25/05/24 01:58:15,25/05/24 02:01:31,40,2
100,49,25/05/24 02:01:33,25/05/24 02:02:42,40,0
100,50,25/05/24 02:02:45,25/05/24 02:04:26,40,2
110,51,25/05/24 02:06:01,25/05/24 02:10:02,40,1
110,52,25/05/24 02:10:09,25/05/24 02:11:23,40,0
120,53,25/05/24 02:11:25,25/05/24 02:12:41,40,0
130,54,25/05/24 02:13:45,25/05/24 02:15:25,40,2
140,55,25/05/24 02:15:28,25/05/24 02:16:44,40,0
150,56,25/05/24 02:17:55,25/05/24 02:19:26,40,1
160,57,25/05/24 02:19:29,25/05/24 02:20:45,40,0
10,58,25/05/24 02:23:51,25/05/24 02:29:07,40,1
10,59,25/05/24 02:29:17,25/05/24 02:30:30,40,0
10,60,25/05/24 02:30:45,25/05/24 02:31:58,40,0
20,61,25/05/24 02:32:02,25/05/24 02:33:12,40,0
30,62,25/05/24 02:34:04,25/05/24 02:35:44,40,2
30,63,25/05/24 02:35:45,25/05/24 02:36:57,40,0
30,64,25/05/24 02:37:00,25/05/24 02:38:12,40,0
9000,2,25/05/26 07:37:11,25/05/26 07:37:24,3,1
9010,3,25/05/26 07:37:25,25/05/26 07:37:32,1,0
9010,4,25/05/26 08:06:15,25/05/26 08:06:56,1,4
9010,4,25/05/26 08:07:10,25/05/26 08:08:56,1,0
40,4,25/05/26 09:05:40,25/05/26 09:10:50,40,1
40,5,25/05/26 09:10:54,25/05/26 09:12:04,40,0
10,6,25/05/26 09:13:10,25/05/26 09:14:46,40,0
20,7,25/05/26 09:14:59,25/05/26 09:16:09,40,0
60,8,25/05/26 09:19:40,25/05/26 09:24:01,40,1
60,9,25/05/26 09:24:02,25/05/26 09:25:12,40,0
60,10,25/05/26 09:25:14,25/05/26 09:26:23,40,0
80,11,25/05/26 09:27:36,25/05/26 09:29:38,40,3
80,12,25/05/26 09:29:42,25/05/26 09:35:36,40,0
80,13,25/05/26 09:35:50,25/05/26 09:37:01,40,0
100,14,25/05/26 09:38:17,25/05/26 09:39:44,40,1
100,15,25/05/26 09:40:27,25/05/26 09:42:03,40,0
100,16,25/05/26 09:42:06,25/05/26 09:43:16,40,0
120,17,25/05/26 09:46:18,25/05/26 09:50:20,40,1
120,18,25/05/26 09:50:21,25/05/26 09:51:38,40,0
120,19,25/05/26 09:51:40,25/05/26 09:53:16,40,0
120,20,25/05/26 09:53:20,25/05/26 09:54:38,40,0
140,21,25/05/26 09:56:02,25/05/26 09:57:38,40,1
140,22,25/05/26 09:57:41,25/05/26 09:58:58,40,0
140,23,25/05/26 09:58:59,25/05/26 10:03:40,40,2
140,24,25/05/26 10:03:43,25/05/26 10:04:59,40,0
160,25,25/05/26 10:06:25,25/05/26 10:08:11,40,2
160,26,25/05/26 10:08:13,25/05/26 10:09:29,40,0
160,27,25/05/26 10:09:31,25/05/26 10:10:47,40,0
160,28,25/05/26 10:10:49,25/05/26 10:12:05,40,0
40,29,25/05/26 10:14:19,25/05/26 10:18:12,40,1
40,30,25/05/26 10:18:14,25/05/26 10:19:24,40,0
20,31,25/05/26 10:35:01,25/05/26 10:36:23,40,0
20,32,25/05/26 10:36:26,25/05/26 10:37:35,40,0
20,33,25/05/26 13:56:07,25/05/26 13:57:21,40,1
20,34,25/05/26 13:57:38,25/05/26 13:58:48,40,0
40,35,25/05/26 13:59:08,25/05/26 14:01:34,40,1
40,36,25/05/26 14:01:37,25/05/26 14:02:46,40,0
60,37,25/05/26 14:07:06,25/05/26 14:10:47,40,1
60,38,25/05/26 14:10:49,25/05/26 14:11:59,40,0
60,43,25/05/26 14:13:33,25/05/26 14:14:43,40,0
60,44,25/05/26 14:14:45,25/05/26 14:15:55,40,0
80,45,25/05/26 14:17:23,25/05/26 14:18:52,40,1
80,46,25/05/26 14:18:59,25/05/26 14:20:08,40,0
80,47,25/05/26 14:20:11,25/05/26 14:21:20,40,0
80,48,25/05/26 14:21:23,25/05/26 14:22:32,40,0
100,49,25/05/26 14:24:04,25/05/26 14:25:36,40,1
100,50,25/05/26 14:25:37,25/05/26 14:26:46,40,0
100,51,25/05/26 14:26:51,25/05/26 14:28:00,40,0
100,52,25/05/26 14:28:03,25/05/26 14:29:12,40,0
120,53,25/05/26 14:30:33,25/05/26 14:34:57,40,1
120,54,25/05/26 14:35:15,25/05/26 14:36:32,40,0
120,55,25/05/26 14:36:34,25/05/26 14:37:50,40,0
120,56,25/05/26 14:37:52,25/05/26 14:39:08,40,0
160,57,25/05/26 14:40:25,25/05/26 14:42:03,40,1
160,58,25/05/26 14:42:06,25/05/26 14:43:22,40,0
160,59,25/05/26 14:43:25,25/05/26 14:44:41,40,0
160,60,25/05/26 14:44:54,25/05/26 14:46:10,40,0
140,61,25/05/26 14:47:19,25/05/26 14:49:04,40,1
140,62,25/05/26 14:49:12,25/05/26 14:50:28,40,0
140,63,25/05/26 14:50:30,25/05/26 14:51:45,40,0
20,64,25/05/26 14:55:15,25/05/26 14:58:49,40,1
20,65,25/05/26 14:58:51,25/05/26 15:00:01,40,0
40,66,25/05/26 15:00:21,25/05/26 15:03:04,40,1
9000,2,25/05/27 07:35:29,25/05/27 07:35:42,3,1
9010,3,25/05/27 07:35:58,25/05/27 07:36:04,1,0
40,4,25/05/27 09:07:34,25/05/27 09:13:11,40,1
40,5,25/05/27 09:13:13,25/05/27 09:14:23,40,0
20,6,25/05/27 09:14:45,25/05/27 09:17:13,40,1
20,7,25/05/27 09:17:17,25/05/27 09:19:22,40,0
60,8,25/05/27 09:21:42,25/05/27 09:25:11,40,1
60,9,25/05/27 09:25:24,25/05/27 09:26:35,40,0
60,10,25/05/27 09:26:36,25/05/27 09:27:46,40,0
60,11,25/05/27 09:27:50,25/05/27 09:28:59,40,0
80,12,25/05/27 09:30:10,25/05/27 09:31:36,40,1
80,13,25/05/27 09:31:38,25/05/27 09:32:47,40,0
80,14,25/05/27 09:32:49,25/05/27 09:36:53,40,2
80,15,25/05/27 09:36:56,25/05/27 09:38:06,40,0
100,16,25/05/27 09:39:59,25/05/27 09:41:28,40,1
100,17,25/05/27 09:41:30,25/05/27 09:42:39,40,0
100,18,25/05/27 09:42:41,25/05/27 09:43:50,40,0
100,19,25/05/27 09:43:52,25/05/27 09:45:01,40,0
120,20,25/05/27 09:47:57,25/05/27 09:51:43,40,1
120,21,25/05/27 09:51:51,25/05/27 09:53:09,40,0
120,22,25/05/27 09:53:12,25/05/27 09:54:28,40,0
120,23,25/05/27 09:54:30,25/05/27 09:55:46,40,0
140,24,25/05/27 09:57:14,25/05/27 10:03:25,40,2
140,25,25/05/27 10:03:28,25/05/27 10:04:46,40,0
140,26,25/05/27 10:05:20,25/05/27 10:06:36,40,0
140,27,25/05/27 10:06:38,25/05/27 10:07:54,40,0
160,28,25/05/27 10:09:19,25/05/27 10:10:55,40,1
160,29,25/05/27 10:11:00,25/05/27 10:12:16,40,0
160,30,25/05/27 10:12:24,25/05/27 10:13:40,40,0
160,31,25/05/27 10:13:50,25/05/27 10:15:06,40,0
40,32,25/05/27 10:17:21,25/05/27 10:36:14,40,1
40,33,25/05/27 10:36:17,25/05/27 10:37:25,40,0
40,34,25/05/27 10:38:03,25/05/27 10:39:12,40,0
20,35,25/05/27 10:40:18,25/05/27 10:41:29,40,0
20,36,25/05/27 10:41:38,25/05/27 10:42:48,40,0
20,37,25/05/27 13:46:22,25/05/27 13:47:30,40,0
20,38,25/05/27 13:52:08,25/05/27 13:54:39,40,1
40,39,25/05/27 13:54:59,25/05/27 13:56:23,40,0
40,40,25/05/27 13:56:33,25/05/27 13:57:41,40,0
50,41,25/05/27 14:02:00,25/05/27 14:05:47,40,1
60,42,25/05/27 14:05:49,25/05/27 14:07:00,40,0
60,43,25/05/27 14:07:01,25/05/27 14:08:10,40,0
80,44,25/05/27 14:09:35,25/05/27 14:17:21,40,2
80,45,25/05/27 14:17:24,25/05/27 14:18:34,40,0
70,46,25/05/27 14:21:25,25/05/27 14:22:34,40,0
70,47,25/05/27 14:22:37,25/05/27 14:23:46,40,0
70,48,25/05/27 14:23:50,25/05/27 14:26:38,40,1
50,49,25/05/27 14:28:03,25/05/27 14:29:29,40,1
50,50,25/05/27 14:29:40,25/05/27 14:30:49,40,0
90,51,25/05/27 14:31:56,25/05/27 14:33:51,40,3
90,52,25/05/27 14:33:58,25/05/27 14:35:07,40,0
100,53,25/05/27 14:35:10,25/05/27 14:36:19,40,0
100,54,25/05/27 14:36:21,25/05/27 14:37:31,40,0
110,55,25/05/27 14:38:40,25/05/27 14:42:09,40,1
110,56,25/05/27 14:42:14,25/05/27 14:43:27,40,0
120,57,25/05/27 14:43:30,25/05/27 14:44:46,40,0
130,58,25/05/27 14:45:47,25/05/27 14:47:33,40,1
130,59,25/05/27 14:47:36,25/05/27 14:48:49,40,0
140,60,25/05/27 14:48:50,25/05/27 14:51:16,40,0
140,61,25/05/27 14:51:19,25/05/27 14:52:35,40,0
150,62,25/05/27 14:53:46,25/05/27 14:56:16,40,3
150,63,25/05/27 14:56:19,25/05/27 14:57:32,40,0
150,64,25/05/27 14:57:36,25/05/27 14:58:48,40,0
160,65,25/05/27 14:58:52,25/05/27 15:00:08,40,0
30,66,25/05/27 15:03:07,25/05/27 15:08:53,40,1
30,67,25/05/27 15:08:55,25/05/27 15:10:08,40,0
30,68,25/05/27 15:10:11,25/05/27 15:11:23,40,0
10,69,25/05/27 15:11:53,25/05/27 15:16:07,40,1
10,70,25/05/27 15:16:17,25/05/27 15:17:30,40,0
10,71,25/05/27 15:17:34,25/05/27 15:18:47,40,0
9000,2,25/05/28 07:31:56,25/05/28 07:32:09,3,1
9010,3,25/05/28 07:32:11,25/05/28 07:32:18,1,0
10,4,25/05/28 08:48:37,25/05/28 08:54:41,40,3
30,5,25/05/28 08:55:03,25/05/28 08:56:32,40,0
30,6,25/05/28 08:56:42,25/05/28 08:57:54,40,0
50,7,25/05/28 08:59:04,25/05/28 09:03:25,40,1
50,8,25/05/28 09:03:26,25/05/28 09:04:37,40,0
70,9,25/05/28 09:04:57,25/05/28 09:06:21,40,0
90,10,25/05/28 09:06:46,25/05/28 09:08:47,40,2
90,11,25/05/28 09:08:51,25/05/28 09:10:11,40,0
110,12,25/05/28 09:12:44,25/05/28 09:15:09,40,1
110,13,25/05/28 09:15:12,25/05/28 09:16:25,40,0
130,14,25/05/28 09:16:47,25/05/28 09:18:15,40,0
130,15,25/05/28 09:18:19,25/05/28 09:19:31,40,0
130,19,25/05/28 09:41:17,25/05/28 09:43:56,40,1
130,20,25/05/28 09:43:59,25/05/28 09:45:12,40,0
150,21,25/05/28 09:46:28,25/05/28 09:48:50,40,3
150,22,25/05/28 09:48:52,25/05/28 09:50:04,40,0
150,23,25/05/28 09:50:06,25/05/28 09:51:19,40,0
110,24,25/05/28 09:52:00,25/05/28 09:53:26,40,0
110,25,25/05/28 09:53:29,25/05/28 09:55:19,40,1
90,26,25/05/28 09:57:31,25/05/28 10:00:57,40,1
90,27,25/05/28 10:01:25,25/05/28 10:02:36,40,0
50,28,25/05/28 10:02:57,25/05/28 10:04:42,40,2
50,29,25/05/28 10:04:44,25/05/28 10:05:53,40,0
70,30,25/05/28 10:06:19,25/05/28 10:07:47,40,0
70,31,25/05/28 10:08:00,25/05/28 10:09:09,40,0
30,32,25/05/28 10:10:46,25/05/28 10:14:30,40,2
10,33,25/05/28 10:14:55,25/05/28 10:16:33,40,2
10,34,25/05/28 13:45:16,25/05/28 13:47:20,40,1
10,35,25/05/28 13:47:36,25/05/28 13:49:23,40,1
30,36,25/05/28 13:49:44,25/05/28 13:51:23,40,1
30,37,25/05/28 13:51:25,25/05/28 13:52:37,40,0
50,38,25/05/28 13:55:24,25/05/28 13:59:08,40,1
50,39,25/05/28 13:59:10,25/05/28 14:00:20,40,0
70,40,25/05/28 14:02:15,25/05/28 14:03:48,40,1
70,41,25/05/28 14:03:51,25/05/28 14:05:00,40,0
90,42,25/05/28 14:06:16,25/05/28 14:08:54,40,2
90,43,25/05/28 14:08:56,25/05/28 14:10:05,40,0
110,44,25/05/28 14:10:54,25/05/28 14:14:03,40,1
110,45,25/05/28 14:14:07,25/05/28 14:15:20,40,0
130,46,25/05/28 14:16:40,25/05/28 14:20:42,40,2
130,47,25/05/28 14:21:41,25/05/28 14:22:53,40,0
130,50,25/05/28 14:23:24,25/05/28 14:24:38,40,0
130,51,25/05/28 14:24:40,25/05/28 14:25:54,40,0
150,52,25/05/28 14:26:55,25/05/28 14:28:26,40,1
150,53,25/05/28 14:28:29,25/05/28 14:29:42,40,0
150,54,25/05/28 14:29:44,25/05/28 14:30:56,40,0
150,55,25/05/28 14:30:58,25/05/28 14:32:10,40,0
110,56,25/05/28 14:33:24,25/05/28 14:34:54,40,1
110,57,25/05/28 14:34:56,25/05/28 14:36:08,40,0
90,58,25/05/28 14:37:23,25/05/28 14:40:35,40,1
90,59,25/05/28 14:40:38,25/05/28 14:41:48,40,0
50,60,25/05/28 14:43:24,25/05/28 14:44:50,40,1
50,61,25/05/28 14:44:52,25/05/28 14:46:01,40,0
70,62,25/05/28 14:47:06,25/05/28 14:48:34,40,1
70,63,25/05/28 14:48:37,25/05/28 14:49:45,40,0
30,64,25/05/28 14:52:40,25/05/28 14:56:16,40,1
30,65,25/05/28 14:56:17,25/05/28 14:57:43,40,0
10,66,25/05/28 14:58:03,25/05/28 15:01:24,40,1
10,67,25/05/28 15:01:30,25/05/28 15:04:00,40,1
9000,2,25/05/30 07:25:51,25/05/30 07:26:04,3,1
9010,3,25/05/30 07:26:06,25/05/30 07:26:13,1,0
10,4,25/05/30 08:59:27,25/05/30 09:03:39,40,1
10,5,25/05/30 09:03:47,25/05/30 09:05:15,40,0
30,6,25/05/30 09:05:37,25/05/30 09:09:22,40,1
30,7,25/05/30 09:09:29,25/05/30 09:10:40,40,0
50,8,25/05/30 09:16:35,25/05/30 09:17:50,40,1
50,9,25/05/30 09:17:51,25/05/30 09:19:02,40,0
50,10,25/05/30 09:19:04,25/05/30 09:20:13,40,0
70,11,25/05/30 09:20:41,25/05/30 09:22:54,40,3
70,12,25/05/30 09:22:56,25/05/30 09:24:18,40,0
70,13,25/05/30 09:24:25,25/05/30 09:25:35,40,0
70,14,25/05/30 09:25:38,25/05/30 09:26:47,40,0
90,15,25/05/30 09:28:20,25/05/30 09:29:39,40,0
90,16,25/05/30 09:29:50,25/05/30 09:30:59,40,0
90,17,25/05/30 09:31:11,25/05/30 09:32:20,40,0
90,18,25/05/30 09:32:23,25/05/30 09:36:51,40,3
110,19,25/05/30 09:39:43,25/05/30 09:44:21,40,1
110,20,25/05/30 09:44:25,25/05/30 09:45:38,40,0
110,21,25/05/30 09:45:40,25/05/30 09:46:53,40,0
150,22,25/05/30 09:47:18,25/05/30 09:49:01,40,1
150,23,25/05/30 09:49:04,25/05/30 09:50:50,40,2
150,24,25/05/30 09:50:53,25/05/30 09:52:05,40,0
150,25,25/05/30 09:52:18,25/05/30 09:53:30,40,0
130,26,25/05/30 09:53:52,25/05/30 09:55:21,40,0
130,27,25/05/30 09:55:24,25/05/30 09:56:36,40,0
130,28,25/05/30 09:57:04,25/05/30 09:58:17,40,0
30,29,25/05/30 10:00:03,25/05/30 10:03:59,40,1
30,30,25/05/30 10:04:02,25/05/30 10:05:15,40,0
10,31,25/05/30 10:05:42,25/05/30 10:07:14,40,0
10,32,25/05/30 10:07:19,25/05/30 10:13:59,40,5
10,33,25/05/30 12:10:00,25/05/30 12:13:34,40,1
30,34,25/05/30 12:13:53,25/05/30 13:23:39,40,1
50,35,25/05/30 13:26:51,25/05/30 13:30:12,40,1
60,36,25/05/30 13:30:16,25/05/30 13:31:26,40,0
70,37,25/05/30 13:31:54,25/05/30 13:34:03,40,1
90,38,25/05/30 13:34:26,25/05/30 13:35:44,40,0
110,39,25/05/30 13:37:06,25/05/30 13:40:17,40,1
120,40,25/05/30 13:40:19,25/05/30 13:45:40,40,3
150,41,25/05/30 13:46:20,25/05/30 13:48:42,40,2
160,42,25/05/30 13:49:00,25/05/30 13:50:17,40,0
130,43,25/05/30 13:50:40,25/05/30 14:00:34,40,1
130,44,25/05/30 14:00:35,25/05/30 14:01:48,40,0
160,46,25/05/30 16:05:02,25/05/30 16:06:51,40,1
160,47,25/05/30 16:07:24,25/05/30 16:08:40,40,0
140,48,25/05/30 16:08:59,25/05/30 16:11:28,40,1
140,49,25/05/30 16:11:39,25/05/30 16:12:56,40,0
120,50,25/05/30 16:13:23,25/05/30 16:14:52,40,0
120,51,25/05/30 16:14:54,25/05/30 16:16:10,40,0
100,52,25/05/30 16:17:16,25/05/30 16:20:32,40,1
100,53,25/05/30 16:20:58,25/05/30 16:22:08,40,0
100,54,25/05/30 16:22:11,25/05/30 16:23:19,40,0
80,55,25/05/30 16:24:32,25/05/30 16:25:58,40,1
80,56,25/05/30 16:26:02,25/05/30 16:27:10,40,0
80,57,25/05/30 16:27:12,25/05/30 16:28:21,40,0
60,58,25/05/30 16:29:53,25/05/30 16:31:38,40,2
60,59,25/05/30 16:31:41,25/05/30 16:32:50,40,0
40,60,25/05/30 16:35:39,25/05/30 16:39:04,40,1
40,61,25/05/30 16:39:06,25/05/30 16:40:16,40,0
20,62,25/05/30 16:40:40,25/05/30 16:42:01,40,0
20,63,25/05/30 16:42:09,25/05/30 16:43:18,40,0
9000,2,25/05/31 07:25:22,25/05/31 07:25:35,3,1
9010,3,25/05/31 07:25:59,25/05/31 07:26:06,1,0
20,4,25/05/31 09:13:06,25/05/31 09:17:33,40,1
20,5,25/05/31 09:17:38,25/05/31 09:18:48,40,0
20,6,25/05/31 09:18:55,25/05/31 09:20:09,40,1
20,7,25/05/31 09:20:21,25/05/31 09:21:30,40,0
40,8,25/05/31 09:22:00,25/05/31 09:23:25,40,0
40,9,25/05/31 09:23:30,25/05/31 09:24:38,40,0
40,10,25/05/31 09:24:58,25/05/31 09:26:07,40,0
40,11,25/05/31 09:26:09,25/05/31 09:27:17,40,0
60,12,25/05/31 09:28:59,25/05/31 09:34:29,40,2
60,13,25/05/31 09:34:32,25/05/31 09:35:53,40,0
60,14,25/05/31 09:36:00,25/05/31 09:37:10,40,0
60,15,25/05/31 09:37:35,25/05/31 09:38:46,40,0
80,16,25/05/31 09:39:05,25/05/31 09:40:24,40,0
80,17,25/05/31 09:40:26,25/05/31 09:41:35,40,0
80,18,25/05/31 09:41:39,25/05/31 09:42:49,40,0
80,19,25/05/31 09:42:56,25/05/31 09:50:51,40,0
100,20,25/05/31 09:52:14,25/05/31 09:53:49,40,1
100,21,25/05/31 09:53:52,25/05/31 09:55:10,40,0
100,22,25/05/31 09:55:13,25/05/31 09:56:23,40,0
100,23,25/05/31 09:56:25,25/05/31 09:57:34,40,0
120,24,25/05/31 09:58:45,25/05/31 10:02:44,40,1
120,25,25/05/31 10:02:47,25/05/31 10:04:05,40,0
120,26,25/05/31 10:04:09,25/05/31 10:05:25,40,0
120,27,25/05/31 10:05:27,25/05/31 10:06:43,40,0
140,28,25/05/31 10:07:31,25/05/31 10:09:22,40,2
140,29,25/05/31 10:09:24,25/05/31 10:10:40,40,0
140,30,25/05/31 10:10:42,25/05/31 10:11:58,40,0
140,31,25/05/31 10:12:04,25/05/31 10:13:20,40,0
160,32,25/05/31 10:13:40,25/05/31 10:15:59,40,2
160,33,25/05/31 10:16:06,25/05/31 10:17:22,40,0
160,34,25/05/31 10:17:35,25/05/31 10:18:51,40,0
160,35,25/05/31 10:18:53,25/05/31 10:35:53,40,0
160,36,25/05/31 13:43:12,25/05/31 13:44:58,40,1
160,37,25/05/31 13:45:24,25/05/31 13:46:41,40,0
140,38,25/05/31 13:47:02,25/05/31 13:48:35,40,0
140,39,25/05/31 13:48:43,25/05/31 13:49:59,40,0
120,40,25/05/31 13:50:27,25/05/31 13:58:53,40,0
120,41,25/05/31 13:58:56,25/05/31 14:01:36,40,0
100,42,25/05/31 14:02:37,25/05/31 14:07:17,40,3
100,43,25/05/31 14:07:18,25/05/31 14:08:27,40,0
100,44,25/05/31 14:08:31,25/05/31 14:09:40,40,0
100,45,25/05/31 14:09:57,25/05/31 14:11:06,40,0
80,46,25/05/31 14:11:30,25/05/31 14:12:58,40,0
80,47,25/05/31 14:13:04,25/05/31 14:14:14,40,0
80,48,25/05/31 14:14:23,25/05/31 14:15:32,40,0
80,49,25/05/31 14:15:34,25/05/31 14:16:43,40,0
60,50,25/05/31 14:18:26,25/05/31 14:19:56,40,1
60,51,25/05/31 14:19:58,25/05/31 14:21:07,40,0
60,52,25/05/31 14:21:09,25/05/31 14:22:18,40,0
60,53,25/05/31 14:22:20,25/05/31 14:23:29,40,0
20,54,25/05/31 14:27:27,25/05/31 14:31:18,40,1
20,55,25/05/31 14:31:21,25/05/31 14:32:29,40,0
20,56,25/05/31 14:32:31,25/05/31 14:33:40,40,0
20,57,25/05/31 14:33:43,25/05/31 14:34:52,40,0
20,58,25/05/31 14:34:53,25/05/31 14:37:01,40,3
40,59,25/05/31 14:38:29,25/05/31 14:40:53,40,1
40,60,25/05/31 14:40:57,25/05/31 14:42:05,40,0
40,61,25/05/31 14:42:07,25/05/31 14:43:15,40,0
40,62,25/05/31 14:43:18,25/05/31 14:44:26,40,0
120,63,25/05/31 14:46:11,25/05/31 14:50:36,40,1
120,64,25/05/31 14:50:38,25/05/31 14:51:55,40,0
140,65,25/05/31 14:52:16,25/05/31 14:53:47,40,0
140,66,25/05/31 14:53:51,25/05/31 14:55:06,40,0
160,67,25/05/31 14:55:35,25/05/31 14:57:05,40,0
160,68,25/05/31 14:58:14,25/05/31 14:59:30,40,0
9010,2,25/06/02 07:29:12,25/06/02 07:30:00,1,0
160,3,25/06/02 08:06:18,25/06/02 08:56:19,40,1
160,4,25/06/02 08:56:29,25/06/02 08:57:47,40,0
140,5,25/06/02 08:58:12,25/06/02 08:59:38,40,0
140,6,25/06/02 08:59:40,25/06/02 09:01:09,40,0
120,7,25/06/02 09:03:15,25/06/02 09:04:50,40,0
120,8,25/06/02 09:04:56,25/06/02 09:06:12,40,0
20,9,25/06/02 09:09:56,25/06/02 09:11:59,40,1
40,10,25/06/02 09:14:28,25/06/02 09:15:57,40,0
40,11,25/06/02 09:15:59,25/06/02 09:17:07,40,0
40,12,25/06/02 09:17:10,25/06/02 09:18:19,40,0
40,13,25/06/02 09:18:21,25/06/02 09:19:29,40,0
30,14,25/06/02 09:19:31,25/06/02 09:20:43,40,0
20,15,25/06/02 09:25:20,25/06/02 09:28:30,40,1
20,16,25/06/02 09:28:34,25/06/02 09:29:44,40,0
50,17,25/06/02 09:33:58,25/06/02 09:37:43,40,1
60,18,25/06/02 09:37:46,25/06/02 09:38:56,40,0
60,19,25/06/02 09:38:59,25/06/02 09:40:08,40,0
60,20,25/06/02 09:40:10,25/06/02 09:41:19,40,0
80,21,25/06/02 09:42:41,25/06/02 09:44:03,40,0
80,22,25/06/02 09:44:05,25/06/02 09:45:14,40,0
80,23,25/06/02 09:45:17,25/06/02 09:46:26,40,0
100,24,25/06/02 09:47:49,25/06/02 09:49:13,40,0
100,25,25/06/02 09:49:16,25/06/02 09:50:25,40,0
100,26,25/06/02 09:50:32,25/06/02 09:51:41,40,0
110,27,25/06/02 09:52:52,25/06/02 09:55:07,40,1
120,28,25/06/02 09:55:10,25/06/02 09:56:27,40,0
140,29,25/06/02 10:16:51,25/06/02 10:18:20,40,0
150,30,25/06/02 10:20:03,25/06/02 10:21:25,40,0
160,31,25/06/02 10:21:28,25/06/02 10:22:45,40,0
150,32,25/06/02 12:51:54,25/06/02 12:53:07,40,0
150,33,25/06/02 12:53:09,25/06/02 12:54:21,40,0
130,34,25/06/02 12:55:20,25/06/02 12:56:51,40,0
130,35,25/06/02 12:56:53,25/06/02 13:00:29,40,1
110,36,25/06/02 13:02:32,25/06/02 13:03:56,40,0
110,37,25/06/02 13:04:02,25/06/02 13:05:15,40,0
90,38,25/06/02 13:05:51,25/06/02 13:09:48,40,1
90,39,25/06/02 13:09:50,25/06/02 13:11:00,40,0
50,40,25/06/02 13:12:37,25/06/02 13:14:00,40,0
50,41,25/06/02 13:14:04,25/06/02 13:15:13,40,0
70,42,25/06/02 13:16:54,25/06/02 13:18:16,40,0
70,43,25/06/02 13:18:22,25/06/02 13:19:31,40,0
10,44,25/06/02 13:24:31,25/06/02 13:28:29,40,1
10,45,25/06/02 13:28:32,25/06/02 13:29:45,40,0
10,46,25/06/02 13:29:47,25/06/02 13:30:59,40,0
30,47,25/06/02 13:32:43,25/06/02 13:34:04,40,0
30,48,25/06/02 13:34:06,25/06/02 13:35:18,40,0
30,49,25/06/02 14:56:53,25/06/02 14:58:06,40,0
30,50,25/06/02 14:58:09,25/06/02 14:59:34,40,0
10,51,25/06/02 15:00:25,25/06/02 15:01:53,40,0
50,52,25/06/02 15:05:14,25/06/02 15:25:52,40,1
50,53,25/06/02 15:25:55,25/06/02 15:27:16,40,0
70,54,25/06/02 15:28:43,25/06/02 15:30:18,40,0
70,55,25/06/02 15:30:44,25/06/02 15:31:53,40,0
70,56,25/06/02 15:31:56,25/06/02 15:33:05,40,0
90,57,25/06/02 15:34:57,25/06/02 15:36:28,40,0
90,58,25/06/02 15:36:33,25/06/02 15:37:42,40,0
110,59,25/06/02 15:40:47,25/06/02 15:44:29,40,3
110,60,25/06/02 15:44:31,25/06/02 15:45:54,40,0
130,61,25/06/02 15:47:31,25/06/02 15:49:00,40,0
130,62,25/06/02 15:49:08,25/06/02 15:50:20,40,0
150,63,25/06/02 15:50:43,25/06/02 15:52:14,40,0
150,64,25/06/02 15:52:16,25/06/02 15:53:28,40,0
9010,2,25/06/03 07:31:06,25/06/03 07:31:17,1,0
9000,3,25/06/03 07:31:35,25/06/03 07:31:43,3,0
150,4,25/06/03 08:18:07,25/06/03 08:22:23,40,1
130,5,25/06/03 08:23:05,25/06/03 08:24:32,40,0
130,6,25/06/03 08:24:44,25/06/03 08:25:57,40,0
110,7,25/06/03 08:27:01,25/06/03 08:28:27,40,0
110,8,25/06/03 08:28:46,25/06/03 08:29:59,40,0
90,9,25/06/03 08:32:21,25/06/03 08:35:00,40,1
90,10,25/06/03 08:35:07,25/06/03 08:36:18,40,0
90,11,25/06/03 08:36:20,25/06/03 08:37:29,40,0
50,12,25/06/03 08:38:22,25/06/03 08:39:45,40,0
50,13,25/06/03 08:39:47,25/06/03 08:40:57,40,0
50,14,25/06/03 08:47:22,25/06/03 08:48:31,40,0
50,15,25/06/03 08:49:44,25/06/03 08:50:53,40,0
90,16,25/06/03 08:51:48,25/06/03 08:53:13,40,0
70,17,25/06/03 08:55:27,25/06/03 08:56:51,40,0
70,18,25/06/03 08:57:54,25/06/03 08:59:03,40,0
70,19,25/06/03 08:59:05,25/06/03 09:00:14,40,0
10,20,25/06/03 09:05:47,25/06/03 09:07:41,40,2
10,21,25/06/03 09:08:34,25/06/03 09:09:47,40,0
10,22,25/06/03 09:10:08,25/06/03 09:11:21,40,0
10,23,25/06/03 09:11:44,25/06/03 09:12:56,40,0
10,24,25/06/03 09:13:04,25/06/03 09:14:16,40,0
30,25,25/06/03 09:15:12,25/06/03 09:17:01,40,0
30,26,25/06/03 09:17:26,25/06/03 09:18:37,40,0
30,27,25/06/03 09:18:39,25/06/03 09:19:51,40,0
30,28,25/06/03 09:20:31,25/06/03 09:21:43,40,0
130,29,25/06/03 09:23:26,25/06/03 09:28:13,40,1
130,30,25/06/03 09:28:16,25/06/03 09:29:29,40,0
150,31,25/06/03 09:29:50,25/06/03 09:32:31,40,1
150,32,25/06/03 12:46:46,25/06/03 12:47:59,40,1
150,33,25/06/03 12:48:01,25/06/03 12:51:49,40,1
130,34,25/06/03 12:52:11,25/06/03 12:53:39,40,0
130,35,25/06/03 12:54:01,25/06/03 12:55:13,40,0
110,36,25/06/03 12:55:47,25/06/03 12:57:16,40,0
110,37,25/06/03 12:57:46,25/06/03 12:58:58,40,0
110,38,25/06/03 12:59:00,25/06/03 13:00:12,40,0
90,39,25/06/03 13:02:44,25/06/03 13:04:56,40,1
90,40,25/06/03 13:04:57,25/06/03 13:06:29,40,0
70,41,25/06/03 13:06:51,25/06/03 13:08:26,40,0
70,42,25/06/03 13:08:28,25/06/03 13:09:38,40,0
70,43,25/06/03 13:13:55,25/06/03 13:15:04,40,0
90,44,25/06/03 13:15:27,25/06/03 13:16:58,40,0
50,45,25/06/03 13:18:29,25/06/03 13:19:53,40,0
50,46,25/06/03 13:19:55,25/06/03 13:21:04,40,0
50,47,25/06/03 13:21:21,25/06/03 13:22:30,40,0
50,48,25/06/03 14:17:28,25/06/03 14:18:39,40,0
90,49,25/06/03 14:19:08,25/06/03 14:20:27,40,0
10,50,25/06/03 14:22:11,25/06/03 14:28:34,40,2
10,51,25/06/03 14:28:36,25/06/03 14:29:49,40,0
10,52,25/06/03 14:30:05,25/06/03 14:31:50,40,0
30,53,25/06/03 14:33:16,25/06/03 14:34:53,40,0
30,54,25/06/03 14:35:19,25/06/03 14:36:49,40,0
30,55,25/06/03 14:36:50,25/06/03 14:38:32,40,0
30,56,25/06/03 14:38:41,25/06/03 14:39:53,40,0
110,57,25/06/03 14:42:59,25/06/03 14:48:01,40,1
110,58,25/06/03 14:48:04,25/06/03 14:49:17,40,0
130,59,25/06/03 14:51:17,25/06/03 14:52:49,40,0
130,60,25/06/03 14:52:51,25/06/03 14:54:03,40,0
9010,2,25/06/04 07:20:13,25/06/04 07:21:06,1,4
9000,3,25/06/04 07:21:49,25/06/04 07:21:57,3,0
9000,4,25/06/04 07:22:32,25/06/04 07:22:43,3,1
130,4,25/06/04 08:36:21,25/06/04 08:40:00,40,1
130,5,25/06/04 08:40:02,25/06/04 08:41:25,40,0
150,6,25/06/04 08:43:09,25/06/04 08:44:54,40,2
150,7,25/06/04 08:44:57,25/06/04 08:46:09,40,0
150,8,25/06/04 08:46:11,25/06/04 08:50:11,40,0
150,9,25/06/04 08:50:13,25/06/04 08:51:25,40,0
110,10,25/06/04 08:52:08,25/06/04 08:53:58,40,2
110,11,25/06/04 08:54:00,25/06/04 08:55:12,40,0
90,12,25/06/04 09:00:41,25/06/04 09:04:20,40,1
90,13,25/06/04 09:04:53,25/06/04 09:07:24,80,0
70,14,25/06/04 09:08:03,25/06/04 09:09:22,40,0
70,15,25/06/04 09:09:23,25/06/04 09:10:32,40,0
70,16,25/06/04 09:10:41,25/06/04 09:11:50,40,0
70,17,25/06/04 09:14:19,25/06/04 09:15:29,40,0
80,18,25/06/04 09:15:32,25/06/04 09:16:42,40,0
50,19,25/06/04 09:18:28,25/06/04 09:22:02,40,2
50,20,25/06/04 09:22:03,25/06/04 09:23:12,40,0
50,21,25/06/04 09:23:57,25/06/04 09:25:06,40,0
60,22,25/06/04 09:25:15,25/06/04 09:26:25,40,0
10,23,25/06/04 09:27:44,25/06/04 09:31:51,40,1
10,24,25/06/04 09:32:09,25/06/04 09:33:22,40,0
10,25,25/06/04 09:33:31,25/06/04 09:34:56,40,0
10,26,25/06/04 09:35:37,25/06/04 09:36:49,40,0
20,27,25/06/04 09:36:58,25/06/04 09:38:06,40,0
30,28,25/06/04 09:38:43,25/06/04 09:40:05,40,0
30,29,25/06/04 09:40:56,25/06/04 09:42:09,40,0
30,30,25/06/04 09:42:15,25/06/04 09:43:28,40,0
110,31,25/06/04 09:46:05,25/06/04 09:48:35,40,0
110,32,25/06/04 09:48:37,25/06/04 09:49:51,40,0
120,33,25/06/04 09:49:52,25/06/04 09:51:09,40,0
130,34,25/06/04 09:51:32,25/06/04 09:52:53,40,0
140,35,25/06/04 09:53:49,25/06/04 09:56:54,40,0
140,35,25/06/04 13:23:28,25/06/04 13:23:44,0,0
140,36,25/06/04 13:23:57,25/06/04 13:25:19,40,1
140,37,25/06/04 13:25:35,25/06/04 13:27:46,40,2
160,38,25/06/04 13:29:07,25/06/04 13:30:40,40,1
160,39,25/06/04 13:30:42,25/06/04 13:31:58,40,0
160,40,25/06/04 13:32:00,25/06/04 13:33:16,40,0
150,41,25/06/04 13:33:17,25/06/04 13:34:30,40,0
120,42,25/06/04 13:34:50,25/06/04 13:38:18,40,1
120,43,25/06/04 13:38:20,25/06/04 13:39:36,40,0
100,44,25/06/04 13:41:53,25/06/04 13:45:12,40,1
100,45,25/06/04 13:50:57,25/06/04 13:54:24,40,1
100,46,25/06/04 13:54:25,25/06/04 13:59:16,40,2
60,47,25/06/04 13:59:54,25/06/04 14:01:13,40,0
60,48,25/06/04 14:01:14,25/06/04 14:02:23,40,0
60,49,25/06/04 14:05:41,25/06/04 14:07:35,40,1
60,50,25/06/04 14:07:50,25/06/04 14:09:00,40,0
80,51,25/06/04 14:09:29,25/06/04 14:11:17,40,1
80,52,25/06/04 14:11:47,25/06/04 14:12:56,40,0
80,53,25/06/04 14:13:09,25/06/04 14:16:13,40,1
80,54,25/06/04 14:16:15,25/06/04 14:17:24,40,0
20,55,25/06/04 14:18:14,25/06/04 14:22:09,40,1
20,56,25/06/04 14:23:02,25/06/04 14:24:12,40,0
20,57,25/06/04 14:26:00,25/06/04 14:27:10,40,0
20,58,25/06/04 14:27:48,25/06/04 14:28:58,40,0
40,59,25/06/04 14:29:41,25/06/04 14:30:59,40,0
40,60,25/06/04 14:31:32,25/06/04 14:32:41,40,0
40,61,25/06/04 14:32:48,25/06/04 14:34:21,40,1
40,62,25/06/04 14:34:46,25/06/04 14:37:24,40,0
140,63,25/06/04 14:39:33,25/06/04 14:44:33,40,1
140,64,25/06/04 14:44:47,25/06/04 14:46:04,40,0
160,65,25/06/04 14:46:27,25/06/04 14:47:56,40,0
160,66,25/06/04 14:47:58,25/06/04 14:49:14,40,0
9000,2,25/06/04 19:24:08,25/06/04 19:24:22,3,1
9010,3,25/06/04 19:24:32,25/06/04 19:24:39,1,0
160,4,25/06/04 19:26:37,25/06/04 19:33:03,40,1
160,5,25/06/04 19:33:05,25/06/04 19:34:22,40,0
140,6,25/06/04 19:34:46,25/06/04 19:36:16,40,0
140,7,25/06/04 19:36:19,25/06/04 19:37:35,40,0
120,8,25/06/04 19:40:44,25/06/04 19:42:28,40,1
120,9,25/06/04 19:42:30,25/06/04 19:46:47,40,2
120,10,25/06/04 19:46:51,25/06/04 19:48:07,40,0
120,11,25/06/04 19:49:11,25/06/04 19:52:44,40,2
100,12,25/06/04 19:54:53,25/06/04 19:58:06,40,1
100,13,25/06/04 19:58:07,25/06/04 19:59:29,40,0
100,14,25/06/04 19:59:39,25/06/04 20:01:03,40,1
100,15,25/06/04 20:01:04,25/06/04 20:02:13,40,0
80,16,25/06/04 20:14:18,25/06/04 20:16:27,40,3
80,17,25/06/04 20:16:30,25/06/04 20:17:39,40,0
60,18,25/06/04 20:19:12,25/06/04 20:20:36,40,0
60,19,25/06/04 20:20:52,25/06/04 20:22:01,40,0
20,20,25/06/04 20:26:56,25/06/04 20:40:18,40,1
20,21,25/06/04 20:40:21,25/06/04 20:41:30,40,0
40,22,25/06/04 20:42:22,25/06/04 20:50:06,40,2
40,23,25/06/04 20:51:01,25/06/04 20:53:23,40,0
40,24,25/06/04 21:23:12,25/06/04 21:31:37,40,1
40,25,25/06/04 22:24:30,25/06/04 22:25:39,40,0
20,26,25/06/04 22:26:59,25/06/04 22:28:24,40,0
80,27,25/06/04 22:36:32,25/06/04 22:43:40,40,1
80,28,25/06/04 22:44:29,25/06/04 22:45:39,40,0
80,30,25/06/05 01:11:56,25/06/05 01:13:53,40,2
60,31,25/06/05 01:15:14,25/06/05 01:16:51,40,2
60,32,25/06/05 01:17:03,25/06/05 01:18:45,40,2
60,33,25/06/05 01:18:53,25/06/05 01:20:02,40,0
100,34,25/06/05 01:22:08,25/06/05 01:23:41,40,1
100,35,25/06/05 01:23:48,25/06/05 01:24:57,40,0
100,36,25/06/05 01:25:00,25/06/05 01:26:09,40,0
120,37,25/06/05 01:33:56,25/06/05 01:40:47,40,1
120,38,25/06/05 01:40:48,25/06/05 01:42:06,40,0
120,39,25/06/05 01:42:14,25/06/05 01:43:30,40,0
140,40,25/06/05 01:45:00,25/06/05 01:46:31,40,0
140,41,25/06/05 01:46:33,25/06/05 01:47:49,40,0
140,42,25/06/05 01:47:51,25/06/05 01:49:07,40,0
160,43,25/06/05 01:50:36,25/06/05 01:52:11,40,1
160,44,25/06/05 01:52:13,25/06/05 01:53:29,40,0
160,45,25/06/05 01:53:43,25/06/05 01:54:59,40,0
20,46,25/06/05 01:59:29,25/06/05 02:42:39,40,2
20,47,25/06/05 02:43:02,25/06/05 02:44:10,40,0
20,48,25/06/05 02:44:35,25/06/05 02:46:46,40,0
40,49,25/06/05 02:48:11,25/06/05 02:49:37,40,0
40,50,25/06/05 02:50:11,25/06/05 03:35:11,40,1
40,51,25/06/05 03:35:17,25/06/05 03:36:26,40,0
40,52,25/06/05 03:37:34,25/06/05 03:44:22,40,1
60,53,25/06/05 03:48:30,25/06/05 03:53:18,40,1
60,54,25/06/05 03:53:20,25/06/05 03:54:30,40,0
80,55,25/06/05 03:55:07,25/06/05 03:57:29,40,1
80,56,25/06/05 03:57:32,25/06/05 03:58:43,40,0
100,57,25/06/05 03:59:16,25/06/05 04:00:46,40,0
100,58,25/06/05 04:00:52,25/06/05 04:02:14,40,0
120,59,25/06/05 04:04:23,25/06/05 04:07:32,40,1
120,60,25/06/05 04:07:35,25/06/05 04:09:03,40,0
140,61,25/06/05 04:09:40,25/06/05 04:11:10,40,0
140,62,25/06/05 04:11:15,25/06/05 04:12:31,40,0
160,63,25/06/05 04:13:02,25/06/05 04:14:34,40,0
160,64,25/06/05 04:14:36,25/06/05 04:15:52,40,0
9000,2,25/06/09 07:17:43,25/06/09 07:17:56,3,1
9010,3,25/06/09 07:18:07,25/06/09 07:18:14,1,0
9000,2,25/06/09 07:19:01,25/06/09 07:19:11,3,1
160,4,25/06/09 08:43:32,25/06/09 08:48:18,40,1
160,5,25/06/09 08:48:26,25/06/09 08:49:43,40,0
150,6,25/06/09 08:49:46,25/06/09 08:50:58,40,0
140,7,25/06/09 08:51:33,25/06/09 08:53:02,40,0
140,8,25/06/09 08:53:04,25/06/09 08:54:20,40,0
120,9,25/06/09 08:56:03,25/06/09 08:58:09,40,2
120,10,25/06/09 08:58:12,25/06/09 09:01:00,40,1
100,11,25/06/09 09:02:45,25/06/09 09:06:26,40,1
100,12,25/06/09 09:07:46,25/06/09 09:08:56,40,0
90,13,25/06/09 09:09:17,25/06/09 09:10:26,40,0
90,14,25/06/09 09:10:48,25/06/09 09:11:57,40,0
90,15,25/06/09 09:12:12,25/06/09 09:13:22,40,0
80,16,25/06/09 09:14:19,25/06/09 09:15:43,40,0
70,17,25/06/09 09:15:50,25/06/09 09:17:34,40,0
70,18,25/06/09 09:17:36,25/06/09 09:21:16,40,1
70,19,25/06/09 09:21:19,25/06/09 09:22:28,40,0
60,20,25/06/09 09:24:22,25/06/09 09:25:45,40,1
60,21,25/06/09 09:25:49,25/06/09 09:26:58,40,0
50,22,25/06/09 09:27:02,25/06/09 09:28:11,40,0
50,23,25/06/09 09:28:17,25/06/09 09:29:26,40,0
30,24,25/06/09 09:34:21,25/06/09 09:39:07,40,1
30,25,25/06/09 09:39:13,25/06/09 09:40:26,40,0
40,26,25/06/09 09:40:28,25/06/09 09:41:38,40,0
20,27,25/06/09 09:43:16,25/06/09 09:45:28,40,3
20,28,25/06/09 09:45:31,25/06/09 09:46:39,40,0
20,29,25/06/09 09:47:16,25/06/09 09:52:57,40,4
10,30,25/06/09 09:52:59,25/06/09 09:59:20,40,2
10,31,25/06/09 10:09:17,25/06/09 10:12:26,40,1
110,32,25/06/09 11:40:48,25/06/09 11:44:35,40,1
110,33,25/06/09 11:44:37,25/06/09 11:45:50,40,0
110,34,25/06/09 11:45:52,25/06/09 11:47:04,40,0
110,35,25/06/09 11:52:28,25/06/09 11:57:02,40,1
150,36,25/06/09 11:57:18,25/06/09 11:58:45,40,0
150,37,25/06/09 11:59:16,25/06/09 12:45:20,40,0
150,38,25/06/09 12:56:29,25/06/09 12:57:41,40,0
150,39,25/06/09 12:57:44,25/06/09 12:58:56,40,0
130,40,25/06/09 12:59:58,25/06/09 13:01:27,40,1
130,41,25/06/09 13:01:30,25/06/09 13:02:42,40,0
130,42,25/06/09 13:02:44,25/06/09 13:03:57,40,0
130,43,25/06/09 13:03:59,25/06/09 13:05:12,40,0
10,44,25/06/09 13:07:42,25/06/09 13:12:06,40,1
10,45,25/06/09 13:12:30,25/06/09 13:13:43,40,0
30,46,25/06/09 13:15:09,25/06/09 13:16:45,40,1
30,47,25/06/09 13:16:49,25/06/09 13:18:01,40,0
90,48,25/06/09 13:21:02,25/06/09 13:24:22,40,1
90,49,25/06/09 13:24:24,25/06/09 13:25:34,40,0
70,50,25/06/09 13:25:55,25/06/09 13:27:17,40,0
70,51,25/06/09 13:27:22,25/06/09 13:28:31,40,0
50,52,25/06/09 13:29:52,25/06/09 13:31:26,40,2
50,53,25/06/09 13:31:40,25/06/09 13:33:32,40,1
50,54,25/06/09 15:59:37,25/06/09 16:00:51,40,1
50,55,25/06/09 16:00:58,25/06/09 16:02:07,40,0
70,56,25/06/09 16:02:38,25/06/09 16:04:01,40,0
70,57,25/06/09 16:04:03,25/06/09 16:05:12,40,0
90,58,25/06/09 16:10:40,25/06/09 16:13:21,40,0
90,59,25/06/09 16:13:26,25/06/09 16:14:35,40,0
110,60,25/06/09 16:15:38,25/06/09 16:19:01,40,1
110,61,25/06/09 16:19:03,25/06/09 16:20:17,40,0
130,62,25/06/09 16:20:36,25/06/09 16:22:01,40,0
130,63,25/06/09 16:22:03,25/06/09 16:23:15,40,0
150,64,25/06/09 16:24:27,25/06/09 16:26:00,40,1
150,65,25/06/09 16:26:02,25/06/09 16:27:14,40,0
30,3,25/06/09 20:33:34,25/06/09 20:37:29,40,1
30,4,25/06/09 20:37:42,25/06/09 20:38:56,40,0
30,5,25/06/09 20:38:57,25/06/09 20:40:09,40,0
30,6,25/06/09 20:40:12,25/06/09 20:41:24,40,0
10,7,25/06/09 20:43:51,25/06/09 20:48:39,40,5
10,8,25/06/09 20:48:41,25/06/09 20:52:29,40,1
10,9,25/06/09 20:52:31,25/06/09 20:53:54,40,0
50,10,25/06/09 20:56:02,25/06/09 21:00:22,40,1
50,11,25/06/09 21:00:24,25/06/09 21:01:34,40,0
70,12,25/06/09 21:03:23,25/06/09 21:04:54,40,0
70,13,25/06/09 21:04:57,25/06/09 21:06:06,40,0
70,14,25/06/09 21:07:32,25/06/09 21:08:42,40,0
70,15,25/06/09 21:08:49,25/06/09 21:09:59,40,0
50,16,25/06/09 21:10:24,25/06/09 21:11:52,40,0
50,17,25/06/09 21:11:54,25/06/09 21:13:03,40,0
90,18,25/06/09 21:13:59,25/06/09 21:15:37,40,1
90,19,25/06/09 21:15:55,25/06/09 21:17:04,40,0
90,20,25/06/09 21:17:06,25/06/09 21:18:14,40,0
90,21,25/06/09 21:18:16,25/06/09 21:19:25,40,0
110,22,25/06/09 21:23:03,25/06/09 21:26:16,40,1
110,23,25/06/09 21:26:18,25/06/09 21:27:31,40,0
110,24,25/06/09 21:27:36,25/06/09 21:28:48,40,0
110,25,25/06/09 21:28:50,25/06/09 21:30:02,40,0
130,26,25/06/09 21:30:23,25/06/09 21:31:45,40,0
130,27,25/06/09 21:31:55,25/06/09 21:33:07,40,0
130,28,25/06/09 21:33:09,25/06/09 21:34:22,40,0
130,29,25/06/09 21:49:31,25/06/09 21:50:54,40,1
150,30,25/06/09 21:51:20,25/06/09 21:52:48,40,0
150,31,25/06/09 21:52:50,25/06/09 21:54:02,40,0
150,32,25/06/09 21:54:11,25/06/09 21:55:24,40,0
150,33,25/06/09 21:55:26,25/06/09 21:56:38,40,0
150,34,25/06/10 00:43:31,25/06/10 00:45:01,40,2
150,34,25/06/10 00:45:25,25/06/10 00:46:38,40,0
130,35,25/06/10 00:47:17,25/06/10 00:48:42,40,0
130,36,25/06/10 00:48:44,25/06/10 00:49:56,40,0
110,37,25/06/10 00:50:33,25/06/10 00:52:04,40,0
110,38,25/06/10 00:52:07,25/06/10 00:53:19,40,0
10,39,25/06/10 00:54:05,25/06/10 00:57:25,40,1
10,40,25/06/10 00:57:29,25/06/10 00:58:42,40,0
10,41,25/06/10 00:58:44,25/06/10 01:00:08,40,0
10,42,25/06/10 01:00:10,25/06/10 01:01:23,40,0
10,43,25/06/10 01:01:25,25/06/10 01:02:37,40,0
30,44,25/06/10 01:03:55,25/06/10 01:05:21,40,0
30,45,25/06/10 01:05:24,25/06/10 01:06:36,40,0
30,46,25/06/10 01:06:38,25/06/10 01:07:50,40,0
30,47,25/06/10 01:07:54,25/06/10 01:09:06,40,0
50,48,25/06/10 01:12:41,25/06/10 01:15:57,40,1
50,49,25/06/10 01:16:00,25/06/10 01:17:10,40,0
70,50,25/06/10 01:18:34,25/06/10 01:20:10,40,2
70,51,25/06/10 01:20:23,25/06/10 01:21:32,40,0
90,52,25/06/10 01:21:56,25/06/10 01:25:02,40,2
90,53,25/06/10 01:25:06,25/06/10 01:29:39,40,4
90,54,25/06/10 03:34:55,25/06/10 03:37:03,40,1
90,55,25/06/10 03:37:05,25/06/10 03:38:13,40,0
70,56,25/06/10 03:38:48,25/06/10 03:40:11,40,0
50,57,25/06/10 03:42:29,25/06/10 03:43:52,40,0
50,58,25/06/10 03:43:55,25/06/10 03:45:04,40,0
10,59,25/06/10 03:49:07,25/06/10 03:52:27,40,2
10,60,25/06/10 03:52:36,25/06/10 03:53:49,40,0
30,61,25/06/10 03:54:16,25/06/10 03:55:45,40,0
30,62,25/06/10 03:55:49,25/06/10 03:57:03,40,0
130,63,25/06/10 04:01:29,25/06/10 04:05:46,40,1
130,64,25/06/10 04:05:48,25/06/10 04:07:01,40,0
9000,2,25/06/10 07:11:49,25/06/10 07:12:03,3,1
9010,3,25/06/10 07:19:27,25/06/10 07:19:33,1,0
130,4,25/06/10 07:21:56,25/06/10 07:29:55,40,3
130,5,25/06/10 07:30:10,25/06/10 07:31:23,40,0
150,6,25/06/10 07:31:59,25/06/10 07:34:02,40,0
150,7,25/06/10 07:34:05,25/06/10 07:35:18,40,0
150,8,25/06/10 07:35:22,25/06/10 07:36:34,40,0
110,9,25/06/10 07:38:14,25/06/10 07:39:44,40,1
110,10,25/06/10 07:39:49,25/06/10 07:41:02,40,0
110,11,25/06/10 07:41:10,25/06/10 07:42:23,40,0
110,12,25/06/10 07:42:25,25/06/10 07:43:37,40,0
90,13,25/06/10 07:45:23,25/06/10 07:49:49,40,1
90,14,25/06/10 07:50:40,25/06/10 07:51:51,40,0
70,15,25/06/10 07:52:18,25/06/10 07:55:11,40,1
70,16,25/06/10 07:55:14,25/06/10 07:56:24,40,0
70,17,25/06/10 07:56:28,25/06/10 07:57:37,40,0
50,18,25/06/10 07:58:15,25/06/10 08:00:14,40,0
50,19,25/06/10 08:00:17,25/06/10 08:01:25,40,0
10,20,25/06/10 08:04:16,25/06/10 08:09:27,40,1
10,21,25/06/10 08:09:33,25/06/10 08:10:45,40,0
30,22,25/06/10 08:11:05,25/06/10 08:12:31,40,0
30,23,25/06/10 08:12:34,25/06/10 08:13:46,40,0
30,24,25/06/10 10:46:12,25/06/10 10:50:21,40,1
30,25,25/06/10 10:50:24,25/06/10 10:51:37,40,0
10,26,25/06/10 10:52:32,25/06/10 10:54:54,40,0
10,27,25/06/10 10:56:02,25/06/10 10:58:27,40,0
50,28,25/06/10 11:00:54,25/06/10 11:04:59,40,1
50,29,25/06/10 11:05:10,25/06/10 11:06:20,40,0
70,30,25/06/10 11:13:39,25/06/10 11:14:58,40,0
70,31,25/06/10 11:16:05,25/06/10 11:17:14,40,0
70,36,25/06/10 11:17:41,25/06/10 11:18:51,40,0
50,37,25/06/10 11:19:22,25/06/10 11:20:46,40,0
50,38,25/06/10 11:21:12,25/06/10 11:22:21,40,0
90,39,25/06/10 11:23:35,25/06/10 11:25:03,40,1
90,40,25/06/10 11:25:07,25/06/10 11:26:16,40,0
90,41,25/06/10 11:26:34,25/06/10 11:27:43,40,0
90,42,25/06/10 11:27:45,25/06/10 11:28:54,40,0
110,43,25/06/10 11:32:51,25/06/10 11:37:00,40,1
110,44,25/06/10 11:37:03,25/06/10 11:38:16,40,0
110,45,25/06/10 11:38:18,25/06/10 11:39:30,40,0
110,46,25/06/10 11:39:37,25/06/10 11:40:49,40,0
150,47,25/06/10 11:42:06,25/06/10 11:43:35,40,1
150,48,25/06/10 11:43:38,25/06/10 11:44:51,40,0
150,49,25/06/10 11:44:54,25/06/10 11:46:06,40,0
150,50,25/06/10 11:46:18,25/06/10 11:47:30,40,0
150,51,25/06/10 11:47:34,25/06/10 11:48:46,40,0
130,52,25/06/10 11:49:14,25/06/10 11:50:40,40,0
130,53,25/06/10 11:50:45,25/06/10 11:51:57,40,0
130,54,25/06/10 11:52:01,25/06/10 11:53:13,40,0
130,55,25/06/10 11:53:22,25/06/10 11:54:35,40,0
30,56,25/06/10 11:57:09,25/06/10 12:47:32,40,1
30,57,25/06/10 12:47:51,25/06/10 12:49:04,40,0
10,58,25/06/10 12:49:51,25/06/10 12:51:12,40,0
10,59,25/06/10 12:51:14,25/06/10 12:53:07,40,0
10,60,25/06/10 14:13:13,25/06/10 14:14:34,40,0
30,61,25/06/10 14:16:33,25/06/10 14:18:02,40,0
30,62,25/06/10 14:18:04,25/06/10 14:19:16,40,0
110,63,25/06/10 14:23:03,25/06/10 14:27:46,40,1
110,64,25/06/10 14:27:48,25/06/10 14:29:00,40,0
130,65,25/06/10 14:29:24,25/06/10 14:30:46,40,0
130,66,25/06/10 14:30:55,25/06/10 14:32:08,40,0
150,67,25/06/10 14:33:37,25/06/10 14:35:04,40,1
9010,2,25/06/10 19:27:05,25/06/10 19:28:23,1,0
70,3,25/06/10 19:30:26,25/06/10 19:33:42,40,0
70,4,25/06/10 19:34:07,25/06/10 19:35:43,40,1
70,5,25/06/10 19:35:55,25/06/10 19:37:05,40,0
50,6,25/06/10 19:38:23,25/06/10 19:39:47,40,1
50,7,25/06/10 19:39:49,25/06/10 19:40:58,40,0
50,8,25/06/10 19:41:00,25/06/10 19:42:09,40,0
50,9,25/06/10 19:42:11,25/06/10 19:43:20,40,0
90,10,25/06/10 19:44:22,25/06/10 19:45:41,40,0
90,11,25/06/10 19:46:14,25/06/10 19:47:23,40,0
90,12,25/06/10 19:47:25,25/06/10 19:48:34,40,0
110,13,25/06/10 19:49:04,25/06/10 19:51:35,40,1
110,14,25/06/10 19:51:37,25/06/10 19:52:50,40,0
150,17,25/06/10 19:53:15,25/06/10 19:54:38,40,0
150,18,25/06/10 19:54:40,25/06/10 19:55:53,40,0
150,19,25/06/10 22:10:24,25/06/10 22:11:38,40,0
150,20,25/06/10 22:11:39,25/06/10 22:12:53,40,0
130,21,25/06/10 22:14:23,25/06/10 22:15:50,40,1
130,22,25/06/10 22:15:52,25/06/10 22:17:04,40,0
130,15,25/06/10 22:17:18,25/06/10 22:18:32,40,0
130,16,25/06/10 22:19:02,25/06/10 22:21:34,40,4
110,23,25/06/10 22:21:53,25/06/10 22:23:42,40,1
110,24,25/06/10 22:23:46,25/06/10 22:24:58,40,0
90,25,25/06/10 22:25:33,25/06/10 22:27:42,40,0
90,26,25/06/10 22:27:44,25/06/10 22:28:54,40,0
70,27,25/06/10 22:29:24,25/06/10 22:30:46,40,0
70,28,25/06/10 22:30:47,25/06/10 22:31:57,40,0
10,30,25/06/10 22:33:22,25/06/10 22:36:18,40,1
10,31,25/06/10 22:36:20,25/06/10 22:37:47,40,0
10,32,25/06/10 22:37:58,25/06/10 22:39:45,40,1
10,33,25/06/10 22:40:11,25/06/10 22:41:37,40,0
10,34,25/06/10 22:41:39,25/06/10 22:43:02,40,0
30,35,25/06/10 22:44:24,25/06/10 22:45:50,40,1
30,36,25/06/10 22:45:52,25/06/10 22:47:04,40,0
30,37,25/06/10 22:47:07,25/06/10 22:48:19,40,0
30,38,25/06/10 22:48:20,25/06/10 22:51:38,40,1
30,39,25/06/10 22:52:55,25/06/10 22:54:06,40,0
50,40,25/06/10 22:56:26,25/06/10 22:58:45,40,0
50,41,25/06/10 22:58:46,25/06/10 22:59:57,40,0
50,42,25/06/10 23:00:04,25/06/10 23:01:13,40,0
70,43,25/06/10 23:02:27,25/06/10 23:04:48,40,1
70,44,25/06/10 23:05:39,25/06/10 23:06:48,40,0
90,45,25/06/10 23:08:14,25/06/10 23:09:37,40,0
90,46,25/06/10 23:09:46,25/06/10 23:10:55,40,0
110,47,25/06/10 23:11:52,25/06/10 23:14:03,40,0
150,48,25/06/10 23:14:33,25/06/10 23:15:55,40,0
150,49,25/06/11 00:32:26,25/06/11 00:33:44,40,1
150,50,25/06/11 02:00:04,25/06/11 02:01:18,40,0
150,51,25/06/11 02:01:20,25/06/11 02:02:33,40,0
130,52,25/06/11 02:04:22,25/06/11 02:05:49,40,1
130,53,25/06/11 02:05:50,25/06/11 02:07:03,40,0
130,54,25/06/11 02:07:04,25/06/11 02:08:16,40,0
130,55,25/06/11 02:08:18,25/06/11 02:09:30,40,0
110,56,25/06/11 02:10:00,25/06/11 02:12:48,40,2
110,57,25/06/11 02:12:50,25/06/11 02:14:02,40,0
110,58,25/06/11 02:14:04,25/06/11 02:15:17,40,0
90,59,25/06/11 02:15:51,25/06/11 02:19:18,40,1
90,60,25/06/11 02:19:22,25/06/11 02:20:48,40,1
90,61,25/06/11 02:20:53,25/06/11 02:23:56,40,0
70,62,25/06/11 02:24:16,25/06/11 02:25:34,40,0
70,63,25/06/11 02:25:44,25/06/11 02:26:53,40,0
70,64,25/06/11 02:27:04,25/06/11 02:28:14,40,0
50,65,25/06/11 02:29:23,25/06/11 02:30:51,40,0
50,66,25/06/11 02:30:55,25/06/11 02:32:20,40,0
50,67,25/06/11 02:32:22,25/06/11 02:33:32,40,0
10,68,25/06/11 02:34:20,25/06/11 02:37:04,40,0
10,69,25/06/11 02:37:07,25/06/11 02:38:31,40,0
10,70,25/06/11 02:38:36,25/06/11 02:39:49,40,0
10,71,25/06/11 02:40:03,25/06/11 02:41:24,40,0
30,72,25/06/11 02:41:47,25/06/11 02:43:12,40,0
30,73,25/06/11 02:43:14,25/06/11 02:44:26,40,0
30,74,25/06/11 03:37:37,25/06/11 03:50:55,40,1
9000,2,25/06/11 07:19:47,25/06/11 07:20:01,3,1
9010,3,25/06/11 07:20:03,25/06/11 07:20:10,1,0
30,4,25/06/11 08:44:05,25/06/11 08:52:53,40,1
30,5,25/06/11 08:53:03,25/06/11 08:54:16,40,0
10,6,25/06/11 08:54:43,25/06/11 08:57:44,40,1
10,7,25/06/11 08:57:53,25/06/11 08:59:05,40,0
70,8,25/06/11 09:01:04,25/06/11 09:12:16,40,2
70,9,25/06/11 09:12:42,25/06/11 09:17:17,120,1
50,10,25/06/11 09:17:43,25/06/11 09:19:02,40,0
50,11,25/06/11 09:19:03,25/06/11 09:20:12,40,0
50,12,25/06/11 09:20:19,25/06/11 09:21:28,40,0
50,13,25/06/11 09:21:36,25/06/11 09:22:45,40,0
90,14,25/06/11 09:24:38,25/06/11 09:30:19,40,1
90,15,25/06/11 09:30:47,25/06/11 09:31:56,40,0
90,16,25/06/11 09:32:02,25/06/11 09:33:11,40,0
90,17,25/06/11 09:33:29,25/06/11 09:34:38,40,0
110,18,25/06/11 09:38:46,25/06/11 09:45:10,40,1
110,19,25/06/11 09:53:49,25/06/11 09:56:54,40,1
110,20,25/06/11 09:56:59,25/06/11 09:58:12,40,0
110,21,25/06/11 09:58:14,25/06/11 10:17:17,40,1
130,22,25/06/11 10:17:36,25/06/11 10:20:25,40,4
130,23,25/06/11 10:20:26,25/06/11 10:21:39,40,0
130,24,25/06/11 10:21:41,25/06/11 10:22:54,40,0
130,25,25/06/11 10:22:55,25/06/11 10:24:08,40,0
150,26,25/06/11 10:24:32,25/06/11 10:30:39,40,2
150,27,25/06/11 10:30:53,25/06/11 10:32:06,40,0
150,28,25/06/11 10:32:11,25/06/11 10:33:23,40,0
150,29,25/06/11 10:33:26,25/06/11 10:34:38,40,0
130,30,25/06/11 12:53:34,25/06/11 12:55:27,40,1
150,31,25/06/11 12:55:51,25/06/11 12:57:12,40,0
110,32,25/06/11 12:58:58,25/06/11 13:01:51,40,2
10,33,25/06/11 13:05:04,25/06/11 13:11:54,40,1
10,34,25/06/11 13:12:08,25/06/11 13:13:21,40,0
10,35,25/06/11 13:13:23,25/06/11 13:14:48,40,0
30,36,25/06/11 13:15:12,25/06/11 13:17:55,40,3
30,37,25/06/11 13:17:58,25/06/11 13:19:10,40,0
30,38,25/06/11 13:19:17,25/06/11 13:20:28,40,0
40,39,25/06/11 13:20:41,25/06/11 13:21:50,40,0
40,39,25/06/11 15:28:26,25/06/11 15:28:44,3,1
40,40,25/06/11 15:29:32,25/06/11 15:30:38,37,0
20,41,25/06/11 15:31:02,25/06/11 15:32:24,40,0
20,42,25/06/11 15:32:27,25/06/11 15:33:36,40,0
50,44,25/06/11 15:38:02,25/06/11 15:43:17,40,1
60,45,25/06/11 15:43:20,25/06/11 15:44:30,40,0
60,46,25/06/11 15:44:32,25/06/11 15:45:41,40,0
70,47,25/06/11 15:46:27,25/06/11 15:47:53,40,0
70,48,25/06/11 15:48:10,25/06/11 15:49:19,40,0
80,49,25/06/11 15:49:28,25/06/11 15:50:37,40,0
80,50,25/06/11 15:50:40,25/06/11 15:51:49,40,0
80,51,25/06/11 15:51:52,25/06/11 15:53:01,40,0
90,52,25/06/11 15:54:42,25/06/11 15:56:00,40,0
100,53,25/06/11 15:56:03,25/06/11 16:00:36,40,3
100,54,25/06/11 16:00:44,25/06/11 16:02:49,40,1
140,57,25/06/11 16:14:43,25/06/11 16:17:22,40,1
140,58,25/06/11 16:17:27,25/06/11 16:18:44,40,0
150,59,25/06/11 16:20:09,25/06/11 16:21:36,40,1
160,60,25/06/11 16:21:37,25/06/11 16:22:54,40,0
160,61,25/06/11 16:22:58,25/06/11 16:25:25,40,1
9000,2,25/06/11 19:29:32,25/06/11 19:30:28,3,5
9010,3,25/06/11 19:30:35,25/06/11 19:30:46,1,1
160,4,25/06/11 20:02:43,25/06/11 20:12:42,40,3
160,5,25/06/11 20:12:44,25/06/11 20:14:01,40,0
120,6,25/06/11 20:14:44,25/06/11 20:16:13,40,0
120,7,25/06/11 20:16:15,25/06/11 20:17:30,40,0
120,8,25/06/11 20:17:32,25/06/11 20:18:48,40,0
120,9,25/06/11 20:18:50,25/06/11 20:20:06,40,0
140,10,25/06/11 20:20:40,25/06/11 20:22:09,40,0
140,11,25/06/11 20:22:11,25/06/11 20:23:27,40,0
100,12,25/06/11 20:24:16,25/06/11 20:27:31,40,0
100,13,25/06/11 20:27:38,25/06/11 20:28:48,40,0
20,14,25/06/11 20:29:53,25/06/11 20:32:30,40,0
20,15,25/06/11 20:32:38,25/06/11 20:33:48,40,0
20,16,25/06/11 21:09:58,25/06/11 21:11:07,40,0
20,17,25/06/11 21:11:19,25/06/11 21:12:27,40,0
40,18,25/06/11 21:13:49,25/06/11 21:15:16,40,1
40,19,25/06/11 21:15:18,25/06/11 21:16:26,40,0
40,20,25/06/11 21:16:28,25/06/11 21:18:47,40,2
40,21,25/06/11 21:18:50,25/06/11 21:22:24,40,2
100,22,25/06/11 21:23:53,25/06/11 21:26:20,40,0
60,23,25/06/11 21:26:50,25/06/11 21:28:08,40,0
60,24,25/06/11 21:28:10,25/06/11 21:29:19,40,0
60,25,25/06/11 21:29:21,25/06/11 21:30:30,40,0
60,26,25/06/11 21:30:31,25/06/11 21:31:40,40,0
80,27,25/06/11 21:33:14,25/06/11 21:35:03,40,3
80,28,25/06/11 21:50:14,25/06/11 21:51:23,40,0
80,29,25/06/11 21:51:25,25/06/11 21:52:34,40,0
120,30,25/06/11 21:54:09,25/06/11 21:56:31,40,0
140,31,25/06/11 21:57:09,25/06/11 21:58:34,40,0
140,32,25/06/11 21:58:36,25/06/11 21:59:52,40,0
140,33,25/06/12 00:33:21,25/06/12 00:34:43,40,1
140,34,25/06/12 00:57:19,25/06/12 00:58:36,40,0
160,35,25/06/12 00:59:58,25/06/12 01:02:24,40,4
160,36,25/06/12 01:02:25,25/06/12 01:03:41,40,0
160,37,25/06/12 01:03:43,25/06/12 01:04:59,40,0
160,38,25/06/12 01:05:01,25/06/12 01:06:17,40,0
120,39,25/06/12 01:06:40,25/06/12 01:08:09,40,0
120,40,25/06/12 01:08:11,25/06/12 01:09:27,40,0
120,41,25/06/12 01:09:29,25/06/12 01:10:45,40,0
80,42,25/06/12 01:11:42,25/06/12 01:14:07,40,0
80,43,25/06/12 01:14:08,25/06/12 01:15:18,40,0
80,44,25/06/12 01:15:38,25/06/12 01:17:19,40,1
100,45,25/06/12 01:17:37,25/06/12 01:19:03,40,0
100,46,25/06/12 01:19:05,25/06/12 01:20:14,40,0
100,47,25/06/12 01:20:46,25/06/12 01:21:55,40,0
20,48,25/06/12 01:22:34,25/06/12 01:25:14,40,0
20,49,25/06/12 01:25:16,25/06/12 01:26:26,40,0
20,50,25/06/12 01:45:33,25/06/12 01:46:42,40,0
40,51,25/06/12 01:47:55,25/06/12 01:50:01,40,2
40,52,25/06/12 01:50:04,25/06/12 01:51:13,40,0
40,53,25/06/12 01:51:14,25/06/12 01:53:09,40,1
40,54,25/06/12 01:53:13,25/06/12 01:55:54,40,1
60,55,25/06/12 01:57:26,25/06/12 01:59:41,40,0
60,56,25/06/12 01:59:43,25/06/12 02:00:53,40,0
60,57,25/06/12 02:01:03,25/06/12 02:02:26,40,0
60,58,25/06/12 02:02:29,25/06/12 02:03:39,40,0
100,59,25/06/12 02:04:08,25/06/12 02:05:27,40,0
100,60,25/06/12 02:05:29,25/06/12 02:06:38,40,0
80,61,25/06/12 02:07:21,25/06/12 02:08:39,40,0
80,62,25/06/12 02:09:19,25/06/12 02:10:33,40,1
120,63,25/06/12 02:11:13,25/06/12 02:14:31,40,1
120,64,25/06/12 02:14:44,25/06/12 02:16:14,40,0
140,65,25/06/12 02:16:47,25/06/12 02:18:13,40,0
140,66,25/06/12 02:18:21,25/06/12 02:19:37,40,0
140,65,25/06/12 09:35:38,25/06/12 09:38:11,1,2
9000,2,25/06/12 20:19:25,25/06/12 20:19:48,3,0
9010,3,25/06/12 20:23:28,25/06/12 20:23:39,1,1
140,4,25/06/12 20:41:22,25/06/12 20:45:14,40,1
140,5,25/06/12 20:45:16,25/06/12 20:46:33,40,0
140,6,25/06/12 20:47:40,25/06/12 20:48:56,40,0
140,7,25/06/12 20:49:02,25/06/12 20:50:18,40,0
160,8,25/06/12 20:51:57,25/06/12 20:53:55,40,2
160,9,25/06/12 20:53:57,25/06/12 20:55:13,40,0
160,10,25/06/12 20:55:14,25/06/12 20:56:30,40,0
160,11,25/06/12 20:56:32,25/06/12 20:57:48,40,0
160,12,25/06/12 20:57:51,25/06/12 20:59:07,40,0
120,13,25/06/12 20:59:30,25/06/12 21:01:04,40,0
120,14,25/06/12 21:01:06,25/06/12 21:02:22,40,0
120,15,25/06/12 21:02:26,25/06/12 21:03:55,40,0
120,16,25/06/12 21:03:56,25/06/12 21:06:13,40,4
60,17,25/06/12 21:06:53,25/06/12 21:10:07,40,0
60,18,25/06/12 21:10:09,25/06/12 21:11:19,40,0
60,19,25/06/12 21:11:20,25/06/12 21:12:30,40,0
60,20,25/06/12 21:12:32,25/06/12 21:13:41,40,0
100,25,25/06/12 21:14:21,25/06/12 21:15:41,40,0
100,26,25/06/12 21:15:48,25/06/12 21:17:09,40,0
100,27,25/06/12 21:17:23,25/06/12 21:18:33,40,0
100,28,25/06/12 21:18:48,25/06/12 21:19:57,40,0
80,29,25/06/12 21:20:15,25/06/12 21:21:38,40,0
80,30,25/06/12 21:21:39,25/06/12 21:22:48,40,0
20,31,25/06/12 21:24:10,25/06/12 21:26:38,40,0
20,32,25/06/12 21:26:40,25/06/12 21:27:49,40,0
20,33,25/06/12 21:27:51,25/06/12 21:29:00,40,0
20,34,25/06/12 21:29:02,25/06/12 21:30:10,40,0
20,35,25/06/12 21:30:22,25/06/12 21:31:31,40,0
40,36,25/06/12 21:31:55,25/06/12 21:34:33,40,2
40,37,25/06/12 21:34:35,25/06/12 21:35:44,40,0
40,38,25/06/12 21:49:57,25/06/12 21:52:18,40,1
40,39,25/06/12 21:52:24,25/06/12 21:53:32,40,0
40,40,25/06/12 21:53:49,25/06/12 21:54:57,40,0
40,41,25/06/13 00:33:10,25/06/13 00:34:24,40,1
20,42,25/06/13 00:34:47,25/06/13 00:36:14,40,0
60,43,25/06/13 00:38:15,25/06/13 00:41:33,40,0
60,44,25/06/13 00:41:39,25/06/13 00:42:49,40,0
80,45,25/06/13 00:43:31,25/06/13 00:44:49,40,0
80,46,25/06/13 00:44:53,25/06/13 00:46:02,40,0
80,47,25/06/13 00:46:05,25/06/13 00:47:14,40,0
100,48,25/06/13 00:49:08,25/06/13 00:50:31,40,1
100,49,25/06/13 00:50:43,25/06/13 00:52:33,40,1
160,50,25/06/13 00:53:59,25/06/13 00:56:52,40,0
160,51,25/06/13 00:56:57,25/06/13 00:58:15,40,0
160,52,25/06/13 00:58:22,25/06/13 00:59:39,40,0
120,53,25/06/13 01:00:35,25/06/13 01:02:04,40,0
120,54,25/06/13 01:02:06,25/06/13 01:03:22,40,0
150,55,25/06/13 02:06:18,25/06/13 02:07:44,40,0
160,56,25/06/13 02:07:45,25/06/13 02:09:01,40,0
110,57,25/06/13 02:09:25,25/06/13 02:10:53,40,0
120,58,25/06/13 02:11:01,25/06/13 02:12:17,40,0
130,59,25/06/13 02:12:36,25/06/13 02:13:58,40,0
140,60,25/06/13 02:14:00,25/06/13 02:15:27,40,0
140,61,25/06/13 02:15:29,25/06/13 02:16:46,40,0
140,62,25/06/13 02:16:50,25/06/13 02:18:06,40,0
90,63,25/06/13 02:19:00,25/06/13 02:21:41,40,0
100,64,25/06/13 02:21:45,25/06/13 02:23:12,40,1
10,65,25/06/13 02:24:44,25/06/13 02:27:33,40,0
20,66,25/06/13 02:27:37,25/06/13 02:29:18,40,0
20,67,25/06/13 02:29:23,25/06/13 02:30:33,40,0
30,68,25/06/13 02:32:03,25/06/13 02:33:24,40,0
40,69,25/06/13 02:33:26,25/06/13 02:34:35,40,0
40,70,25/06/13 02:34:41,25/06/13 02:35:50,40,0
9010,2,25/06/13 20:37:24,25/06/13 20:37:45,1,0
10,3,25/06/13 20:38:32,25/06/13 20:41:06,40,1
10,4,25/06/13 20:41:09,25/06/13 20:42:22,40,0
10,5,25/06/13 20:42:47,25/06/13 20:44:08,40,0
30,6,25/06/13 20:44:58,25/06/13 20:47:39,40,2
30,7,25/06/13 20:47:42,25/06/13 20:48:54,40,0
30,8,25/06/13 20:49:03,25/06/13 20:50:15,40,0
80,9,25/06/13 20:51:10,25/06/13 20:54:24,40,1
80,10,25/06/13 20:54:26,25/06/13 20:55:36,40,0
70,11,25/06/13 20:55:38,25/06/13 20:56:47,40,0
70,12,25/06/13 20:56:50,25/06/13 20:57:59,40,0
70,13,25/06/13 20:58:03,25/06/13 20:59:12,40,0
70,14,25/06/13 20:59:17,25/06/13 21:00:26,40,0
90,16,25/06/13 21:01:05,25/06/13 21:02:29,40,0
90,17,25/06/13 21:02:30,25/06/13 21:03:39,40,0
90,18,25/06/13 21:03:41,25/06/13 21:04:50,40,0
90,19,25/06/13 21:04:53,25/06/13 21:06:34,40,2
50,20,25/06/13 21:06:52,25/06/13 21:08:22,40,2
50,21,25/06/13 21:08:24,25/06/13 21:09:33,40,0
50,22,25/06/13 21:09:51,25/06/13 21:11:01,40,0
50,23,25/06/13 21:11:08,25/06/13 21:12:18,40,0
60,24,25/06/13 21:12:20,25/06/13 21:13:29,40,0
110,25,25/06/13 21:14:35,25/06/13 21:17:19,40,0
110,26,25/06/13 21:17:40,25/06/13 21:18:53,40,0
110,27,25/06/13 21:18:57,25/06/13 21:20:09,40,0
110,35,25/06/13 21:20:24,25/06/13 21:21:37,40,0
130,36,25/06/13 21:22:10,25/06/13 21:24:42,40,1
130,28,25/06/13 21:24:51,25/06/13 21:26:05,40,0
130,29,25/06/13 21:26:06,25/06/13 21:27:20,40,0
130,30,25/06/13 21:27:22,25/06/13 21:28:34,40,0
150,31,25/06/13 21:29:47,25/06/13 21:31:14,40,1
150,32,25/06/13 21:31:15,25/06/13 21:32:28,40,0
150,33,25/06/13 21:32:30,25/06/13 21:33:42,40,0
150,34,25/06/13 21:33:43,25/06/13 21:34:56,40,0
150,37,25/06/14 00:33:07,25/06/14 00:34:25,40,1
150,38,25/06/14 01:15:17,25/06/14 01:16:31,40,0
110,41,25/06/14 01:17:42,25/06/14 01:20:13,40,1
110,42,25/06/14 01:20:16,25/06/14 01:24:53,40,1
130,40,25/06/14 01:25:44,25/06/14 01:27:07,40,0
90,43,25/06/14 01:28:07,25/06/14 01:31:06,40,2
90,44,25/06/14 01:31:08,25/06/14 01:32:17,40,0
70,45,25/06/14 01:33:10,25/06/14 01:34:29,40,0
70,46,25/06/14 01:34:32,25/06/14 01:35:42,40,0
70,47,25/06/14 01:35:45,25/06/14 01:39:23,120,0
10,48,25/06/14 01:40:50,25/06/14 01:43:55,40,0
10,49,25/06/14 01:43:58,25/06/14 01:45:11,40,0
10,50,25/06/14 01:46:24,25/06/14 01:47:48,40,1
10,51,25/06/14 01:47:57,25/06/14 01:49:57,40,0
10,52,25/06/14 01:49:59,25/06/14 01:51:13,40,0
30,53,25/06/14 01:52:25,25/06/14 01:53:52,40,1
30,54,25/06/14 01:53:54,25/06/14 01:55:06,40,0
30,55,25/06/14 01:55:07,25/06/14 01:56:19,40,0
30,56,25/06/14 01:56:21,25/06/14 01:57:43,40,0
30,57,25/06/14 01:57:45,25/06/14 01:58:58,40,0
90,58,25/06/14 01:59:51,25/06/14 02:02:04,40,1
90,59,25/06/14 02:02:05,25/06/14 02:03:29,40,0
50,60,25/06/14 02:03:53,25/06/14 02:05:12,40,0
50,61,25/06/14 02:05:14,25/06/14 02:06:23,40,0
50,62,25/06/14 02:06:28,25/06/14 02:07:37,40,0
50,63,25/06/14 02:07:44,25/06/14 02:08:53,40,0
50,64,25/06/14 02:08:55,25/06/14 02:10:04,40,0
110,65,25/06/14 02:11:02,25/06/14 02:14:07,40,0
110,66,25/06/14 02:14:09,25/06/14 02:15:23,40,0
130,67,25/06/14 02:15:49,25/06/14 02:17:11,40,0
130,68,25/06/14 02:17:13,25/06/14 02:18:25,40,0
130,69,25/06/14 02:18:32,25/06/14 02:20:51,40,1
9000,2,25/06/16 07:43:14,25/06/16 07:44:19,3,1
9010,3,25/06/16 07:44:23,25/06/16 07:44:31,1,0
110,4,25/06/16 07:46:18,25/06/16 09:20:03,40,1
110,5,25/06/16 09:20:11,25/06/16 09:21:25,40,0
130,6,25/06/16 09:22:53,25/06/16 09:24:20,40,0
130,7,25/06/16 09:24:35,25/06/16 09:25:48,40,0
150,8,25/06/16 09:28:05,25/06/16 09:29:34,40,0
150,9,25/06/16 09:29:38,25/06/16 09:30:50,40,0
150,10,25/06/16 09:30:54,25/06/16 09:32:06,40,0
150,11,25/06/16 09:32:08,25/06/16 09:33:21,40,0
150,12,25/06/16 09:33:30,25/06/16 09:34:42,40,0
130,13,25/06/16 09:35:43,25/06/16 09:39:50,40,2
130,14,25/06/16 09:40:08,25/06/16 09:41:21,40,0
110,15,25/06/16 09:43:21,25/06/16 09:47:54,40,5
110,16,25/06/16 09:48:02,25/06/16 09:49:15,40,0
90,17,25/06/16 09:50:36,25/06/16 10:02:54,40,3
90,18,25/06/16 10:03:00,25/06/16 10:04:09,40,0
90,19,25/06/16 10:04:55,25/06/16 10:06:52,40,2
90,20,25/06/16 10:06:53,25/06/16 10:08:47,40,2
70,21,25/06/16 10:09:49,25/06/16 10:11:13,40,0
70,22,25/06/16 10:11:45,25/06/16 10:12:59,40,1
70,23,25/06/16 10:13:13,25/06/16 10:14:22,40,0
50,24,25/06/16 10:16:01,25/06/16 10:17:20,40,0
50,25,25/06/16 10:19:40,25/06/16 10:20:49,40,0
50,26,25/06/16 10:21:40,25/06/16 10:22:49,40,0
50,27,25/06/16 10:22:56,25/06/16 10:24:05,40,0
10,28,25/06/16 10:28:57,25/06/16 10:34:24,40,1
30,31,25/06/16 11:34:00,25/06/16 11:37:29,40,2
30,32,25/06/16 12:24:31,25/06/16 12:25:44,40,0
30,33,25/06/16 12:26:22,25/06/16 12:27:35,40,0
10,29,25/06/16 12:29:03,25/06/16 13:02:07,22,1
10,30,25/06/16 13:03:10,25/06/16 13:06:32,58,0
70,40,25/06/16 14:31:30,25/06/16 14:35:36,40,1
70,41,25/06/16 14:36:02,25/06/16 14:37:12,40,0
70,42,25/06/16 14:37:15,25/06/16 14:38:24,40,0
70,43,25/06/16 14:38:30,25/06/16 14:39:40,40,0
50,44,25/06/16 14:41:34,25/06/16 14:43:36,40,2
50,45,25/06/16 14:44:56,25/06/16 14:46:05,40,0
50,46,25/06/16 14:46:16,25/06/16 14:47:25,40,0
50,47,25/06/16 14:47:29,25/06/16 14:48:38,40,0
90,48,25/06/16 14:49:03,25/06/16 14:52:43,40,3
90,49,25/06/16 14:53:45,25/06/16 14:54:54,40,0
90,50,25/06/16 14:55:18,25/06/16 14:56:27,40,0
90,51,25/06/16 14:56:43,25/06/16 14:57:52,40,0
110,52,25/06/16 15:00:43,25/06/16 15:06:54,40,1
110,53,25/06/16 15:07:12,25/06/16 15:08:25,40,0
110,54,25/06/16 15:08:30,25/06/16 15:09:43,40,0
110,55,25/06/16 15:10:05,25/06/16 15:11:39,40,1
130,56,25/06/16 15:12:19,25/06/16 15:17:07,40,1
130,57,25/06/16 15:17:21,25/06/16 15:18:33,40,0
130,58,25/06/16 15:19:17,25/06/16 15:20:29,40,0
130,59,25/06/16 15:20:52,25/06/16 15:22:04,40,0
150,60,25/06/16 15:23:51,25/06/16 15:26:56,40,3
30,64,25/06/16 15:28:23,25/06/16 15:32:31,40,1
30,65,25/06/16 15:32:43,25/06/16 15:33:56,40,0
30,66,25/06/16 15:34:01,25/06/16 15:35:12,40,0
30,67,25/06/16 15:35:16,25/06/16 15:36:28,40,0
10,68,25/06/16 15:38:48,25/06/16 15:41:36,40,2
10,69,25/06/16 15:41:40,25/06/16 15:42:51,40,0
10,70,25/06/16 15:43:05,25/06/16 15:44:17,40,0
10,70,25/06/16 15:44:18,25/06/16 15:45:58,33,0
150,61,25/06/16 15:46:58,25/06/16 15:49:29,40,1
150,62,25/06/16 15:49:31,25/06/16 15:50:44,40,0
150,63,25/06/16 15:50:46,25/06/16 15:51:58,40,0
9000,2,25/06/16 19:22:26,25/06/16 19:22:39,3,1
9010,3,25/06/16 19:22:41,25/06/16 19:22:48,1,0
150,4,25/06/16 21:17:33,25/06/16 21:23:15,40,1
150,5,25/06/16 21:23:18,25/06/16 21:24:32,40,0
150,6,25/06/16 21:24:38,25/06/16 21:25:50,40,0
150,7,25/06/16 21:25:52,25/06/16 21:27:04,40,0
130,8,25/06/16 21:27:24,25/06/16 21:28:50,40,0
130,9,25/06/16 21:28:53,25/06/16 21:30:15,40,0
130,10,25/06/16 21:30:17,25/06/16 21:31:31,40,0
130,11,25/06/16 21:31:38,25/06/16 21:32:50,40,0
110,12,25/06/16 21:34:39,25/06/16 21:36:06,40,1
110,13,25/06/16 21:36:15,25/06/16 21:37:27,40,0
110,14,25/06/16 21:37:30,25/06/16 21:38:42,40,0
110,15,25/06/16 21:38:45,25/06/16 21:39:58,40,0
70,16,25/06/16 21:42:43,25/06/16 21:45:11,40,1
70,17,25/06/16 21:45:14,25/06/16 21:46:24,40,0
70,18,25/06/16 21:46:27,25/06/16 21:47:36,40,0
70,19,25/06/16 21:47:38,25/06/16 21:48:47,40,0
90,20,25/06/16 21:49:04,25/06/16 21:50:29,40,0
90,21,25/06/16 21:50:37,25/06/16 21:51:46,40,0
90,22,25/06/16 21:51:47,25/06/16 21:52:56,40,0
90,23,25/06/16 21:53:02,25/06/16 21:54:24,40,1
50,24,25/06/16 21:54:42,25/06/16 21:56:04,40,0
50,25,25/06/16 21:56:05,25/06/16 21:57:14,40,0
50,26,25/06/16 21:57:16,25/06/16 21:58:25,40,0
50,27,25/06/16 21:58:30,25/06/16 21:59:39,40,0
30,28,25/06/16 22:01:49,25/06/16 22:17:26,40,2
30,29,25/06/16 22:17:29,25/06/16 22:18:42,40,0
30,30,25/06/16 22:18:45,25/06/16 22:19:56,40,0
30,31,25/06/16 22:20:00,25/06/16 22:21:12,40,0
10,32,25/06/16 22:22:56,25/06/16 22:25:49,40,3
10,33,25/06/16 22:25:56,25/06/16 22:27:50,40,1
10,34,25/06/16 22:27:57,25/06/16 22:29:10,40,0
10,35,25/06/16 22:29:13,25/06/16 22:32:44,40,2
10,36,25/06/17 01:54:25,25/06/17 02:00:15,40,6
10,37,25/06/17 02:00:17,25/06/17 02:01:37,40,0
10,38,25/06/17 02:01:41,25/06/17 02:02:54,40,0
10,39,25/06/17 02:02:59,25/06/17 02:04:12,40,0
10,40,25/06/17 02:04:16,25/06/17 02:05:29,40,0
30,41,25/06/17 02:05:49,25/06/17 02:07:13,40,0
30,42,25/06/17 02:07:14,25/06/17 02:08:26,40,0
30,43,25/06/17 02:08:38,25/06/17 02:09:50,40,0
30,44,25/06/17 02:09:53,25/06/17 02:11:05,40,0
30,45,25/06/17 02:11:06,25/06/17 02:12:32,40,1
70,46,25/06/17 02:15:34,25/06/17 02:19:38,40,1
70,47,25/06/17 02:19:40,25/06/17 02:20:51,40,0
70,48,25/06/17 02:20:58,25/06/17 02:22:07,40,0
70,49,25/06/17 02:22:09,25/06/17 02:23:18,40,0
50,50,25/06/17 02:25:25,25/06/17 02:26:53,40,1
50,51,25/06/17 02:26:56,25/06/17 02:28:05,40,0
50,52,25/06/17 02:28:08,25/06/17 02:29:17,40,0
50,53,25/06/17 02:29:20,25/06/17 02:30:29,40,0
90,54,25/06/17 02:32:42,25/06/17 02:34:05,40,1
90,55,25/06/17 02:34:10,25/06/17 02:36:00,40,1
90,56,25/06/17 02:36:02,25/06/17 02:37:11,40,0
90,57,25/06/17 02:38:07,25/06/17 02:39:16,40,0
90,58,25/06/17 02:39:20,25/06/17 02:41:20,40,3
110,59,25/06/17 02:45:10,25/06/17 02:47:55,40,1
110,60,25/06/17 02:48:11,25/06/17 02:49:25,40,0
110,61,25/06/17 02:49:50,25/06/17 02:53:36,40,5
110,62,25/06/17 02:54:27,25/06/17 02:55:39,40,0
130,63,25/06/17 02:57:07,25/06/17 02:58:35,40,0
130,64,25/06/17 02:58:37,25/06/17 02:59:49,40,0
130,65,25/06/17 03:00:25,25/06/17 03:01:38,40,0
130,66,25/06/17 03:01:44,25/06/17 03:02:56,40,0
150,67,25/06/17 03:06:10,25/06/17 03:07:45,40,1
150,68,25/06/17 03:07:47,25/06/17 03:08:59,40,0
150,69,25/06/17 03:09:03,25/06/17 03:10:15,40,0
150,70,25/06/17 03:11:22,25/06/17 03:12:34,40,0
9000,2,25/06/17 07:10:13,25/06/17 07:10:23,3,0
9010,3,25/06/17 07:10:25,25/06/17 07:10:33,1,0
150,4,25/06/17 07:13:19,25/06/17 07:35:25,40,7
130,5,25/06/17 07:37:25,25/06/17 07:38:53,40,0
150,8,25/06/17 07:39:33,25/06/17 07:41:00,40,0
110,6,25/06/17 07:42:39,25/06/17 07:44:39,40,1
110,7,25/06/17 07:45:33,25/06/17 07:48:34,40,2
90,9,25/06/17 07:49:55,25/06/17 07:59:47,40,11
90,10,25/06/17 07:59:53,25/06/17 08:04:39,40,4
70,11,25/06/17 08:05:21,25/06/17 08:08:32,40,2
70,12,25/06/17 08:09:04,25/06/17 08:10:13,40,0
50,13,25/06/17 08:13:09,25/06/17 08:23:06,40,5
50,14,25/06/17 08:23:11,25/06/17 08:27:52,40,2
10,15,25/06/17 08:29:23,25/06/17 08:33:37,40,1
10,16,25/06/17 08:34:01,25/06/17 08:35:14,40,0
30,17,25/06/17 08:35:37,25/06/17 08:38:58,40,2
30,18,25/06/17 08:39:15,25/06/17 08:40:32,40,1
30,19,25/06/17 11:24:32,25/06/17 11:25:45,40,0
30,20,25/06/17 11:26:15,25/06/17 11:27:28,40,0
30,21,25/06/17 11:27:37,25/06/17 11:28:49,40,0
10,22,25/06/17 11:29:49,25/06/17 11:33:33,40,3
10,23,25/06/17 11:33:40,25/06/17 11:34:52,40,0
10,24,25/06/17 11:36:51,25/06/17 11:39:37,40,2
70,25,25/06/17 11:41:54,25/06/17 11:46:33,40,0
70,26,25/06/17 11:47:08,25/06/17 11:48:19,40,0
70,27,25/06/17 11:48:44,25/06/17 11:49:53,40,0
70,28,25/06/17 11:50:11,25/06/17 11:54:03,40,1
50,29,25/06/17 11:54:37,25/06/17 11:56:02,40,0
50,30,25/06/17 11:56:07,25/06/17 11:57:16,40,0
50,31,25/06/17 11:57:27,25/06/17 11:58:36,40,0
90,32,25/06/17 12:00:48,25/06/17 12:02:13,40,0
90,33,25/06/17 12:02:34,25/06/17 12:03:43,40,0
90,34,25/06/17 12:04:05,25/06/17 12:05:14,40,0
90,35,25/06/17 12:05:26,25/06/17 12:06:35,40,0
110,36,25/06/17 12:09:05,25/06/17 12:14:06,40,1
110,37,25/06/17 12:14:36,25/06/17 12:15:50,40,0
110,38,25/06/17 12:15:55,25/06/17 12:17:07,40,0
130,39,25/06/17 12:17:44,25/06/17 12:19:16,40,0
130,40,25/06/17 12:19:52,25/06/17 12:21:04,40,0
130,41,25/06/17 12:21:12,25/06/17 12:22:24,40,0
130,42,25/06/17 12:23:15,25/06/17 12:24:27,40,0
150,43,25/06/17 12:24:52,25/06/17 12:26:19,40,0
150,44,25/06/17 12:26:25,25/06/17 12:27:37,40,0
9000,46,25/06/17 13:15:53,25/06/17 13:16:00,3,0
150,45,25/06/17 15:08:10,25/06/17 15:09:28,40,1
150,47,25/06/17 15:09:41,25/06/17 15:10:54,40,0
150,48,25/06/17 15:10:59,25/06/17 15:12:12,40,0
150,49,25/06/17 15:12:17,25/06/17 15:13:29,40,0
130,50,25/06/17 15:14:19,25/06/17 15:15:44,40,0
130,51,25/06/17 15:15:47,25/06/17 15:17:00,40,0
110,52,25/06/17 15:19:24,25/06/17 15:20:54,40,0
110,53,25/06/17 15:20:56,25/06/17 15:22:08,40,0
90,54,25/06/17 15:23:36,25/06/17 15:27:15,40,1
90,55,25/06/17 15:27:52,25/06/17 15:29:03,40,0
70,56,25/06/17 15:29:37,25/06/17 15:32:31,40,2
70,57,25/06/17 15:32:52,25/06/17 15:34:01,40,0
50,58,25/06/17 15:34:45,25/06/17 15:37:03,40,1
50,59,25/06/17 15:37:12,25/06/17 15:43:39,40,6
30,60,25/06/17 15:44:48,25/06/17 15:49:08,40,1
30,61,25/06/17 15:55:45,25/06/17 15:56:58,40,0
10,62,25/06/17 15:57:40,25/06/17 16:01:50,40,3
10,63,25/06/17 16:01:57,25/06/17 16:05:15,40,1
9000,2,25/06/17 19:22:57,25/06/17 19:23:20,3,2
9010,3,25/06/17 19:23:22,25/06/17 19:23:29,1,0
10,4,25/06/17 21:05:10,25/06/17 21:13:24,40,1
10,5,25/06/17 21:13:45,25/06/17 21:21:35,40,2
10,6,25/06/17 21:21:37,25/06/17 21:24:12,40,1
10,7,25/06/17 21:24:13,25/06/17 21:26:19,40,2
30,8,25/06/17 21:26:42,25/06/17 21:36:40,40,2
30,9,25/06/17 21:36:45,25/06/17 21:37:58,40,0
30,10,25/06/17 21:38:05,25/06/17 21:39:17,40,0
30,11,25/06/17 21:39:55,25/06/17 21:41:07,40,0
50,12,25/06/17 21:43:59,25/06/17 21:47:30,40,1
50,13,25/06/17 21:47:33,25/06/17 21:48:42,40,0
50,14,25/06/17 21:48:57,25/06/17 21:51:41,40,3
50,15,25/06/17 21:51:46,25/06/17 21:54:23,40,1
70,16,25/06/17 21:54:43,25/06/17 21:56:48,40,1
70,17,25/06/17 21:56:51,25/06/17 21:58:01,40,0
70,18,25/06/17 21:58:03,25/06/17 21:59:13,40,0
70,19,25/06/17 21:59:15,25/06/17 22:00:24,40,0
90,20,25/06/17 22:01:57,25/06/17 22:03:41,40,2
90,21,25/06/17 22:03:47,25/06/17 22:15:52,40,0
90,22,25/06/17 22:15:54,25/06/17 22:17:03,40,0
90,23,25/06/17 22:17:07,25/06/17 22:18:16,40,0
110,24,25/06/17 22:19:22,25/06/17 22:23:04,40,1
110,25,25/06/17 22:23:23,25/06/17 22:24:36,40,0
110,26,25/06/17 22:24:40,25/06/17 22:25:52,40,0
110,27,25/06/17 22:25:59,25/06/17 22:27:11,40,0
130,28,25/06/17 22:27:31,25/06/17 22:28:55,40,0
130,29,25/06/17 22:28:57,25/06/17 22:30:10,40,0
130,30,25/06/17 22:30:12,25/06/17 22:31:53,40,2
130,31,25/06/17 22:31:55,25/06/17 22:33:07,40,0
150,32,25/06/17 22:34:39,25/06/17 22:36:53,40,1
150,33,25/06/17 22:36:55,25/06/17 22:38:07,40,0
150,34,25/06/17 22:38:10,25/06/17 22:39:23,40,0
150,35,25/06/17 22:39:25,25/06/17 22:40:37,40,0
150,36,25/06/18 01:48:47,25/06/18 01:53:35,40,1
150,37,25/06/18 01:55:11,25/06/18 01:56:25,40,0
150,38,25/06/18 01:56:33,25/06/18 01:57:46,40,0
150,39,25/06/18 01:57:47,25/06/18 01:59:00,40,0
130,40,25/06/18 02:01:13,25/06/18 02:02:49,40,1
130,41,25/06/18 02:04:34,25/06/18 02:05:46,40,0
130,42,25/06/18 02:05:49,25/06/18 02:07:01,40,0
130,43,25/06/18 02:07:10,25/06/18 02:08:22,40,0
110,44,25/06/18 02:09:09,25/06/18 02:10:50,40,2
110,45,25/06/18 02:10:53,25/06/18 02:12:05,40,0
110,46,25/06/18 02:13:13,25/06/18 02:14:25,40,0
110,47,25/06/18 02:15:07,25/06/18 02:16:19,40,0
90,48,25/06/18 02:19:09,25/06/18 02:23:52,40,1
90,49,25/06/18 02:23:57,25/06/18 02:25:07,40,0
90,50,25/06/18 02:25:20,25/06/18 02:26:29,40,0
90,51,25/06/18 02:26:48,25/06/18 02:27:57,40,0
70,52,25/06/18 02:28:41,25/06/18 02:30:06,40,0
70,53,25/06/18 02:30:46,25/06/18 02:31:55,40,0
70,54,25/06/18 02:32:10,25/06/18 02:42:57,40,0
50,55,25/06/18 02:43:50,25/06/18 02:46:08,40,1
50,56,25/06/18 02:46:11,25/06/18 02:47:21,40,0
50,57,25/06/18 02:47:24,25/06/18 02:48:33,40,0
50,58,25/06/18 02:48:48,25/06/18 02:49:57,40,0
10,59,25/06/18 02:53:14,25/06/18 02:58:42,40,3
10,60,25/06/18 02:59:13,25/06/18 03:00:26,40,0
10,61,25/06/18 03:00:28,25/06/18 03:03:40,40,3
10,61,25/06/18 03:03:42,25/06/18 03:06:18,36,2
30,63,25/06/18 03:07:42,25/06/18 03:09:25,40,2
30,64,25/06/18 03:09:31,25/06/18 03:10:43,40,0
30,65,25/06/18 03:10:45,25/06/18 03:11:57,40,0
30,66,25/06/18 03:12:00,25/06/18 03:13:12,40,0
9000,2,25/06/18 07:06:22,25/06/18 07:07:04,3,2
9000,2,25/06/18 07:07:47,25/06/18 07:07:58,3,1
9010,3,25/06/18 07:08:01,25/06/18 07:08:09,1,0
40,4,25/06/18 07:18:02,25/06/18 07:36:17,40,1
40,5,25/06/18 07:37:56,25/06/18 07:39:06,40,0
20,6,25/06/18 07:39:47,25/06/18 07:46:53,40,5
20,7,25/06/18 07:47:09,25/06/18 07:52:30,40,4
80,8,25/06/18 07:55:18,25/06/18 07:58:55,40,1
80,9,25/06/18 07:59:15,25/06/18 08:00:25,40,0
60,10,25/06/18 08:02:03,25/06/18 08:05:56,40,2
60,11,25/06/18 08:06:02,25/06/18 08:07:11,40,0
100,12,25/06/18 08:09:25,25/06/18 08:10:53,40,1
100,13,25/06/18 08:10:56,25/06/18 08:12:05,40,0
120,14,25/06/18 08:14:01,25/06/18 08:17:30,40,1
120,15,25/06/18 08:17:58,25/06/18 08:19:49,40,1
140,16,25/06/18 08:20:40,25/06/18 08:22:17,40,0
140,17,25/06/18 08:22:49,25/06/18 08:24:05,40,0
160,18,25/06/18 08:24:34,25/06/18 08:26:03,40,0
160,19,25/06/18 08:26:10,25/06/18 08:27:26,40,0
160,20,25/06/18 11:07:39,25/06/18 11:08:56,40,0
160,21,25/06/18 11:09:00,25/06/18 11:10:17,40,0
140,22,25/06/18 11:11:09,25/06/18 11:12:45,40,0
140,23,25/06/18 11:12:50,25/06/18 11:14:06,40,0
120,24,25/06/18 11:15:41,25/06/18 11:18:55,40,2
120,25,25/06/18 11:19:00,25/06/18 11:20:16,40,0
100,26,25/06/18 11:21:27,25/06/18 11:25:06,40,1
100,27,25/06/18 11:25:08,25/06/18 11:26:31,40,0
80,28,25/06/18 11:28:25,25/06/18 11:30:22,40,1
80,29,25/06/18 11:30:24,25/06/18 11:31:33,40,0
60,30,25/06/18 11:33:46,25/06/18 11:35:27,40,1
60,31,25/06/18 11:35:50,25/06/18 11:37:00,40,0
40,32,25/06/18 11:45:41,25/06/18 11:46:55,40,1
40,33,25/06/18 11:46:59,25/06/18 11:49:19,40,2
40,34,25/06/18 11:49:23,25/06/18 11:50:32,40,0
20,35,25/06/18 11:52:46,25/06/18 12:03:38,40,4
20,36,25/06/18 12:03:41,25/06/18 12:06:51,40,1
20,37,25/06/18 12:06:53,25/06/18 12:09:27,40,2
60,38,25/06/18 12:12:21,25/06/18 12:18:41,40,1
60,39,25/06/18 12:18:56,25/06/18 12:20:07,40,0
100,40,25/06/18 12:20:46,25/06/18 12:22:12,40,0
100,41,25/06/18 12:22:16,25/06/18 12:23:25,40,0
9000,42,25/06/18 12:23:49,25/06/18 12:23:57,3,0
120,43,25/06/18 12:26:03,25/06/18 13:05:19,40,2
120,44,25/06/18 14:45:16,25/06/18 14:49:49,120,1
160,45,25/06/18 14:50:37,25/06/18 14:53:27,40,2
160,46,25/06/18 14:53:45,25/06/18 14:57:39,120,0
140,47,25/06/18 14:59:53,25/06/18 15:01:31,40,1
140,48,25/06/18 15:01:37,25/06/18 15:02:53,40,0
140,49,25/06/18 15:03:07,25/06/18 15:04:23,40,0
140,50,25/06/18 15:04:44,25/06/18 15:06:00,40,0
100,51,25/06/18 15:07:53,25/06/18 15:11:32,40,1
100,52,25/06/18 15:12:01,25/06/18 15:17:53,40,5
80,53,25/06/18 15:20:02,25/06/18 15:21:35,40,1
80,54,25/06/18 15:22:10,25/06/18 15:23:19,40,0
80,55,25/06/18 15:23:20,25/06/18 15:24:30,40,0
60,56,25/06/18 15:25:30,25/06/18 15:26:57,40,1
60,57,25/06/18 15:27:29,25/06/18 15:32:24,40,3
40,58,25/06/18 15:35:27,25/06/18 15:39:49,40,1
40,59,25/06/18 15:39:56,25/06/18 15:41:05,40,0
40,60,25/06/18 15:41:09,25/06/18 15:42:17,40,0
20,61,25/06/18 15:43:47,25/06/18 15:45:24,40,1
20,62,25/06/18 15:45:33,25/06/18 15:46:55,40,1
9000,2,25/06/18 19:25:03,25/06/18 19:25:27,3,1
9010,3,25/06/18 19:25:30,25/06/18 19:25:37,1,0
20,4,25/06/18 21:01:00,25/06/18 21:10:25,40,3
20,5,25/06/18 21:10:34,25/06/18 21:13:07,40,2
20,6,25/06/18 21:13:21,25/06/18 21:14:29,40,0
20,7,25/06/18 21:14:46,25/06/18 21:15:55,40,0
40,8,25/06/18 21:16:30,25/06/18 21:18:21,40,2
40,9,25/06/18 21:18:29,25/06/18 21:19:39,40,0
40,10,25/06/18 21:20:01,25/06/18 21:21:10,40,0
80,11,25/06/18 21:25:17,25/06/18 21:29:41,40,1
80,12,25/06/18 21:29:45,25/06/18 21:30:55,40,0
80,13,25/06/18 21:30:57,25/06/18 21:32:06,40,0
80,14,25/06/18 21:32:14,25/06/18 21:33:23,40,0
60,15,25/06/18 21:34:01,25/06/18 21:37:41,40,1
60,16,25/06/18 21:37:43,25/06/18 21:38:52,40,0
60,17,25/06/18 21:38:57,25/06/18 21:40:06,40,0
100,18,25/06/18 21:41:44,25/06/18 21:43:11,40,1
100,19,25/06/18 21:43:14,25/06/18 21:44:23,40,0
100,20,25/06/18 21:44:44,25/06/18 21:45:53,40,0
100,21,25/06/18 21:45:55,25/06/18 21:47:04,40,0
120,22,25/06/18 21:48:56,25/06/18 21:53:46,40,1
120,23,25/06/18 21:53:49,25/06/18 21:55:06,40,0
120,24,25/06/18 21:55:08,25/06/18 21:56:24,40,0
140,25,25/06/18 21:57:38,25/06/18 21:59:04,40,0
140,26,25/06/18 21:59:07,25/06/18 22:00:23,40,0
140,27,25/06/18 22:00:25,25/06/18 22:19:30,40,1
160,28,25/06/18 22:19:59,25/06/18 22:22:27,40,2
160,29,25/06/18 22:22:33,25/06/18 22:23:49,40,0
160,30,25/06/18 22:23:55,25/06/18 22:25:11,40,0
160,31,25/06/19 01:53:40,25/06/19 01:59:52,40,2
160,32,25/06/19 01:59:59,25/06/19 02:13:11,40,0
140,33,25/06/19 02:13:42,25/06/19 02:15:20,40,0
140,34,25/06/19 02:16:27,25/06/19 02:17:43,40,0
140,35,25/06/19 02:17:49,25/06/19 02:19:05,40,0
140,36,25/06/19 02:19:08,25/06/19 02:20:34,40,0
130,37,25/06/19 02:20:40,25/06/19 02:24:07,40,1
160,46,25/06/19 02:25:44,25/06/19 02:27:16,40,1
160,47,25/06/19 02:28:16,25/06/19 02:29:33,40,0
120,48,25/06/19 02:30:26,25/06/19 02:31:52,40,0
120,49,25/06/19 02:32:05,25/06/19 02:33:21,40,0
120,50,25/06/19 02:33:33,25/06/19 02:34:49,40,0
120,51,25/06/19 02:35:14,25/06/19 02:36:30,40,0
110,52,25/06/19 02:36:34,25/06/19 02:37:46,40,0
100,53,25/06/19 02:41:11,25/06/19 02:49:59,40,2
100,54,25/06/19 02:50:01,25/06/19 02:51:11,40,0
100,54,25/06/19 02:51:19,25/06/19 02:54:51,28,2
100,54,25/06/19 02:55:02,25/06/19 02:59:37,23,1
80,56,25/06/19 03:00:02,25/06/19 03:01:24,40,0
80,57,25/06/19 03:01:39,25/06/19 03:02:49,40,0
80,58,25/06/19 03:03:04,25/06/19 03:04:13,40,0
70,59,25/06/19 03:04:46,25/06/19 03:05:56,40,0
60,60,25/06/19 03:06:37,25/06/19 03:08:03,40,0
60,61,25/06/19 03:08:07,25/06/19 03:09:16,40,0
60,62,25/06/19 03:09:21,25/06/19 03:10:30,40,0
60,63,25/06/19 03:10:33,25/06/19 03:11:42,40,0
20,64,25/06/19 03:32:13,25/06/19 03:36:06,40,1
20,65,25/06/19 03:36:07,25/06/19 03:37:26,40,0
20,66,25/06/19 03:37:28,25/06/19 03:38:38,40,0
20,67,25/06/19 03:39:38,25/06/19 03:40:46,40,0
40,68,25/06/19 03:42:58,25/06/19 03:44:26,40,1
40,69,25/06/19 03:44:28,25/06/19 03:45:37,40,0
40,70,25/06/19 03:45:40,25/06/19 03:46:49,40,0
40,71,25/06/19 03:46:56,25/06/19 03:48:05,40,0
9000,2,25/06/19 07:11:43,25/06/19 07:11:53,3,0
9010,3,25/06/19 07:11:56,25/06/19 07:12:04,1,0
30,4,25/06/19 07:14:53,25/06/19 07:34:02,40,1
30,5,25/06/19 07:36:37,25/06/19 07:37:50,40,0
10,6,25/06/19 07:41:10,25/06/19 07:42:53,40,1
10,7,25/06/19 07:43:39,25/06/19 07:45:01,40,0
70,8,25/06/19 07:47:50,25/06/19 07:57:34,40,1
70,9,25/06/19 07:57:38,25/06/19 07:58:48,40,0
50,10,25/06/19 08:00:35,25/06/19 08:03:18,40,2
50,11,25/06/19 08:04:05,25/06/19 08:05:24,40,0
90,12,25/06/19 08:07:14,25/06/19 08:08:41,40,0
90,13,25/06/19 08:09:52,25/06/19 08:11:07,40,1
110,14,25/06/19 08:13:58,25/06/19 08:17:08,40,1
110,15,25/06/19 08:22:04,25/06/19 08:24:21,40,1
150,16,25/06/19 08:24:47,25/06/19 08:26:14,40,0
150,17,25/06/19 08:26:18,25/06/19 08:27:31,40,0
130,18,25/06/19 08:29:49,25/06/19 08:31:20,40,0
130,19,25/06/19 10:55:47,25/06/19 10:58:41,40,1
130,20,25/06/19 10:58:50,25/06/19 11:00:02,40,0
150,21,25/06/19 11:01:58,25/06/19 11:03:39,40,1
150,22,25/06/19 11:03:41,25/06/19 11:04:53,40,0
110,23,25/06/19 11:06:42,25/06/19 11:08:31,40,1
110,24,25/06/19 11:08:44,25/06/19 11:09:58,40,0
90,25,25/06/19 11:15:04,25/06/19 11:16:19,40,1
90,26,25/06/19 11:16:45,25/06/19 11:17:55,40,0
70,27,25/06/19 11:20:05,25/06/19 11:22:44,40,1
70,28,25/06/19 11:23:22,25/06/19 11:24:31,40,0
50,29,25/06/19 11:25:03,25/06/19 11:28:24,40,2
50,30,25/06/19 11:28:31,25/06/19 11:29:40,40,0
10,31,25/06/19 11:33:27,25/06/19 11:53:50,40,5
10,32,25/06/19 11:53:52,25/06/19 12:05:20,120,3
30,33,25/06/19 12:07:14,25/06/19 12:11:04,40,2
30,34,25/06/19 12:11:15,25/06/19 12:12:38,40,0
30,35,25/06/19 12:13:24,25/06/19 12:14:37,40,0
30,36,25/06/19 12:14:57,25/06/19 12:16:11,40,0
50,37,25/06/19 12:17:55,25/06/19 12:21:56,40,1
50,38,25/06/19 12:23:08,25/06/19 12:24:18,40,0
70,39,25/06/19 12:25:11,25/06/19 12:28:14,40,2
70,40,25/06/19 12:54:45,25/06/19 12:55:59,40,1
90,41,25/06/19 15:21:34,25/06/19 15:23:04,40,1
90,42,25/06/19 15:23:09,25/06/19 15:24:17,40,0
90,43,25/06/19 15:24:20,25/06/19 15:25:29,40,0
90,44,25/06/19 15:25:33,25/06/19 15:26:42,40,0
50,45,25/06/19 15:27:35,25/06/19 15:29:03,40,0
50,46,25/06/19 15:29:10,25/06/19 15:30:19,40,0
70,47,25/06/19 15:33:06,25/06/19 15:34:39,40,1
70,48,25/06/19 15:34:41,25/06/19 15:35:50,40,0
130,49,25/06/19 15:38:32,25/06/19 15:45:12,40,1
130,50,25/06/19 15:45:16,25/06/19 15:47:50,40,2
130,51,25/06/19 15:47:56,25/06/19 15:49:09,40,0
130,52,25/06/19 15:49:38,25/06/19 15:50:56,40,1
110,53,25/06/19 15:51:43,25/06/19 15:53:14,40,0
110,54,25/06/19 15:57:37,25/06/19 15:58:49,40,0
110,55,25/06/19 16:02:43,25/06/19 16:03:56,40,0
110,56,25/06/19 16:03:58,25/06/19 16:05:11,40,0
150,57,25/06/19 16:05:52,25/06/19 16:09:39,40,1
150,58,25/06/19 16:10:21,25/06/19 16:11:33,40,0
150,59,25/06/19 16:11:37,25/06/19 16:12:49,40,0
150,60,25/06/19 16:13:01,25/06/19 16:14:13,40,0
30,61,25/06/19 16:40:00,25/06/19 17:01:46,40,3
9000,2,25/06/19 19:24:36,25/06/19 19:24:49,3,1
9010,3,25/06/19 19:24:57,25/06/19 19:25:03,1,0
9010,4,25/06/19 19:25:25,25/06/19 19:25:36,1,1
30,4,25/06/19 19:32:20,25/06/19 19:51:52,40,1
30,5,25/06/19 19:51:55,25/06/19 19:53:07,40,0
30,6,25/06/19 19:53:33,25/06/19 19:54:58,40,0
10,7,25/06/19 19:55:17,25/06/19 20:01:43,40,2
10,8,25/06/19 20:02:32,25/06/19 20:04:09,40,0
10,9,25/06/19 20:04:35,25/06/19 20:06:01,40,0
10,10,25/06/19 20:06:17,25/06/19 20:07:30,40,0
10,11,25/06/19 21:14:53,25/06/19 21:16:06,40,0
10,12,25/06/19 21:16:07,25/06/19 21:17:20,40,0
30,13,25/06/19 21:17:39,25/06/19 21:19:03,40,0
30,14,25/06/19 21:19:05,25/06/19 21:20:17,40,0
50,15,25/06/19 21:24:20,25/06/19 21:31:44,40,1
50,16,25/06/19 21:31:46,25/06/19 21:32:57,40,0
50,17,25/06/19 21:33:00,25/06/19 21:34:09,40,0
50,18,25/06/19 21:34:16,25/06/19 21:35:26,40,0
70,19,25/06/19 21:35:44,25/06/19 21:37:25,40,2
70,20,25/06/19 21:37:41,25/06/19 21:38:50,40,0
70,21,25/06/19 21:38:52,25/06/19 21:40:01,40,0
90,22,25/06/19 21:40:40,25/06/19 21:42:05,40,0
90,23,25/06/19 21:42:25,25/06/19 21:44:03,40,1
90,24,25/06/19 21:44:05,25/06/19 21:45:14,40,0
90,25,25/06/19 21:45:16,25/06/19 21:50:19,40,2
110,26,25/06/19 21:52:00,25/06/19 21:58:51,40,5
110,27,25/06/19 21:58:55,25/06/19 22:00:07,40,0
110,28,25/06/19 22:00:09,25/06/19 22:01:22,40,0
130,29,25/06/19 22:01:45,25/06/19 22:03:22,40,0
130,30,25/06/19 22:04:16,25/06/19 22:21:06,40,0
130,31,25/06/19 22:21:08,25/06/19 22:22:20,40,0
130,32,25/06/19 22:22:22,25/06/19 22:23:34,40,0
150,33,25/06/19 22:27:28,25/06/19 22:30:50,40,1
150,34,25/06/19 22:30:53,25/06/19 22:32:19,40,0
150,35,25/06/19 22:32:50,25/06/19 22:34:03,40,0
150,36,25/06/19 22:34:07,25/06/19 22:35:19,40,0
150,37,25/06/20 01:52:07,25/06/20 01:53:25,40,1
130,38,25/06/20 01:53:45,25/06/20 01:55:49,40,2
130,39,25/06/20 01:55:52,25/06/20 01:57:05,40,0
110,40,25/06/20 01:57:23,25/06/20 01:58:48,40,0
110,41,25/06/20 01:58:56,25/06/20 02:00:09,40,0
90,42,25/06/20 02:01:40,25/06/20 02:07:43,40,1
90,43,25/06/20 02:07:46,25/06/20 02:08:56,40,0
70,44,25/06/20 02:09:13,25/06/20 02:10:32,40,0
70,45,25/06/20 02:10:34,25/06/20 02:11:43,40,0
70,48,25/06/20 02:32:24,25/06/20 02:33:35,40,0
70,49,25/06/20 02:33:37,25/06/20 02:34:47,40,0
90,50,25/06/20 02:35:07,25/06/20 02:36:30,40,0
90,51,25/06/20 02:36:32,25/06/20 02:37:41,40,0
50,52,25/06/20 02:40:23,25/06/20 02:41:53,40,1
50,53,25/06/20 02:41:57,25/06/20 02:43:06,40,0
50,54,25/06/20 02:43:08,25/06/20 02:44:17,40,0
50,55,25/06/20 02:45:06,25/06/20 02:46:15,40,0
10,56,25/06/20 02:51:10,25/06/20 02:55:31,40,1
10,57,25/06/20 02:55:37,25/06/20 02:56:50,40,0
10,58,25/06/20 02:57:04,25/06/20 02:58:16,40,0
10,59,25/06/20 02:58:39,25/06/20 03:00:15,40,0
10,60,25/06/20 03:00:26,25/06/20 03:01:38,40,0
30,61,25/06/20 03:02:09,25/06/20 03:03:30,40,0
30,62,25/06/20 03:03:32,25/06/20 03:04:44,40,0
30,63,25/06/20 03:04:47,25/06/20 03:05:59,40,0
30,64,25/06/20 03:06:05,25/06/20 03:07:17,40,0
110,65,25/06/20 04:21:51,25/06/20 04:25:17,40,1
110,66,25/06/20 04:25:20,25/06/20 04:26:34,40,0
130,67,25/06/20 04:27:16,25/06/20 04:28:43,40,0
130,68,25/06/20 04:28:51,25/06/20 04:30:04,40,0
150,69,25/06/20 04:30:22,25/06/20 04:31:48,40,0
150,70,25/06/20 04:31:52,25/06/20 04:33:04,40,0
9000,2,25/06/20 07:08:08,25/06/20 07:08:18,3,0
9010,3,25/06/20 07:08:29,25/06/20 07:08:37,1,0
150,4,25/06/20 07:10:45,25/06/20 07:33:04,40,2
150,5,25/06/20 07:33:46,25/06/20 07:34:59,40,0
130,6,25/06/20 07:35:49,25/06/20 07:37:11,40,0
130,7,25/06/20 07:40:19,25/06/20 07:41:31,40,0
110,8,25/06/20 07:42:43,25/06/20 07:44:16,40,0
110,9,25/06/20 07:44:18,25/06/20 07:45:30,40,0
90,10,25/06/20 07:49:40,25/06/20 07:53:13,40,1
90,11,25/06/20 07:55:07,25/06/20 07:56:17,40,0
70,12,25/06/20 07:56:52,25/06/20 07:58:19,40,0
70,13,25/06/20 07:59:22,25/06/20 08:00:31,40,0
70,14,25/06/20 08:00:35,25/06/20 08:01:45,40,0
50,15,25/06/20 08:02:22,25/06/20 08:05:38,40,4
50,16,25/06/20 08:05:52,25/06/20 08:07:01,40,0
30,17,25/06/20 08:08:47,25/06/20 08:12:55,40,1
30,18,25/06/20 08:12:59,25/06/20 08:14:12,40,0
10,19,25/06/20 08:15:46,25/06/20 08:23:37,40,7
10,19,25/06/20 09:22:05,25/06/20 09:25:41,2,4
10,18,25/06/20 10:49:46,25/06/20 10:52:10,6,1
10,20,25/06/20 10:52:47,25/06/20 10:54:05,40,1
10,21,25/06/20 10:54:36,25/06/20 10:59:37,40,3
30,22,25/06/20 11:02:07,25/06/20 11:04:53,40,1
30,23,25/06/20 11:04:56,25/06/20 11:06:08,40,0
50,24,25/06/20 11:07:36,25/06/20 11:11:11,40,1
50,25,25/06/20 11:11:38,25/06/20 11:12:49,40,0
90,26,25/06/20 11:13:25,25/06/20 11:16:12,40,2
90,27,25/06/20 11:17:02,25/06/20 11:18:11,40,0
110,28,25/06/20 11:19:22,25/06/20 11:22:11,40,1
110,29,25/06/20 11:22:13,25/06/20 11:23:26,40,0
150,30,25/06/20 11:25:27,25/06/20 11:26:51,40,0
150,31,25/06/20 11:29:12,25/06/20 11:30:24,40,0
150,32,25/06/20 11:30:26,25/06/20 11:31:39,40,0
150,33,25/06/20 11:31:40,25/06/20 11:32:52,40,0
110,34,25/06/20 11:33:44,25/06/20 11:35:09,40,0
110,35,25/06/20 11:36:14,25/06/20 11:37:26,40,0
130,36,25/06/20 11:38:05,25/06/20 11:41:52,40,1
130,37,25/06/20 11:42:11,25/06/20 11:43:23,40,0
130,38,25/06/20 11:43:27,25/06/20 11:44:40,40,0
130,39,25/06/20 11:44:44,25/06/20 11:45:56,40,0
90,40,25/06/20 11:47:07,25/06/20 11:49:35,40,1
90,41,25/06/20 11:50:32,25/06/20 11:51:42,40,0
70,42,25/06/20 11:52:07,25/06/20 11:55:10,40,2
70,43,25/06/20 11:55:19,25/06/20 11:56:28,40,0
70,44,25/06/20 11:56:38,25/06/20 11:57:47,40,0
9000,47,25/06/20 11:58:21,25/06/20 11:58:44,3,0
50,45,25/06/20 14:40:50,25/06/20 14:45:03,80,2
50,46,25/06/20 14:45:11,25/06/20 14:48:41,40,1
10,48,25/06/20 14:52:09,25/06/20 14:56:29,40,3
10,49,25/06/20 14:56:54,25/06/20 14:58:06,40,0
30,50,25/06/20 14:58:45,25/06/20 15:01:20,40,1
30,51,25/06/20 15:01:33,25/06/20 15:02:45,40,0
9000,2,25/06/20 19:23:36,25/06/20 19:24:04,3,1
9010,3,25/06/20 19:24:06,25/06/20 19:24:13,1,0
10,4,25/06/20 19:32:02,25/06/20 19:38:10,40,1
10,5,25/06/20 19:40:07,25/06/20 19:41:20,40,0
10,6,25/06/20 19:41:25,25/06/20 19:43:10,40,0
30,7,25/06/20 19:43:34,25/06/20 19:45:30,40,0
30,8,25/06/20 19:45:36,25/06/20 19:46:48,40,0
50,9,25/06/20 19:51:35,25/06/20 19:57:14,40,1
50,10,25/06/20 19:57:23,25/06/20 19:58:33,40,0
70,11,25/06/20 19:58:53,25/06/20 20:00:12,40,0
70,12,25/06/20 20:01:17,25/06/20 20:02:26,40,0
70,13,25/06/20 20:02:54,25/06/20 20:04:26,40,0
90,14,25/06/20 20:04:47,25/06/20 20:06:24,40,2
90,15,25/06/20 20:06:28,25/06/20 20:07:37,40,0
110,16,25/06/20 20:10:59,25/06/20 20:16:35,40,1
110,17,25/06/20 20:16:40,25/06/20 20:18:26,40,0
110,18,25/06/20 20:18:34,25/06/20 20:19:47,40,0
130,19,25/06/20 20:20:30,25/06/20 20:23:49,40,2
130,20,25/06/20 20:23:53,25/06/20 20:25:05,40,0
150,21,25/06/20 20:26:30,25/06/20 20:29:05,40,2
150,22,25/06/20 20:29:08,25/06/20 20:31:37,40,0
150,23,25/06/20 20:31:44,25/06/20 20:32:57,40,0
150,24,25/06/20 23:12:04,25/06/20 23:16:57,40,1
150,25,25/06/20 23:17:00,25/06/20 23:18:14,40,0
130,26,25/06/20 23:18:49,25/06/20 23:20:14,40,0
130,27,25/06/20 23:20:25,25/06/20 23:29:38,40,0
130,28,25/06/20 23:29:43,25/06/20 23:33:33,120,0
150,24,25/06/20 23:34:46,25/06/20 23:36:28,40,1
150,25,25/06/20 23:36:49,25/06/20 23:38:02,40,0
110,29,25/06/20 23:38:21,25/06/20 23:39:48,40,0
110,30,25/06/20 23:39:52,25/06/20 23:43:37,120,0
10,31,25/06/20 23:48:13,25/06/20 23:53:16,40,1
10,32,25/06/20 23:53:18,25/06/20 23:54:40,40,0
10,33,25/06/20 23:54:43,25/06/20 23:55:57,40,0
10,33,25/06/20 23:56:00,25/06/20 23:57:45,39,1
30,35,25/06/20 23:58:10,25/06/20 23:59:37,40,0
30,36,25/06/20 23:59:39,25/06/21 00:00:51,40,0
30,37,25/06/21 00:00:55,25/06/21 00:02:07,40,0
30,38,25/06/21 00:02:11,25/06/21 00:03:23,40,0
30,39,25/06/21 00:03:26,25/06/21 00:04:38,40,0
70,40,25/06/21 00:06:54,25/06/21 00:10:26,40,1
70,41,25/06/21 00:10:29,25/06/21 00:11:39,40,0
70,42,25/06/21 00:11:41,25/06/21 00:12:50,40,0
70,43,25/06/21 00:12:52,25/06/21 00:14:01,40,0
90,44,25/06/21 00:14:21,25/06/21 00:16:20,40,2
90,45,25/06/21 00:16:35,25/06/21 00:17:43,40,0
90,46,25/06/21 00:17:50,25/06/21 00:18:59,40,0
90,47,25/06/21 00:19:01,25/06/21 00:20:10,40,0
90,48,25/06/21 00:20:13,25/06/21 00:21:22,40,0
50,49,25/06/21 00:22:35,25/06/21 00:24:03,40,1
50,50,25/06/21 00:24:06,25/06/21 00:25:15,40,0
50,51,25/06/21 00:25:17,25/06/21 00:26:26,40,0
50,52,25/06/21 00:26:54,25/06/21 00:28:03,40,0
50,53,25/06/21 03:54:27,25/06/21 03:55:41,40,1
70,54,25/06/21 03:56:12,25/06/21 04:00:58,40,1
70,55,25/06/21 04:01:01,25/06/21 04:02:11,40,0
90,56,25/06/21 04:03:31,25/06/21 04:05:45,40,3
90,57,25/06/21 04:05:47,25/06/21 04:06:56,40,0
110,58,25/06/21 04:10:09,25/06/21 04:14:26,40,0
110,59,25/06/21 04:14:52,25/06/21 04:16:05,40,0
130,60,25/06/21 04:16:27,25/06/21 04:17:55,40,0
130,61,25/06/21 04:17:57,25/06/21 04:19:09,40,0
150,62,25/06/21 04:22:03,25/06/21 04:23:46,40,2
150,63,25/06/21 04:23:49,25/06/21 04:25:01,40,0
10,64,25/06/21 04:26:45,25/06/21 04:30:22,40,0
10,65,25/06/21 04:30:26,25/06/21 04:31:39,40,0
10,66,25/06/21 04:31:46,25/06/21 04:32:59,40,0
30,67,25/06/21 04:33:17,25/06/21 04:35:03,40,2
30,68,25/06/21 04:35:05,25/06/21 04:36:17,40,0
30,69,25/06/21 04:36:24,25/06/21 04:37:36,40,0
9000,2,25/06/23 07:24:37,25/06/23 07:25:21,3,2
9010,3,25/06/23 07:25:23,25/06/23 07:25:30,1,0
10,4,25/06/23 09:01:57,25/06/23 09:07:06,40,1
10,5,25/06/23 09:07:15,25/06/23 09:08:28,40,0
30,6,25/06/23 09:08:48,25/06/23 09:10:18,40,0
50,7,25/06/23 09:14:31,25/06/23 09:18:55,40,1
50,8,25/06/23 09:19:33,25/06/23 09:24:34,80,2
50,9,25/06/23 09:24:38,25/06/23 09:27:08,80,0
70,10,25/06/23 09:28:06,25/06/23 09:29:30,40,0
70,11,25/06/23 09:30:02,25/06/23 09:31:11,40,0
70,12,25/06/23 09:31:15,25/06/23 09:32:44,40,1
70,13,25/06/23 09:32:46,25/06/23 09:33:55,40,0
90,14,25/06/23 09:34:15,25/06/23 09:35:40,40,0
90,15,25/06/23 09:35:58,25/06/23 09:37:07,40,0
90,16,25/06/23 09:37:18,25/06/23 09:38:27,40,0
110,17,25/06/23 09:40:12,25/06/23 09:43:59,40,1
110,18,25/06/23 09:44:01,25/06/23 09:45:14,40,0
110,19,25/06/23 09:45:24,25/06/23 09:46:36,40,0
130,20,25/06/23 09:47:05,25/06/23 09:48:35,40,0
130,21,25/06/23 09:48:48,25/06/23 09:50:00,40,0
130,22,25/06/23 09:50:02,25/06/23 09:51:14,40,0
150,23,25/06/23 09:51:48,25/06/23 09:53:56,40,3
150,24,25/06/23 09:54:00,25/06/23 09:55:12,40,0
150,25,25/06/23 09:55:16,25/06/23 09:56:28,40,0
150,26,25/06/23 11:43:39,25/06/23 11:44:57,40,1
150,27,25/06/23 11:45:04,25/06/23 11:47:30,80,0
130,28,25/06/23 11:47:49,25/06/23 11:49:16,40,0
130,29,25/06/23 11:49:19,25/06/23 11:50:31,40,0
110,30,25/06/23 11:50:53,25/06/23 11:52:23,40,0
110,31,25/06/23 11:52:24,25/06/23 11:53:37,40,0
110,32,25/06/23 11:53:40,25/06/23 11:54:52,40,0
10,33,25/06/23 11:58:02,25/06/23 12:05:30,40,3
10,34,25/06/23 12:05:40,25/06/23 12:06:53,40,0
10,35,25/06/23 12:06:58,25/06/23 12:08:42,40,2
10,36,25/06/23 12:08:47,25/06/23 12:10:36,40,2
30,37,25/06/23 12:17:38,25/06/23 12:19:11,40,1
30,38,25/06/23 12:19:13,25/06/23 12:20:25,40,0
30,39,25/06/23 12:20:27,25/06/23 12:24:43,40,1
30,40,25/06/23 12:24:51,25/06/23 12:26:04,40,0
90,41,25/06/23 12:27:41,25/06/23 13:17:56,40,2
90,42,25/06/23 13:17:59,25/06/23 13:19:10,40,0
70,43,25/06/23 13:19:28,25/06/23 13:20:47,40,0
70,44,25/06/23 13:20:50,25/06/23 13:21:59,40,0
50,45,25/06/23 13:23:08,25/06/23 13:24:31,40,0
50,46,25/06/23 15:38:54,25/06/23 15:40:09,40,1
50,47,25/06/23 15:40:10,25/06/23 15:41:21,40,0
70,48,25/06/23 15:42:26,25/06/23 15:44:05,40,0
70,49,25/06/23 15:44:39,25/06/23 15:45:48,40,0
90,50,25/06/23 15:47:59,25/06/23 15:49:20,40,0
90,51,25/06/23 16:04:12,25/06/23 16:05:21,40,0
110,52,25/06/23 16:09:49,25/06/23 16:14:42,40,1
130,53,25/06/23 16:15:01,25/06/23 16:16:38,40,0
130,54,25/06/23 16:16:42,25/06/23 16:17:54,40,0
150,55,25/06/23 16:18:16,25/06/23 16:19:42,40,0
150,56,25/06/23 16:19:59,25/06/23 16:21:11,40,0
9000,2,25/06/23 19:12:02,25/06/23 19:12:11,3,0
9010,3,25/06/23 19:12:14,25/06/23 19:12:22,1,0
150,4,25/06/23 19:19:39,25/06/23 19:34:22,40,1
150,5,25/06/23 19:34:46,25/06/23 19:35:59,40,0
130,6,25/06/23 19:36:28,25/06/23 19:38:09,40,0
130,7,25/06/23 19:39:39,25/06/23 19:40:51,40,0
110,8,25/06/23 19:42:25,25/06/23 19:45:38,40,2
110,9,25/06/23 19:46:22,25/06/23 19:49:03,80,0
30,10,25/06/23 19:50:24,25/06/23 19:54:19,40,1
30,11,25/06/23 19:54:51,25/06/23 19:56:04,40,0
30,12,25/06/23 19:56:27,25/06/23 19:57:39,40,0
30,13,25/06/23 19:58:13,25/06/23 19:59:26,40,0
10,14,25/06/23 20:00:55,25/06/23 20:02:58,40,2
10,15,25/06/23 20:03:45,25/06/23 20:05:02,40,1
10,16,25/06/23 20:06:09,25/06/23 20:07:55,40,2
90,17,25/06/23 20:10:01,25/06/23 20:15:14,40,3
90,18,25/06/23 20:15:16,25/06/23 20:16:25,40,0
70,19,25/06/23 20:17:19,25/06/23 20:18:47,40,0
70,20,25/06/23 20:19:20,25/06/23 20:20:31,40,0
50,21,25/06/23 20:20:56,25/06/23 20:22:23,40,0
50,22,25/06/23 20:22:26,25/06/23 20:23:34,40,0
50,23,25/06/23 22:18:02,25/06/23 22:20:25,40,1
50,24,25/06/23 22:20:34,25/06/23 22:21:43,40,0
70,25,25/06/23 22:22:06,25/06/23 22:23:30,40,0
70,26,25/06/23 22:24:11,25/06/23 22:25:20,40,0
90,27,25/06/23 22:26:00,25/06/23 22:28:34,40,1
90,28,25/06/23 22:28:42,25/06/23 22:29:51,40,0
30,29,25/06/23 22:31:26,25/06/23 22:35:24,40,1
30,30,25/06/23 22:35:56,25/06/23 22:37:08,40,0
10,31,25/06/23 22:38:48,25/06/23 22:44:36,40,3
10,32,25/06/23 22:45:26,25/06/23 22:48:46,40,3
10,33,25/06/23 22:49:13,25/06/23 22:50:25,40,0
110,34,25/06/23 22:53:34,25/06/23 22:57:17,40,1
130,35,25/06/23 22:58:25,25/06/23 23:01:20,40,1
130,36,25/06/23 23:01:28,25/06/23 23:02:40,40,0
150,37,25/06/23 23:04:15,25/06/23 23:05:45,40,1
150,38,25/06/23 23:05:47,25/06/23 23:07:00,40,0
150,39,25/06/23 23:10:54,25/06/23 23:12:08,40,0
150,40,25/06/23 23:12:10,25/06/23 23:13:24,40,0
130,41,25/06/23 23:14:38,25/06/23 23:16:09,40,1
130,42,25/06/23 23:16:13,25/06/23 23:17:25,40,0
110,43,25/06/23 23:17:58,25/06/23 23:19:27,40,0
110,44,25/06/23 23:19:37,25/06/23 23:20:49,40,0
90,45,25/06/23 23:22:11,25/06/23 23:26:29,40,1
90,46,25/06/23 23:27:16,25/06/23 23:28:26,40,0
9000,47,25/06/23 23:28:33,25/06/23 23:28:40,3,0
70,48,25/06/23 23:29:25,25/06/23 23:31:53,40,1
70,49,25/06/23 23:32:02,25/06/23 23:33:11,40,0
50,50,25/06/23 23:34:08,25/06/23 23:35:40,40,1
50,51,25/06/23 23:35:49,25/06/23 23:36:58,40,0
50,52,25/06/24 01:50:49,25/06/24 01:53:44,40,2
50,53,25/06/24 01:53:51,25/06/24 01:55:00,40,0
70,54,25/06/24 01:56:30,25/06/24 01:57:57,40,0
90,55,25/06/24 01:59:45,25/06/24 02:01:15,40,1
90,56,25/06/24 02:01:19,25/06/24 02:02:28,40,0
110,57,25/06/24 02:03:48,25/06/24 02:06:44,40,1
110,58,25/06/24 02:08:12,25/06/24 02:09:25,40,0
130,59,25/06/24 02:16:07,25/06/24 02:19:08,40,2
130,60,25/06/24 02:19:14,25/06/24 02:20:26,40,0
150,61,25/06/24 02:20:54,25/06/24 02:22:16,40,0
30,62,25/06/24 02:24:32,25/06/24 02:30:30,40,1
30,63,25/06/24 02:30:59,25/06/24 02:34:02,40,1
30,64,25/06/24 02:34:20,25/06/24 02:35:33,40,0
30,65,25/06/24 02:36:00,25/06/24 02:37:12,40,0
10,66,25/06/24 02:39:12,25/06/24 02:41:25,40,3
10,67,25/06/24 02:41:55,25/06/24 02:44:08,40,2
10,68,25/06/24 02:44:52,25/06/24 02:46:05,40,0
10,69,25/06/24 02:46:49,25/06/24 02:48:02,40,0
9000,2,25/06/24 19:38:29,25/06/24 19:39:49,1,1
10,3,25/06/24 19:51:04,25/06/24 19:58:28,40,1
10,4,25/06/24 19:59:43,25/06/24 20:01:15,40,0
30,5,25/06/24 20:03:07,25/06/24 20:04:42,40,0
30,6,25/06/24 20:04:46,25/06/24 20:05:58,40,0
110,7,25/06/24 20:08:31,25/06/24 20:12:39,40,1
110,8,25/06/24 20:13:25,25/06/24 20:14:38,40,0
130,9,25/06/24 20:15:01,25/06/24 20:17:41,40,1
130,10,25/06/24 20:17:43,25/06/24 20:18:56,40,0
150,11,25/06/24 20:19:21,25/06/24 20:20:51,40,0
150,12,25/06/24 20:21:07,25/06/24 20:22:19,40,0
150,13,25/06/24 20:22:29,25/06/24 20:23:41,40,0
50,14,25/06/24 20:27:00,25/06/24 20:29:48,40,1
50,15,25/06/24 20:29:51,25/06/24 20:31:01,40,0
70,16,25/06/24 20:31:38,25/06/24 20:33:47,40,1
70,17,25/06/24 20:33:48,25/06/24 20:34:57,40,0
70,18,25/06/24 20:34:59,25/06/24 20:36:08,40,0
90,19,25/06/24 20:36:28,25/06/24 20:38:50,40,1
90,20,25/06/24 20:38:52,25/06/24 20:40:01,40,0
90,21,25/06/24 22:59:26,25/06/24 23:01:21,40,1
90,22,25/06/24 23:01:35,25/06/24 23:04:46,40,1
90,23,25/06/24 23:04:49,25/06/24 23:05:58,40,0
50,24,25/06/24 23:08:28,25/06/24 23:11:06,40,2
50,25,25/06/24 23:11:08,25/06/24 23:12:17,40,0
50,26,25/06/24 23:12:20,25/06/24 23:13:29,40,0
70,27,25/06/24 23:16:08,25/06/24 23:17:23,40,3
70,28,25/06/24 23:17:25,25/06/24 23:21:28,40,1
70,29,25/06/24 23:21:32,25/06/24 23:22:41,40,0
10,30,25/06/24 23:26:18,25/06/24 23:30:38,40,1
10,31,25/06/24 23:30:58,25/06/24 23:32:12,40,0
10,32,25/06/24 23:32:27,25/06/24 23:37:56,40,0
30,33,25/06/24 23:48:46,25/06/24 23:52:15,40,1
30,34,25/06/24 23:52:26,25/06/24 23:53:39,40,0
30,35,25/06/24 23:53:42,25/06/24 23:54:54,40,0
110,36,25/06/24 23:57:18,25/06/25 00:01:03,40,1
110,37,25/06/25 00:01:07,25/06/25 00:02:21,40,0
110,38,25/06/25 00:02:23,25/06/25 00:03:35,40,0
110,38,25/06/25 00:03:47,25/06/25 00:05:00,40,0
130,39,25/06/25 00:06:51,25/06/25 00:08:50,40,2
130,40,25/06/25 00:08:52,25/06/25 00:10:04,40,0
130,41,25/06/25 00:10:07,25/06/25 00:11:19,40,0
130,42,25/06/25 00:11:21,25/06/25 00:12:33,40,0
150,43,25/06/25 00:14:04,25/06/25 01:04:26,40,0
150,44,25/06/25 01:04:43,25/06/25 01:05:55,40,0
150,45,25/06/25 01:05:57,25/06/25 01:09:22,40,1
150,46,25/06/25 03:37:58,25/06/25 03:40:26,40,1
130,47,25/06/25 03:40:55,25/06/25 03:42:23,40,0
110,48,25/06/25 03:43:25,25/06/25 03:44:56,40,0
90,49,25/06/25 03:47:11,25/06/25 03:49:47,40,1
90,50,25/06/25 03:49:49,25/06/25 03:50:59,40,0
50,51,25/06/25 03:51:29,25/06/25 03:52:52,40,0
50,52,25/06/25 03:53:07,25/06/25 03:54:16,40,0
70,53,25/06/25 03:55:05,25/06/25 03:56:24,40,0
10,54,25/06/25 03:57:59,25/06/25 04:02:31,40,5
10,55,25/06/25 04:02:34,25/06/25 04:03:46,40,0
30,56,25/06/25 04:05:30,25/06/25 04:06:59,40,0
9000,2,25/06/25 19:43:56,25/06/25 19:45:15,1,1
30,3,25/06/25 19:49:55,25/06/25 19:53:16,40,1
30,4,25/06/25 19:53:40,25/06/25 19:54:53,40,0
10,5,25/06/25 19:56:47,25/06/25 19:58:13,40,2
50,6,25/06/25 20:00:51,25/06/25 20:04:37,40,1
70,7,25/06/25 20:06:18,25/06/25 20:07:42,40,0
70,8,25/06/25 20:07:49,25/06/25 20:08:58,40,0
90,9,25/06/25 20:10:13,25/06/25 20:11:45,40,0
110,10,25/06/25 20:13:57,25/06/25 20:17:12,40,1
110,11,25/06/25 20:17:16,25/06/25 20:18:29,40,0
130,12,25/06/25 20:20:21,25/06/25 20:21:48,40,0
150,13,25/06/25 20:22:50,25/06/25 20:24:16,40,0
150,14,25/06/25 20:24:18,25/06/25 20:25:44,40,1
150,15,25/06/25 23:16:21,25/06/25 23:23:07,40,4
150,16,25/06/25 23:23:10,25/06/25 23:24:22,40,0
150,17,25/06/25 23:24:24,25/06/25 23:25:36,40,0
130,18,25/06/25 23:26:09,25/06/25 23:27:36,40,0
130,19,25/06/25 23:27:39,25/06/25 23:28:51,40,0
130,20,25/06/25 23:28:53,25/06/25 23:30:05,40,0
110,22,25/06/25 23:32:19,25/06/25 23:35:43,40,2
110,23,25/06/25 23:35:45,25/06/25 23:36:57,40,0
10,24,25/06/25 23:39:36,25/06/25 23:42:57,40,1
10,25,25/06/25 23:43:00,25/06/25 23:44:13,40,0
10,26,25/06/25 23:44:15,25/06/25 23:45:27,40,0
30,27,25/06/25 23:46:56,25/06/25 23:48:59,40,2
30,28,25/06/25 23:49:02,25/06/25 23:50:14,40,0
30,29,25/06/25 23:50:17,25/06/25 23:51:29,40,0
50,30,25/06/25 23:55:15,25/06/25 23:59:40,40,1
50,31,25/06/25 23:59:43,25/06/26 00:00:52,40,0
50,32,25/06/26 00:00:54,25/06/26 00:02:04,40,0
50,33,25/06/26 00:02:05,25/06/26 00:03:14,40,0
70,34,25/06/26 00:05:15,25/06/26 00:06:42,40,1
70,35,25/06/26 00:06:44,25/06/26 00:08:24,40,2
70,36,25/06/26 00:08:26,25/06/26 00:09:35,40,0
90,37,25/06/26 00:10:07,25/06/26 00:11:31,40,0
90,38,25/06/26 00:11:35,25/06/26 00:12:44,40,0
90,39,25/06/26 00:12:46,25/06/26 00:13:55,40,0
90,40,25/06/26 03:34:32,25/06/26 03:36:25,40,1
100,41,25/06/26 03:36:27,25/06/26 03:37:37,40,0
80,42,25/06/26 03:38:18,25/06/26 03:39:41,40,0
60,43,25/06/26 03:41:20,25/06/26 03:42:52,40,1
110,44,25/06/26 03:47:08,25/06/26 03:49:27,40,1
120,45,25/06/26 03:49:28,25/06/26 03:50:46,40,0
130,46,25/06/26 03:52:24,25/06/26 03:53:52,40,0
140,47,25/06/26 03:53:56,25/06/26 03:55:47,40,1
160,48,25/06/26 03:57:30,25/06/26 04:00:06,40,2
10,49,25/06/26 04:02:33,25/06/26 04:05:10,40,2
20,50,25/06/26 04:05:29,25/06/26 04:06:44,40,1
9000,2,25/06/26 19:51:12,25/06/26 19:52:12,1,1
10,3,25/06/26 19:54:04,25/06/26 19:57:57,40,1
40,4,25/06/26 20:00:17,25/06/26 20:01:54,40,1
30,5,25/06/26 20:01:59,25/06/26 20:06:15,40,3
30,6,25/06/26 20:06:17,25/06/26 20:07:28,40,0
150,7,25/06/26 20:09:43,25/06/26 20:12:56,40,1
130,8,25/06/26 20:14:27,25/06/26 20:16:03,40,1
110,9,25/06/26 20:16:31,25/06/26 20:17:58,40,0
90,10,25/06/26 22:40:55,25/06/26 22:53:58,40,1
90,13,25/06/26 22:54:58,25/06/26 22:56:08,40,0
90,14,25/06/26 22:56:10,25/06/26 22:57:20,40,0
70,15,25/06/26 22:59:02,25/06/26 23:00:23,40,0
70,16,25/06/26 23:00:25,25/06/26 23:01:34,40,0
70,17,25/06/26 23:01:48,25/06/26 23:06:00,40,1
50,18,25/06/26 23:07:42,25/06/26 23:09:07,40,1
50,19,25/06/26 23:09:10,25/06/26 23:10:19,40,0
50,20,25/06/26 23:10:44,25/06/26 23:11:53,40,0
10,21,25/06/26 23:23:24,25/06/26 23:26:40,40,1
10,22,25/06/26 23:28:09,25/06/26 23:29:26,40,1
10,22,25/06/26 23:30:46,25/06/26 23:31:59,40,0
30,23,25/06/26 23:36:35,25/06/26 23:38:01,40,1
30,24,25/06/26 23:38:25,25/06/26 23:39:37,40,0
110,25,25/06/26 23:47:00,25/06/26 23:50:11,40,1
110,26,25/06/26 23:50:14,25/06/26 23:51:27,40,0
110,27,25/06/26 23:51:30,25/06/26 23:52:42,40,0
130,28,25/06/26 23:54:18,25/06/26 23:55:54,40,0
130,29,25/06/26 23:55:57,25/06/26 23:57:09,40,0
130,30,25/06/26 23:57:18,25/06/26 23:58:31,40,0
150,31,25/06/27 00:02:09,25/06/27 00:03:41,40,1
150,32,25/06/27 00:03:49,25/06/27 00:05:01,40,0
150,33,25/06/27 00:05:04,25/06/27 00:06:16,40,0
150,34,25/06/27 03:34:49,25/06/27 03:37:12,40,1
150,35,25/06/27 03:52:21,25/06/27 03:53:48,40,0
110,36,25/06/27 03:59:19,25/06/27 04:00:44,40,0
130,37,25/06/27 04:02:08,25/06/27 04:03:47,40,0
90,38,25/06/27 04:07:14,25/06/27 04:11:00,40,1
90,39,25/06/27 04:11:16,25/06/27 04:12:26,40,0
50,40,25/06/27 04:14:48,25/06/27 04:16:20,40,0
50,41,25/06/27 04:16:23,25/06/27 04:17:33,40,0
50,42,25/06/27 04:17:38,25/06/27 04:18:47,40,0
70,43,25/06/27 04:20:19,25/06/27 04:22:00,40,2
70,44,25/06/27 04:22:04,25/06/27 04:23:13,40,0
70,45,25/06/27 04:23:15,25/06/27 04:24:25,40,0
30,46,25/06/27 04:26:10,25/06/27 04:29:04,40,1
9000,2,25/06/30 06:49:53,25/06/30 06:50:12,3,2
9010,3,25/06/30 06:50:13,25/06/30 06:50:21,1,0
30,4,25/06/30 07:11:37,25/06/30 07:20:32,40,2
30,5,25/06/30 07:20:47,25/06/30 07:21:59,40,0
10,6,25/06/30 07:23:48,25/06/30 07:26:06,40,2
10,7,25/06/30 07:26:15,25/06/30 07:27:27,40,0
10,8,25/06/30 07:28:06,25/06/30 07:29:46,40,1
90,9,25/06/30 07:31:00,25/06/30 07:35:16,40,1
90,10,25/06/30 07:35:27,25/06/30 07:36:47,40,0
70,11,25/06/30 07:38:17,25/06/30 07:39:53,40,1
50,12,25/06/30 07:42:13,25/06/30 07:43:43,40,1
110,13,25/06/30 07:45:03,25/06/30 07:51:11,40,1
110,14,25/06/30 07:53:14,25/06/30 07:54:27,40,0
130,15,25/06/30 07:54:59,25/06/30 07:56:24,40,0
130,16,25/06/30 07:56:58,25/06/30 07:58:10,40,0
150,17,25/06/30 07:58:52,25/06/30 08:03:37,40,3
150,18,25/06/30 10:05:31,25/06/30 10:06:45,40,0
150,19,25/06/30 10:06:54,25/06/30 10:08:08,40,0
150,18,25/06/30 10:10:55,25/06/30 10:13:19,1,4
130,20,25/06/30 10:25:48,25/06/30 10:29:25,40,1
110,21,25/06/30 10:30:01,25/06/30 10:33:02,40,1
90,22,25/06/30 10:34:42,25/06/30 10:38:03,40,1
70,23,25/06/30 10:38:36,25/06/30 10:41:36,40,1
50,24,25/06/30 10:44:49,25/06/30 10:48:29,40,1
50,25,25/06/30 10:48:40,25/06/30 10:50:08,40,1
90,26,25/06/30 10:50:41,25/06/30 10:52:08,40,0
70,27,25/06/30 10:55:34,25/06/30 10:57:41,40,1
30,28,25/06/30 11:03:18,25/06/30 11:08:22,40,2
30,29,25/06/30 11:08:43,25/06/30 11:10:11,40,2
30,30,25/06/30 11:10:20,25/06/30 11:11:32,40,0
10,31,25/06/30 11:13:21,25/06/30 11:14:50,40,1
10,32,25/06/30 11:15:08,25/06/30 11:16:19,40,0
110,33,25/06/30 11:19:20,25/06/30 11:22:17,40,1
110,34,25/06/30 11:22:22,25/06/30 11:23:35,40,0
130,35,25/06/30 11:24:11,25/06/30 11:27:06,40,2
130,36,25/06/30 11:27:08,25/06/30 11:28:21,40,0
150,37,25/06/30 12:02:52,25/06/30 12:06:13,40,4
9000,38,25/06/30 12:06:36,25/06/30 12:06:53,3,0
110,39,25/06/30 13:58:49,25/06/30 14:01:07,40,2
150,40,25/06/30 14:02:50,25/06/30 14:06:02,40,1
150,41,25/06/30 14:06:08,25/06/30 14:07:20,40,0
130,42,25/06/30 14:09:37,25/06/30 14:12:30,40,1
90,43,25/06/30 14:15:44,25/06/30 14:19:19,40,1
90,44,25/06/30 14:20:03,25/06/30 14:21:26,40,0
50,45,25/06/30 14:22:27,25/06/30 14:24:35,40,1
50,46,25/06/30 14:26:30,25/06/30 14:27:40,40,0
70,47,25/06/30 14:28:24,25/06/30 14:31:23,40,1
70,48,25/06/30 14:31:37,25/06/30 14:34:13,40,1
30,49,25/06/30 14:38:00,25/06/30 14:42:26,40,1
10,50,25/06/30 14:44:12,25/06/30 14:49:39,40,4
9000,2,25/06/30 19:03:01,25/06/30 19:03:14,3,1
9010,3,25/06/30 19:03:18,25/06/30 19:03:24,1,0
10,4,25/06/30 20:40:55,25/06/30 20:50:40,40,2
10,5,25/06/30 20:50:55,25/06/30 20:52:08,40,0
20,6,25/06/30 20:52:33,25/06/30 20:55:39,40,0
20,7,25/06/30 20:57:53,25/06/30 20:59:02,40,0
20,8,25/06/30 20:59:05,25/06/30 21:00:14,40,0
30,9,25/06/30 21:13:32,25/06/30 21:15:00,40,1
40,10,25/06/30 21:15:03,25/06/30 21:16:12,40,0
40,11,25/06/30 21:16:14,25/06/30 21:17:22,40,0
70,12,25/06/30 21:19:43,25/06/30 21:42:09,40,2
80,13,25/06/30 21:42:42,25/06/30 21:44:41,40,1
80,14,25/06/30 21:44:48,25/06/30 21:45:57,40,0
80,15,25/06/30 21:45:59,25/06/30 21:47:08,40,0
50,16,25/06/30 21:47:43,25/06/30 21:49:07,40,0
60,17,25/06/30 21:49:27,25/06/30 21:50:36,40,0
60,18,25/06/30 21:50:40,25/06/30 21:51:49,40,0
100,19,25/06/30 21:53:16,25/06/30 21:54:42,40,1
100,20,25/06/30 21:54:50,25/06/30 21:55:59,40,0
100,21,25/06/30 23:16:55,25/06/30 23:20:22,20,1
110,22,25/06/30 23:23:24,25/06/30 23:25:15,40,1
120,23,25/06/30 23:25:18,25/06/30 23:26:35,40,0
120,24,25/06/30 23:26:38,25/06/30 23:28:03,40,0
120,25,25/06/30 23:28:06,25/06/30 23:29:23,40,0
120,26,25/07/01 00:15:13,25/07/01 00:17:43,40,1
130,27,25/07/01 00:18:04,25/07/01 00:20:53,40,2
140,28,25/07/01 00:20:56,25/07/01 00:22:12,40,0
140,29,25/07/01 00:22:23,25/07/01 00:23:39,40,0
140,30,25/07/01 00:23:43,25/07/01 00:24:59,40,0
140,31,25/07/01 00:25:03,25/07/01 00:27:42,40,2
160,32,25/07/01 00:28:31,25/07/01 00:30:05,40,1
160,33,25/07/01 00:30:08,25/07/01 00:31:34,40,0
160,34,25/07/01 00:31:37,25/07/01 00:32:54,40,0
160,35,25/07/01 00:32:57,25/07/01 00:34:13,40,0
80,36,25/07/01 00:38:41,25/07/01 00:44:04,40,1
80,37,25/07/01 00:44:06,25/07/01 00:45:16,40,0
60,38,25/07/01 00:45:36,25/07/01 00:47:04,40,0
60,39,25/07/01 00:47:07,25/07/01 00:48:16,40,0
60,40,25/07/01 03:28:20,25/07/01 03:30:22,40,1
80,41,25/07/01 03:30:42,25/07/01 03:32:04,40,0
100,42,25/07/01 03:32:31,25/07/01 03:34:07,40,2
100,43,25/07/01 03:34:12,25/07/01 03:35:21,40,0
100,44,25/07/01 03:35:23,25/07/01 03:36:32,40,0
120,45,25/07/01 03:37:53,25/07/01 03:41:37,40,1
120,46,25/07/01 03:41:57,25/07/01 03:44:16,40,0
20,47,25/07/01 03:46:37,25/07/01 03:50:24,40,1
20,48,25/07/01 03:50:27,25/07/01 03:51:37,40,0
20,49,25/07/01 03:51:39,25/07/01 03:52:47,40,0
40,50,25/07/01 03:53:34,25/07/01 03:54:59,40,0
40,51,25/07/01 03:55:09,25/07/01 03:56:17,40,0
40,52,25/07/01 03:56:25,25/07/01 03:57:34,40,0
9000,2,25/07/01 07:20:50,25/07/01 07:21:03,6,0
9010,3,25/07/01 07:21:07,25/07/01 07:21:15,1,0
40,4,25/07/01 07:23:59,25/07/01 07:29:35,40,1
20,5,25/07/01 07:31:16,25/07/01 07:32:40,40,0
160,6,25/07/01 07:35:19,25/07/01 07:41:59,40,1
160,7,25/07/01 07:42:38,25/07/01 07:44:34,40,0
160,8,25/07/01 07:44:48,25/07/01 07:46:04,40,0
140,9,25/07/01 07:46:28,25/07/01 07:52:34,40,5
140,10,25/07/01 07:52:49,25/07/01 07:54:05,40,0
140,11,25/07/01 07:54:41,25/07/01 07:55:57,40,0
120,12,25/07/01 07:56:27,25/07/01 07:58:06,40,0
100,13,25/07/01 07:59:18,25/07/01 08:02:58,40,1
60,14,25/07/01 10:00:16,25/07/01 10:05:32,80,6
60,15,25/07/01 11:17:44,25/07/01 11:24:50,80,5
80,16,25/07/01 11:25:30,25/07/01 11:29:29,120,0
80,15,25/07/01 11:57:16,25/07/01 11:58:45,40,1
100,17,25/07/01 12:00:24,25/07/01 12:01:48,40,0
100,18,25/07/01 12:01:52,25/07/01 12:03:01,40,0
120,19,25/07/01 12:04:20,25/07/01 12:07:25,40,1
120,20,25/07/01 12:07:43,25/07/01 12:09:01,40,0
9000,23,25/07/01 12:09:21,25/07/01 12:09:29,3,0
140,24,25/07/01 12:12:00,25/07/01 12:14:58,40,2
140,25,25/07/01 12:15:04,25/07/01 12:16:20,40,0
160,21,25/07/01 12:17:27,25/07/01 12:24:04,40,4
160,22,25/07/01 12:24:13,25/07/01 12:29:07,40,2
40,26,25/07/01 12:31:40,25/07/01 12:39:21,40,1
40,27,25/07/01 12:40:01,25/07/01 12:43:51,40,1
20,29,25/07/01 12:45:01,25/07/01 12:46:21,40,0
